Code,Name,Market,MarketCap,EPS,P/E,Pearl Score,Volume,20-day Avg Volume,Volume Spike,Close,20-day Avg Close,Trend Arrow,Retrieved At
0068Y0,비엔케이제3호스팩,KOSDAQ,936878.7445759774,46.80081887155549,12.293266778659817,3.807028653506339,789018,107794,7.319683841401191,21768.344970083293,21588.899819595965,➡️,2025-11-22 01:07:04
488900,비츠로넥스텍,KOSDAQ,794280.2618906059,53.07449440497958,11.959337687666823,4.437912515817088,504910,42858,11.780997713379065,91464.48575892173,87402.37734823576,⬆️,2025-11-22 01:07:04
388210,씨엠티엑스,KOSDAQ,983170.1742477267,47.33849538064213,41.77201334898803,1.1332586482042037,844486,347656,2.4290850726005018,94266.28957817187,92041.31295112426,➡️,2025-11-22 01:07:04
403850,더핑크퐁컴퍼니,KOSDAQ,79527.49685112535,84.45687032202295,43.21141741250165,1.9545035867670573,656049,149932,4.37564362511005,22167.484836689517,22740.645803626074,➡️,2025-11-22 01:07:04
0015G0,그린광학,KOSDAQ,955377.6520651862,75.86743689610468,18.631846583501865,4.071922584596838,192740,873266,0.22071167319007037,14383.273825268654,14514.66671710014,➡️,2025-11-22 01:07:04
459550,알트,KOSDAQ,242883.8098739808,17.6742920882457,35.62938759650982,0.4960593846967225,519885,739009,0.7034894027001024,43355.36671902593,42563.24325493476,➡️,2025-11-22 01:07:04
061090,세나테크놀로지,KOSDAQ,849438.1862948968,43.58275148001153,25.135629926528715,1.733903292155543,346400,26942,12.857248905055304,16612.462885878245,16863.557361515028,➡️,2025-11-22 01:07:04
494120,큐리오시스,KOSDAQ,543440.8350944654,62.426437528848844,9.311977435953825,6.70388625382816,960287,47417,20.251956049518107,50006.49995527162,50903.06146685499,➡️,2025-11-22 01:07:04
469610,이노테크,KOSDAQ,181052.55084065403,79.08466285875646,32.653451596335614,2.421938845436829,60823,341227,0.17824791121452874,45107.1595760073,46542.59553604899,⬇️,2025-11-22 01:07:04
486990,노타,KOSDAQ,913458.3361857873,9.339841813696175,37.33525214854307,0.25016147678704354,952753,59290,16.06937088885141,31978.44229844617,31742.454135259126,➡️,2025-11-22 01:07:04
014950,삼익제약,KOSDAQ,371339.18680729024,94.59870527703326,30.555634322416676,3.0959496464333705,159752,936223,0.17063456035581268,42029.89374954928,42629.131929409494,➡️,2025-11-22 01:07:04
317450,명인제약,KOSPI,677788.1501817761,95.03784553756545,4.8649671728098225,19.53514631480548,663741,907121,0.7317006220779808,17450.87797223267,17076.375764873377,➡️,2025-11-22 01:07:04
0072Z0,KB제33호스팩,KOSDAQ,325996.83765323384,54.47690855661364,32.7087671574164,1.6655139673847816,507820,812021,0.6253779151031809,69882.15440360752,71788.88065082309,➡️,2025-11-22 01:07:04
0071M0,삼성스팩11호,KOSDAQ,504798.5222808543,71.20158813544576,39.95763511260102,1.7819269817845567,258746,759549,0.34065741644054565,43668.074780936775,41979.01215592005,⬆️,2025-11-22 01:07:04
488280,에스투더블유,KOSDAQ,895870.119298283,64.34764322094696,28.400607217612066,2.2657136422436444,126920,698525,0.18169714756093197,89227.51542581065,85050.49318240154,⬆️,2025-11-22 01:07:04
342870,오아,KOSDAQ,735319.7595980288,17.238192112386326,37.57530494387452,0.45876386467480884,151521,724967,0.20900399604395786,21256.301130053598,20332.39907966687,⬆️,2025-11-22 01:07:04
318060,그래피,KOSDAQ,11681.342674750658,83.9145056629502,34.08760046858039,2.461731084307235,222423,781218,0.28471310184865173,71319.12219334707,74305.21120446891,⬇️,2025-11-22 01:07:04
397810,애드포러스,KOSDAQ,724915.0851139434,82.66182219978423,20.309237593980047,4.0701588042027925,770490,225483,3.4170647011082877,94807.34161701168,94901.11765704777,➡️,2025-11-22 01:07:04
0044K0,삼성스팩10호,KOSDAQ,774821.7203677743,64.74268492139244,10.529985063301853,6.148411847897844,356381,88249,4.038357375154392,92268.61298982908,96261.0294856388,⬇️,2025-11-22 01:07:04
0010V0,제이피아이헬스케어,KOSDAQ,849871.1956143002,38.276893811750625,24.324317241693507,1.573606092677556,10309,150857,0.06833623895477174,72297.02316704014,71127.42194188897,➡️,2025-11-22 01:07:04
125490,한라캐스트,KOSDAQ,341071.60662941274,74.3706380473804,19.48211838877801,3.8173794329377957,798315,753488,1.059492652835878,37257.2051621965,37211.259754446495,➡️,2025-11-22 01:07:04
0008Z0,에스엔시스,KOSDAQ,486174.62343081064,31.816715158871915,33.362790595504606,0.9536586895449624,79552,479973,0.16574265635775345,75279.6020925637,75478.2091998091,➡️,2025-11-22 01:07:04
484590,삼양컴텍,KOSDAQ,404629.24229103135,64.32278930136123,39.51375218588274,1.627858295986938,853965,579706,1.4731001576661273,42886.25506789491,43065.56627425096,➡️,2025-11-22 01:07:04
0041B0,교보18호스팩,KOSDAQ,342749.8429648325,73.20066656387556,45.89087101873407,1.595103011533444,573045,552473,1.0372362088283047,12022.410073644527,12387.631175443172,➡️,2025-11-22 01:07:04
456160,지투지바이오,KOSDAQ,538270.2711822207,83.61697963991784,6.939546092005147,12.04934422674281,465851,735928,0.6330116533139112,58979.31427343374,61671.93982689488,⬇️,2025-11-22 01:07:04
309710,아이티켐,KOSDAQ,681779.7538584807,99.94918967154274,18.594094872400603,5.375318904062294,130593,836225,0.15616969117163443,3013.9987969593994,2971.550212707317,➡️,2025-11-22 01:07:04
0041L0,하나35호스팩,KOSDAQ,459797.01577728306,91.26002958664756,17.520064004528095,5.2088867690815075,472365,533286,0.8857629864650488,36365.75364340356,36307.88113359485,➡️,2025-11-22 01:07:04
439260,대한조선,KOSPI,700766.8133187046,75.51227114855195,19.232274215074256,3.9263308282785108,365009,654122,0.5580136427149676,1630.5588377354816,1589.5265347656366,➡️,2025-11-22 01:07:04
468530,프로티나,KOSDAQ,904221.1031618163,16.604190000367502,20.240390805930883,0.820349278804543,779557,424290,1.837321171840015,4822.530465599701,4915.28270663902,➡️,2025-11-22 01:07:04
475230,엔알비,KOSDAQ,696043.0519441011,6.621378109263006,2.3055238005263896,2.8719625916467373,342613,432024,0.7930415902820214,37377.02240086264,35908.679419463675,⬆️,2025-11-22 01:07:04
380550,뉴로핏,KOSDAQ,179683.81597833702,41.210679966297015,49.34852893809041,0.8350943959848807,731863,909824,0.8044006313308948,16351.165475866015,16804.768609784758,➡️,2025-11-22 01:07:04
484120,도우인시스,KOSDAQ,426015.43939094286,67.21502942721828,48.232401804299016,1.3935658792183,479188,359686,1.3322397869252627,72017.00226518263,75089.56671208408,⬇️,2025-11-22 01:07:04
0004Y0,디비금융제14호스팩,KOSDAQ,892016.6326293441,68.05599270522602,3.8657797252597366,17.604725965252307,793631,12144,65.35169631093544,8754.884937299768,8503.944716820526,➡️,2025-11-22 01:07:04
0041J0,엘에스스팩1호,KOSDAQ,209832.6598468072,46.56173870574722,4.58540866337351,10.154326936585733,272307,805067,0.3382414134475764,89902.67792837037,87431.33312507394,➡️,2025-11-22 01:07:04
331740,아우토크립트,KOSDAQ,265966.6595335858,89.03925266210177,19.426238625299742,4.583453049224959,948688,539339,1.758982754816544,88950.13585863503,88229.43879985766,➡️,2025-11-22 01:07:04
0030R0,대신밸류리츠,KOSPI,158924.00271179687,57.689664876510236,2.121320814112694,27.19516279325278,522866,167004,3.130859141098417,10946.098746376749,11464.78348135413,⬇️,2025-11-22 01:07:04
462310,뉴키즈온,KOSDAQ,559807.247194258,27.280085549856242,26.043405194301517,1.0474853555565506,515907,225982,2.282956164650282,67646.50202938623,68972.225971707,➡️,2025-11-22 01:07:04
234030,싸이닉솔루션,KOSDAQ,235663.61539732615,94.58499111356849,42.111092780969805,2.2460825608475274,725044,440595,1.64560197006321,96474.33943557339,100966.73599786371,⬇️,2025-11-22 01:07:04
0037T0,KB제32호스팩,KOSDAQ,380532.9558793432,54.52404582876623,13.862344591164117,3.9332484826210394,755867,935877,0.8076563480029961,88431.49413318324,89051.54088060488,➡️,2025-11-22 01:07:04
463020,뉴엔AI,KOSDAQ,523904.7174436286,35.68129033114578,7.277252683217363,4.903126479781741,639778,328049,1.9502513344043115,31492.975066336916,30775.972051855853,➡️,2025-11-22 01:07:04
388610,지에프씨생명과학,KOSDAQ,416349.5590037752,41.36235605487296,31.58577649537125,1.3095247495636027,919291,935238,0.982948725351194,68419.09807035727,69678.18145257964,➡️,2025-11-22 01:07:04
455180,케이지에이,KOSDAQ,580188.443550378,83.3541458724186,47.813609125603,1.7433142445585543,811766,873146,0.9297024781651637,3373.633307003454,3531.5051751921455,⬇️,2025-11-22 01:07:04
340450,지씨지놈,KOSDAQ,292864.1973977278,18.848044387247423,19.881129638896745,0.9480368937573785,777246,69264,11.221500346500347,19134.08232318608,18670.16728049862,➡️,2025-11-22 01:07:04
474650,링크솔루션,KOSDAQ,981995.5024096315,70.91640063523722,6.133950740909532,11.561292816107919,877194,564765,1.5532017741892645,6118.680087812071,5954.572264910842,➡️,2025-11-22 01:07:04
475430,키스트론,KOSDAQ,678692.945841716,77.80325744810783,22.323135743042528,3.485319371959508,535621,447936,1.1957534112016002,61738.16766028205,60198.52475834009,➡️,2025-11-22 01:07:04
496070,신한제16호스팩,KOSDAQ,825984.4148235375,93.95924029862867,20.14079276197497,4.665121249647136,865513,107717,8.035064103159204,9622.982711303364,9297.155991429532,⬆️,2025-11-22 01:07:04
287840,인투셀,KOSDAQ,362545.6270755118,67.16040674664114,31.596906114775045,2.1255374340349174,617698,567355,1.0887328039763464,24760.15385659889,25465.785821968027,➡️,2025-11-22 01:07:04
483650,달바글로벌,KOSPI,470438.1443122976,50.24952432422855,13.705681993296109,3.6663279031869567,166120,707725,0.23472393938323502,95559.67552725057,96118.51374095942,➡️,2025-11-22 01:07:04
489460,바이오비쥬,KOSDAQ,960464.1845275661,96.68177776264959,10.084676289060184,9.586998629547445,710583,949283,0.748547061308377,38696.62267986806,39088.36200320365,➡️,2025-11-22 01:07:04
424870,이뮨온시아,KOSDAQ,609964.0988010695,24.87413147920619,34.80800320842183,0.7146095491392012,893695,506246,1.765337405135053,48625.17127782892,49163.79394550509,➡️,2025-11-22 01:07:04
188040,바이오포트,KOSDAQ,151353.31060379872,57.94043195234707,23.67719769471163,2.4470983728487528,914466,52914,17.282118153985714,44394.77174387558,42928.354016637546,⬆️,2025-11-22 01:07:04
125020,티씨머티리얼즈,KOSDAQ,670016.418025905,93.46802753829189,4.897936084351775,19.083145620644018,440897,248830,1.7718804002732789,63495.98651047323,64743.36328114077,➡️,2025-11-22 01:07:04
376900,로킷헬스케어,KOSDAQ,679610.9509720879,53.60703830981326,26.004583988511445,2.0614457179355874,453870,309710,1.4654676955861936,32423.870940274577,31835.557133956954,➡️,2025-11-22 01:07:04
476040,오가노이드사이언스,KOSDAQ,780515.403204629,11.35313182884762,22.621879946579504,0.5018650905962503,435643,405166,1.0752210205199844,8747.917878349625,8906.31577467143,➡️,2025-11-22 01:07:04
136150,원일티엔아이,KOSDAQ,594816.7882512131,11.967085475965066,27.250031580884894,0.43915859108066607,591372,888137,0.6658567315628107,99152.65588972467,95831.39070967604,⬆️,2025-11-22 01:07:04
459510,나우로보틱스,KOSDAQ,364443.68575025257,28.56380037231835,23.673118658477776,1.2065922020835702,559212,824791,0.6780044884097911,90969.56225957036,89829.5029899139,➡️,2025-11-22 01:07:04
364950,에이아이코리아,KOSDAQ,148508.43522495186,60.075915659536236,47.79572305813342,1.2569307840884958,49892,551174,0.09051950926567653,31578.146658224672,33024.58241790785,⬇️,2025-11-22 01:07:04
081180,쎄크,KOSDAQ,142456.6633073798,23.38634201184514,30.707829963678776,0.761575859951892,198114,798886,0.24798782304358818,80158.4736973487,81244.36493412737,➡️,2025-11-22 01:07:04
448900,한국피아이엠,KOSDAQ,119173.6170900396,28.55523870628055,41.187671466060976,0.6932957773495483,154611,931913,0.1659071179391209,84579.1438084162,87675.69627594367,⬇️,2025-11-22 01:07:04
481070,에이유브랜즈,KOSDAQ,570110.2789009536,10.201033568591782,4.166332503110321,2.448444419876794,636463,564796,1.1268900629607859,76555.82563259552,77094.97341551828,➡️,2025-11-22 01:07:04
101970,우양에이치씨,KOSDAQ,867124.4494681102,86.85905814429522,16.157269808607168,5.375849953191001,463476,151297,3.0633522145184635,34278.711995869686,35713.771872468555,⬇️,2025-11-22 01:07:04
462860,더즌,KOSDAQ,433385.88080064557,20.762426929009113,29.60058704848383,0.7014194311417409,576547,321280,1.79453125,97977.76491760784,93627.87941480437,⬆️,2025-11-22 01:07:04
444530,심플랫폼,KOSDAQ,794906.4371042515,74.7922172248126,25.064122836106716,2.98403489776506,693352,800228,0.8664430637268379,67735.00953630022,70519.22753104183,⬇️,2025-11-22 01:07:04
484810,티엑스알로보틱스,KOSDAQ,111566.53891782103,13.377507973291133,27.5669299495301,0.4852737681628985,409608,549402,0.7455524370133345,18182.551480714348,18268.58559654114,➡️,2025-11-22 01:07:04
098070,한텍,KOSDAQ,133005.61281670924,63.49505873498896,36.155708106081875,1.7561558619925974,320322,601978,0.5321157916070023,12757.940086257495,12299.224017259998,⬆️,2025-11-22 01:07:04
498390,한화플러스제5호스팩,KOSDAQ,199461.46386857494,45.362870358943916,48.67393181822739,0.931974645655325,27840,231286,0.12037045043798587,81112.60472738852,82502.19537901478,➡️,2025-11-22 01:07:04
480370,씨케이솔루션,KOSPI,61210.881844015676,61.75795290770055,45.56338183913592,1.3554295228949527,632967,706936,0.8953667658741385,43689.733380843325,43679.247426585636,➡️,2025-11-22 01:07:04
031210,서울보증보험,KOSPI,265234.4207304856,83.77435967988282,4.861234460758842,17.2331452753681,360396,10362,34.780544296467866,82154.47741783975,83360.92411790232,➡️,2025-11-22 01:07:04
460870,에스엠씨지,KOSDAQ,322614.6059616078,25.884280245214516,16.399231926963388,1.5783836926323327,457475,161875,2.826100386100386,21966.21609401716,22482.80420991925,➡️,2025-11-22 01:07:04
226590,엠디바이스,KOSDAQ,773634.5526179391,0.8844796762283694,28.872313386801736,0.030634181070945548,823629,301371,2.7329404620882567,88002.03866644348,89454.72174053517,➡️,2025-11-22 01:07:04
393970,대진첨단소재,KOSDAQ,716035.6111607392,84.18730397404347,12.320014728681173,6.833376893458919,936874,398521,2.350877369072144,24999.921564965814,24106.901517808477,⬆️,2025-11-22 01:07:04
435570,에르코스,KOSDAQ,310481.5454075144,32.61881281078923,34.37454947203096,0.9489233549760328,885335,141227,6.268879180326708,26190.8847321404,27091.950318524385,⬇️,2025-11-22 01:07:04
489500,엘케이켐,KOSDAQ,243323.8089608348,67.92403393720994,35.60323054098127,1.9078053565680129,775454,79838,9.71284350810391,54825.62378951342,55411.78548239692,➡️,2025-11-22 01:07:04
479960,위너스,KOSDAQ,834144.1860583008,89.1810496249062,33.432469124681006,2.6674981525390735,450504,995412,0.4525804390543815,98061.55442482725,100179.05237947276,➡️,2025-11-22 01:07:04
463480,모티브링크,KOSDAQ,705215.2245445083,53.173177253641455,20.928500034554332,2.540706556411068,656306,205693,3.1907065383848745,20186.551292565196,19616.04164699783,➡️,2025-11-22 01:07:04
303810,동국생명과학,KOSDAQ,222084.294018131,16.02684575705827,9.564933395050184,1.6755836235464114,176738,743180,0.2378131811943271,57066.20184338507,57385.89033442487,➡️,2025-11-22 01:07:04
475830,오름테라퓨틱,KOSDAQ,317133.64199892024,18.774873707989617,17.016346051562973,1.103343435253253,88116,451872,0.19500212449543233,44143.19284984541,45914.051906521425,⬇️,2025-11-22 01:07:04
240550,동방메디컬,KOSDAQ,255328.9916796964,84.73711976090053,17.791089370856383,4.762896638567201,584823,991326,0.5899401407811355,90619.46499874747,90993.69731189216,➡️,2025-11-22 01:07:04
212710,아이에스티이,KOSDAQ,387246.6048721839,91.86213300136806,12.548873534825553,7.320348933825245,301073,347126,0.8673305946543907,36750.355852127635,37110.37690401515,➡️,2025-11-22 01:07:04
064400,LG씨엔에스,KOSPI,12568.077792934531,60.44512315361772,34.15192657145202,1.7698891167136812,103124,169616,0.6079850957456844,34067.32497673239,34697.9050003617,➡️,2025-11-22 01:07:04
462980,아이지넷,KOSDAQ,34579.6511596824,10.457623620348011,18.7034166842284,0.559129050959249,366018,976386,0.3748701845376726,56298.66484419427,54020.805360371276,⬆️,2025-11-22 01:07:04
452450,피아이이,KOSDAQ,632542.512465915,16.478437542691584,43.660532345063835,0.37742181914908784,668954,300641,2.2250923859353846,33466.14023422729,34853.20050867807,⬇️,2025-11-22 01:07:04
482630,삼양엔씨켐,KOSDAQ,474077.5663448389,11.447174933651596,29.3441725367275,0.3901004507564213,291003,168257,1.7295149681736868,9463.382594595083,9917.026834192586,⬇️,2025-11-22 01:07:04
373160,데이원컴퍼니,KOSDAQ,467252.0282785314,63.749806098076355,5.471867172250023,11.650466667278867,40896,635811,0.06432100105219947,87728.83847828726,90431.76848755918,➡️,2025-11-22 01:07:04
450950,아스테라시스,KOSDAQ,839383.5655427926,84.79797182156904,17.677778811237367,4.796868018716518,823225,893659,0.9211847024424304,75151.92109047394,77492.03464320993,⬇️,2025-11-22 01:07:04
096250,와이즈넛,KOSDAQ,361818.61990381224,45.435681704136734,44.611022729526304,1.0184855429029342,83559,203478,0.4106537316073482,41632.35134141014,39568.41879945106,⬆️,2025-11-22 01:07:04
475460,미트박스,KOSDAQ,222775.32004222512,13.591964235623172,38.92998958847812,0.3491386558101188,755207,908047,0.831682721268833,84803.22319135685,84070.10222858326,➡️,2025-11-22 01:07:04
493790,유안타제17호스팩,KOSDAQ,790830.5560043647,96.06706209811964,45.141462941743015,2.1281335569938946,932436,818076,1.1397914130227509,22741.330987333327,22292.773712163573,➡️,2025-11-22 01:07:04
478560,블랙야크아이앤씨,KOSDAQ,523681.277192459,99.10630829006074,40.674693493940076,2.4365594372536847,500136,108157,4.624166720600608,28363.71550152634,27743.627773131433,➡️,2025-11-22 01:07:04
432980,엠에프씨,KOSDAQ,296151.8380089641,39.693569821719386,46.68515536242106,0.8502396428495232,360393,521517,0.6910474634575671,3738.934076002573,3617.13567163224,⬆️,2025-11-22 01:07:04
387570,파인메딕스,KOSDAQ,688942.7392699053,33.43672101948832,24.63094316839893,1.3575087559938446,305975,178252,1.7165305298117273,64900.48445944962,62512.21321750048,⬆️,2025-11-22 01:07:04
177900,쓰리에이로직스,KOSDAQ,723520.8442968831,0.4672829955281813,22.86220174224405,0.020439107343924387,843944,66318,12.725715492023282,94365.88923068972,98127.12585836036,⬇️,2025-11-22 01:07:04
499790,GS피앤엘,KOSPI,996146.4717452134,5.718465663865802,18.836917930579236,0.3035775642777862,810250,88957,9.108333239655114,87120.7759441031,83392.98230041206,⬆️,2025-11-22 01:07:04
487360,신한제14호스팩,KOSDAQ,331274.9162343779,22.91254845288992,25.808183394467036,0.8878016752547602,205097,460796,0.4450928393475638,32249.859322211712,31952.796580903243,➡️,2025-11-22 01:07:04
176750,듀켐바이오,KOSDAQ,619090.6300226351,50.12278300254949,2.400801133524652,20.87752388260642,686950,106417,6.455265606059182,23778.87566244329,22735.478365423518,⬆️,2025-11-22 01:07:04
487720,키움제10호스팩,KOSDAQ,974775.1413014982,10.951124274952694,38.593552043356866,0.2837552828164133,138439,104506,1.3246990603410331,31142.74122283342,32389.595693175765,⬇️,2025-11-22 01:07:04
398120,에스지헬스케어,KOSDAQ,428504.8844236167,89.93906451569855,25.938071557658148,3.467453789529865,998361,524548,1.9032786322700688,39560.33371455152,40148.218191210275,➡️,2025-11-22 01:07:04
476060,온코닉테라퓨틱스,KOSDAQ,994820.9981055997,20.503027088853038,26.66204026469899,0.7689969291659725,328152,421755,0.7780630935021517,28184.94034224482,28072.12896138489,➡️,2025-11-22 01:07:04
382150,온코크로스,KOSDAQ,564111.2445028364,2.6553224769677017,37.9844915225112,0.06990543694376024,985204,125867,7.8273415589471425,14082.681813970417,13416.405781122176,⬆️,2025-11-22 01:07:04
457600,벡트,KOSDAQ,328782.8009138529,61.00371735854856,39.74552288127919,1.534857587375768,786691,893571,0.8803900305627644,51186.36941897113,51083.582789656495,➡️,2025-11-22 01:07:04
484870,엠앤씨솔루션,KOSPI,832772.7945437779,10.79170417855312,4.5794393387332875,2.356555765959376,121721,88621,1.3735006375464054,55832.86663821781,56042.74432151763,➡️,2025-11-22 01:07:04
471820,셀로맥스사이언스,KOSDAQ,783468.3739950218,42.94261582279233,1.811140143313867,23.710266696545997,615882,876039,0.7030303445394555,77499.4068802227,78802.48115944152,➡️,2025-11-22 01:07:04
492220,KB제31호스팩,KOSDAQ,105370.8785683766,99.96695896244012,8.54230354879573,11.702576288866858,782433,689183,1.1353051366618154,48429.737841369286,46447.05830035842,⬆️,2025-11-22 01:07:04
489480,키움제11호스팩,KOSDAQ,84829.27230343198,39.75014962950273,24.60407337755758,1.6155922240810958,581987,439062,1.3255235023755187,5371.879141385286,5249.129288506274,➡️,2025-11-22 01:07:04
415640,KB발해인프라,KOSPI,382782.018888943,79.83232681453595,33.250235189289945,2.400955252197744,316961,483769,0.6551908038754033,46477.18265292542,48687.94250274794,⬇️,2025-11-22 01:07:04
489730,디비금융제13호스팩,KOSDAQ,524487.7079590405,90.93427490843004,41.90826643172939,2.169841003959599,383193,360342,1.0634147559818172,38587.15451334177,36962.37842630095,⬆️,2025-11-22 01:07:04
489210,교보17호스팩,KOSDAQ,862532.2023905878,32.31010560000265,27.343332462861362,1.1816447627181994,52878,780064,0.06778674570291668,28590.10957601005,28647.137585672685,➡️,2025-11-22 01:07:04
482690,대신밸런스제19호스팩,KOSDAQ,208400.16625652584,76.18802828369243,5.488181800593648,13.882198340341294,54875,415977,0.13191835125499726,45726.23917500228,45841.8865285797,➡️,2025-11-22 01:07:04
459100,위츠,KOSDAQ,88401.15116937557,87.37706700512393,28.17034435565427,3.101739400199624,329004,652387,0.5043080257577174,4629.087136795713,4414.0825661096505,⬆️,2025-11-22 01:07:04
389680,유디엠텍,KOSDAQ,825613.1302742983,43.25473855647832,49.6379526131018,0.8714045660509646,214627,390045,0.5502621492391904,71656.59866435922,74864.16110239731,⬇️,2025-11-22 01:07:04
474610,RF시스템즈,KOSDAQ,458502.8191457696,92.75194572604201,26.02553820291171,3.5638819456062203,817370,221645,3.687743914818742,55949.26961901739,56893.33915602974,➡️,2025-11-22 01:07:04
466410,사이냅소프트,KOSDAQ,91592.44806002718,35.96345794433503,39.81717783590806,0.9032146399864218,518515,92654,5.596250566624215,46424.60395554896,47617.823461622065,➡️,2025-11-22 01:07:04
484130,하나34호스팩,KOSDAQ,319208.81865893124,33.985237667007006,32.884410182488146,1.0334756645598917,333780,440518,0.7576988908512251,82784.87720411358,85939.17976718787,⬇️,2025-11-22 01:07:04
475660,에스켐,KOSDAQ,748140.3417847347,36.62229448456594,18.51770166240657,1.977691138577642,689294,340239,2.025911197716899,7040.819841816583,6991.721327604876,➡️,2025-11-22 01:07:04
413390,엠오티,KOSDAQ,937206.8093698559,44.133631449700516,46.30951161999083,0.9530144004077332,791226,570201,1.3876264685610864,93981.09807544599,90851.8176712687,⬆️,2025-11-22 01:07:04
487830,신한제15호스팩,KOSDAQ,965859.3957752632,59.29028849974584,44.137676410442516,1.3433033481055285,27228,115627,0.23548133221479411,27731.63620219641,28500.840157179828,➡️,2025-11-22 01:07:04
394800,쓰리빌리언,KOSDAQ,233276.88962929414,45.39524466671645,7.679228177091456,5.911433235196576,576454,684689,0.8419209305246615,14604.209722645868,14187.056377423945,➡️,2025-11-22 01:07:04
464580,닷밀,KOSDAQ,782935.8402368337,31.338805539705042,17.70511995937745,1.7700419772138605,857201,394561,2.172543662450166,5127.419083220412,5198.541862811788,➡️,2025-11-22 01:07:04
473980,노머스,KOSDAQ,494731.21869856404,70.17266295013789,34.515918585117,2.033052163368928,875264,850080,1.0296254470167514,3845.9455141979656,3754.047028196189,➡️,2025-11-22 01:07:04
163280,에어레인,KOSDAQ,506385.7402754417,20.665652511940255,3.449436363942674,5.991022976379713,317327,742500,0.42737643097643097,18611.793724957348,18538.593418546,➡️,2025-11-22 01:07:04
475960,토모큐브,KOSDAQ,921405.8717555879,18.93187676281912,21.906053570180543,0.864230369115412,36213,827026,0.043787015160345624,39700.62247020024,39333.45011005718,➡️,2025-11-22 01:07:04
475560,더본코리아,KOSPI,997457.228356612,83.96657604037122,29.572603239001612,2.83933664418263,955196,67242,14.205347848071145,10106.404628616556,10037.699152622139,➡️,2025-11-22 01:07:04
376270,에이치이엠파마,KOSDAQ,350571.1472964873,69.85070036591867,33.06029059050836,2.112827779740474,367784,549394,0.6694357783303058,11483.311511102325,11470.096049280777,➡️,2025-11-22 01:07:04
475580,에이럭스,KOSDAQ,872795.2928732465,44.925937934670884,24.34710669088041,1.8452269711168021,300173,365097,0.822173285455646,9488.393658446694,9873.730021209632,⬇️,2025-11-22 01:07:04
336680,탑런토탈솔루션,KOSDAQ,585824.9199213072,14.644097662514165,2.525648825819406,5.798152741113216,113058,450037,0.2512193441872557,62601.48131683322,62996.82985154169,➡️,2025-11-22 01:07:04
458650,성우,KOSDAQ,51064.29045722332,79.04952485319991,34.64637088975563,2.2816105359125385,641054,154365,4.152845528455285,48914.02062188815,46867.64658889518,⬆️,2025-11-22 01:07:04
488060,유진스팩11호,KOSDAQ,883481.4724550438,64.23945576041633,29.4437482281917,2.181768953550165,944112,946458,0.9975212846211876,8564.466350786444,8980.422096833128,⬇️,2025-11-22 01:07:04
466100,클로봇,KOSDAQ,691143.1760363042,21.351414957421017,18.18432130287034,1.1741661732544706,884666,303520,2.91468766473379,92195.71906987757,92918.79057581544,➡️,2025-11-22 01:07:04
044990,에이치엔에스하이텍,KOSDAQ,997912.4090487297,46.65397930256609,36.69235373238482,1.2714905029760766,342824,492508,0.6960780332502213,22990.530452383246,23156.27525912392,➡️,2025-11-22 01:07:04
289930,웨이비스,KOSDAQ,608578.5951245944,44.87548260629532,8.33538777130802,5.383730647872821,943882,617769,1.5278882559662268,5985.7758155029105,5853.798966348264,➡️,2025-11-22 01:07:04
475400,씨메스,KOSDAQ,841903.5802125968,91.67000647167202,23.847648171609407,3.843985193508727,844366,502837,1.679204195395327,42265.34944911632,41989.76077595293,➡️,2025-11-22 01:07:04
457370,한켐,KOSDAQ,335910.07249664696,76.59692055098729,46.93296931036888,1.6320493179208408,736510,694299,1.060796573234298,86983.91468835816,83785.80971921587,⬆️,2025-11-22 01:07:04
474170,루미르,KOSDAQ,96022.6892255768,48.17258612691418,40.24468801211039,1.1969924108348944,151547,494917,0.306206899338677,80329.94736280653,84333.00824444028,⬇️,2025-11-22 01:07:04
209640,와이제이링크,KOSDAQ,607888.9471281787,21.787134824584836,24.84477097025693,0.8769303951591035,956709,120923,7.911720681756159,82020.11645791055,84064.24579447471,➡️,2025-11-22 01:07:04
465480,인스피언,KOSDAQ,751297.4611791248,73.86670677880063,17.619746181142464,4.1922684935073855,429867,558372,0.769857729255765,42372.89920579497,42018.03294571481,➡️,2025-11-22 01:07:04
308430,셀비온,KOSDAQ,675119.8445459262,29.273962153674894,24.336586750682784,1.20287871317261,864870,950084,0.9103089832056955,54442.121175475026,52391.61479685402,⬆️,2025-11-22 01:07:04
381620,제닉스로보틱스,KOSDAQ,649795.109757693,42.90557917748472,45.28394230007871,0.9474788854107816,557157,267906,2.079673467559517,72899.81633422527,71428.91554033481,➡️,2025-11-22 01:07:04
351870,차이커뮤니케이션,KOSDAQ,339325.5950721826,26.635758728784406,22.687587378400327,1.1740234113276817,584079,428688,1.3624804053297503,65238.0687040971,65094.27251697961,➡️,2025-11-22 01:07:04
489790,한화비전,KOSPI,22003.857058042104,3.858611439991781,14.801641454933165,0.26068807650422876,176574,26558,6.64861811883425,1905.996369429221,1851.310609247346,➡️,2025-11-22 01:07:04
486630,KB제30호스팩,KOSDAQ,41722.12602695356,81.18623157968466,36.56036311902701,2.220607911233604,118050,29558,3.9938426145206036,98089.59363107238,99841.54783132584,➡️,2025-11-22 01:07:04
464500,아이언디바이스,KOSDAQ,215266.1413633976,4.42247596318649,9.924454702469367,0.4456140005441413,777143,534480,1.4540169884747791,91991.65138945892,94039.036478572,➡️,2025-11-22 01:07:04
482680,미래에셋비전스팩7호,KOSDAQ,907255.8018614245,27.2375795176212,12.25111449156898,2.2232736079942494,232390,162232,1.432454756151684,8388.01861576097,8245.91106757734,➡️,2025-11-22 01:07:04
469750,아이비젼웍스,KOSDAQ,672782.1577424782,44.222054663664444,19.67629959402528,2.247478213692807,747885,744433,1.0046370862119223,74148.68240942723,74603.28782484993,➡️,2025-11-22 01:07:04
461300,아이스크림미디어,KOSDAQ,583947.3619797002,21.045235081117436,18.924500825032624,1.1120628900963974,925862,85700,10.803523920653442,44477.40574174072,45991.677334119304,⬇️,2025-11-22 01:07:04
456070,이엔셀,KOSDAQ,628605.1161144609,51.240737391076394,44.38777601433623,1.1543884824174748,473084,110323,4.288172004024546,46409.47573980943,48197.18497426752,⬇️,2025-11-22 01:07:04
476080,M83,KOSDAQ,178206.638977922,64.22212094777608,25.990644626555802,2.470970684665415,978969,398979,2.45368553232125,14938.923951963452,14396.110310499156,⬆️,2025-11-22 01:07:04
478780,대신밸런스제18호스팩,KOSDAQ,844410.3132315075,58.47255173752424,22.04158192917077,2.6528291810189524,524444,680961,0.7701527693950168,78149.27788632005,78297.48402056469,➡️,2025-11-22 01:07:04
464280,티디에스팜,KOSDAQ,164015.6461580355,17.955877290303256,9.5438421614064,1.8814097076032574,386152,285809,1.3510841156156734,63226.89757316571,62331.89777890248,➡️,2025-11-22 01:07:04
389650,넥스트바이오메디컬,KOSDAQ,760631.3515918795,84.99736223744621,32.365215491681525,2.6261948498162218,280343,891148,0.3145863537818634,36628.64565717548,37649.52097985711,➡️,2025-11-22 01:07:04
431190,케이쓰리아이,KOSDAQ,782733.1076574317,95.57590876623344,19.38845367068593,4.92952715000361,497187,791593,0.6280841290915913,69678.68997242748,68266.12497180214,➡️,2025-11-22 01:07:04
079900,전진건설로봇,KOSPI,1592.9743928565144,10.148172741559126,30.40842600127932,0.333728971737379,39975,67704,0.5904377880184332,37922.79830493283,37450.9239359982,➡️,2025-11-22 01:07:04
088340,유라클,KOSDAQ,284486.4667807586,94.65876808045164,9.45480269931976,10.01171268092797,59496,139135,0.42761346893305063,90093.68906736988,85944.63536913467,⬆️,2025-11-22 01:07:04
482520,교보16호스팩,KOSDAQ,178539.09296629077,21.51342322958889,44.68774918501444,0.4814165766219255,25904,548244,0.04724903510115934,98192.14675145275,102306.06175298555,⬇️,2025-11-22 01:07:04
199480,뱅크웨어글로벌,KOSDAQ,57285.016748095906,93.72778682717906,39.280525565603774,2.3861133596759294,147289,184353,0.7989509256697749,12108.60725719444,12117.070003511608,➡️,2025-11-22 01:07:04
460470,아이빔테크놀로지,KOSDAQ,897073.4803374342,27.283519137279345,19.020817605416486,1.4344030684311868,724943,562781,1.288144056036007,27556.683027720945,27183.32913035602,➡️,2025-11-22 01:07:04
460940,피앤에스로보틱스,KOSDAQ,351642.24624488485,17.85670068047039,23.279103835654023,0.7670699356184519,266923,461095,0.5788893828820525,17160.924341575323,17038.254721540146,➡️,2025-11-22 01:07:04
487570,HS효성,KOSPI,257990.93146530932,44.72049713009199,22.086592149067098,2.0247803204887322,299834,978870,0.30630625108543524,6465.237543559445,6787.922040657933,⬇️,2025-11-22 01:07:04
062040,산일전기,KOSPI,656916.8568507695,66.03371693108429,21.074025285202186,3.1334173722118486,650992,693928,0.9381261456519985,74634.16849949647,75967.13766977556,➡️,2025-11-22 01:07:04
481890,엔에이치스팩31호,KOSDAQ,191259.4138948215,30.57730530872801,3.105840533707127,9.845098283984008,197238,49396,3.992995384241639,32274.59377471292,33822.939484740076,⬇️,2025-11-22 01:07:04
473950,SK증권제13호스팩,KOSDAQ,473165.8183881686,6.256487149290935,31.34344217852586,0.19961072283175726,177726,369361,0.48117153678921165,9357.2062865287,9770.780420363028,⬇️,2025-11-22 01:07:04
373110,엑셀세라퓨틱스,KOSDAQ,982863.983788357,12.745012977440016,18.542918005621242,0.6873251002661175,774586,465298,1.6647094979991317,51190.52413797946,50271.049282255415,➡️,2025-11-22 01:07:04
478110,이베스트스팩6호,KOSDAQ,414881.68050289917,78.31187317726464,43.181165921755564,1.8135655095364043,876309,977988,0.8960324666560326,47000.8995115254,46833.22816298997,➡️,2025-11-22 01:07:04
462870,시프트업,KOSPI,671402.1879575707,29.604611800168875,7.629373706115494,3.8803462696339857,22408,475714,0.04710393219455387,26650.7266459481,26907.79106265693,➡️,2025-11-22 01:07:04
450330,하스,KOSDAQ,502466.1232085607,74.40240054327676,28.99495287096296,2.5660466107460778,370065,875466,0.4227063072694999,44072.35058245218,44933.59762291791,➡️,2025-11-22 01:07:04
462350,이노스페이스,KOSDAQ,903760.3320534154,61.52332414020401,32.91158642821556,1.8693515207598506,351596,696236,0.5049954325832046,69601.72895486729,69529.67961135137,➡️,2025-11-22 01:07:04
481850,신한글로벌액티브리츠,KOSPI,852223.3153849274,94.01373767828764,35.08284142944439,2.679764062650399,330142,619205,0.5331707592800445,9982.505875955518,9844.131781639526,➡️,2025-11-22 01:07:04
295310,에이치브이엠,KOSDAQ,63024.42062412748,12.9121768145498,32.295067089814914,0.3998188571226715,189337,513779,0.36851837073916993,89151.84145944485,89728.81301293433,➡️,2025-11-22 01:07:04
160190,하이젠알앤엠,KOSDAQ,198112.31671996246,40.41866136935987,37.223952661710456,1.0858240052227333,942901,508038,1.8559654986438023,33810.14689767597,33856.06390022756,➡️,2025-11-22 01:07:04
479880,한국제15호스팩,KOSDAQ,154289.7466740744,78.20274983040912,12.825406820483678,6.097486880923743,245234,321920,0.761785536779324,46720.40962107706,45620.1422710075,➡️,2025-11-22 01:07:04
464080,에스오에스랩,KOSDAQ,143401.53168604992,97.24396535383863,29.396787712025382,3.307979303944795,69754,496518,0.14048634691995054,9032.107707115596,8684.802691035075,⬆️,2025-11-22 01:07:04
478440,미래에셋비전스팩6호,KOSDAQ,740302.887270446,20.693997653154167,2.824391336177431,7.326887527265148,44268,230441,0.19210123198562756,7874.194328354697,8174.073235810613,⬇️,2025-11-22 01:07:04
477340,에이치엠씨제7호스팩,KOSDAQ,771701.2560684866,10.490989577788206,11.882024163882091,0.882929493585594,666228,906774,0.7347233158427569,17637.550540428078,18164.25911917873,➡️,2025-11-22 01:07:04
034230,파라다이스,KOSPI,239130.36820321853,38.33924573614669,39.697436009797926,0.9657864484417579,452241,466726,0.968964660207488,78369.75419274905,78038.199139807,➡️,2025-11-22 01:07:04
107640,한중엔시에스,KOSDAQ,41909.10732147453,51.014646383745685,11.700294272238848,4.360116523290149,926877,52074,17.79922802166148,66116.55652190166,67568.67750986831,➡️,2025-11-22 01:07:04
478390,KB제29호스팩,KOSDAQ,653920.6929456718,39.96376748416427,48.94013122707397,0.8165848043753524,751439,281812,2.666454941592267,12625.117433182526,12271.445146647193,➡️,2025-11-22 01:07:04
477470,미래에셋비전스팩5호,KOSDAQ,264758.55809313664,86.76140501615349,35.804333695793446,2.423209596729539,576412,860215,0.670078991879937,10976.718456273433,10749.860270815658,➡️,2025-11-22 01:07:04
458870,씨어스테크놀로지,KOSDAQ,728463.328164958,92.51396158527224,35.468916204165566,2.6083109236477644,979040,541372,1.8084422541247054,70734.86087205041,70485.64558643839,➡️,2025-11-22 01:07:04
477760,디비금융스팩12호,KOSDAQ,20797.42764670338,19.39996626706491,12.965212657245546,1.4963091450893662,542939,168512,3.2219604538549182,71093.44044862864,74358.95402271478,⬇️,2025-11-22 01:07:04
462510,라메디텍,KOSDAQ,565975.2758983067,64.99779240278069,41.448546041212865,1.5681561504751573,936102,219050,4.273462679753481,50369.81879537764,52221.12013500769,⬇️,2025-11-22 01:07:04
453450,그리드위즈,KOSDAQ,518989.1891077694,84.80810680177241,28.671403699063497,2.9579335456304334,602001,26878,22.397537019123448,41134.51180193521,42034.74759106521,➡️,2025-11-22 01:07:04
323350,다원넥스뷰,KOSDAQ,694643.3702270986,68.91868239816887,1.8555592684824103,37.14173056543474,418204,557064,0.7507288211049359,35394.19203516789,35782.601533602014,➡️,2025-11-22 01:07:04
477380,미래에셋비전스팩4호,KOSDAQ,417360.05212701904,71.52318224753861,45.59781768705376,1.5685659067812283,675690,553965,1.2197340987246488,97498.31867850789,92696.51261994407,⬆️,2025-11-22 01:07:04
145170,노브랜드,KOSDAQ,603950.2604285929,35.65840737803359,10.920549653060334,3.265257565862613,615634,624572,0.9856894001011893,82697.65515716924,84684.86865965005,➡️,2025-11-22 01:07:04
456010,아이씨티케이,KOSDAQ,997616.0784855015,2.2688538824703057,16.243474209415197,0.1396778702154254,247948,955531,0.25948713333214724,86383.41217533355,90670.99615564135,⬇️,2025-11-22 01:07:04
443060,HD현대마린솔루션,KOSPI,660427.0095856107,85.88620766054618,35.318172180705446,2.431785179060495,105592,489399,0.215758511970805,13548.8989269521,14123.200092695884,⬇️,2025-11-22 01:07:04
473000,SK증권제12호스팩,KOSDAQ,87400.26295845778,22.669968788510396,42.59550364685516,0.5322150660891206,942243,478132,1.9706754620063078,75444.13752228257,76270.78868318409,➡️,2025-11-22 01:07:04
126730,코칩,KOSDAQ,534956.9525879524,63.02570155564207,40.955681229999335,1.5388756739682021,159840,201217,0.7943662811790256,23137.33666431758,22666.784392479596,➡️,2025-11-22 01:07:04
452200,민테크,KOSDAQ,150421.65395621947,77.70270835484256,26.41023102522739,2.942144212241837,362540,862683,0.4202470664195307,62783.828535405875,63379.357635557535,➡️,2025-11-22 01:07:04
140430,카티스,KOSDAQ,933580.3187222872,35.55912869137022,19.390537708683684,1.8338392274416269,301322,116268,2.591615921835759,71582.85634654401,74731.32697681407,⬇️,2025-11-22 01:07:04
347850,디앤디파마텍,KOSDAQ,198163.517519967,42.51442292819214,44.52465086229422,0.954851348743434,262927,688497,0.38188546936297474,48823.89269514428,50708.03557405539,⬇️,2025-11-22 01:07:04
474490,유안타제16호스팩,KOSDAQ,64371.20416376804,22.59398272053524,11.258394965938521,2.0068564647884304,783589,575027,1.3626994906326138,49465.697131018715,51822.447804869764,⬇️,2025-11-22 01:07:04
412540,제일엠앤에스,KOSDAQ,855658.4535964861,81.88972716140258,32.04059750691516,2.5558114870900495,775802,350398,2.2140594409785446,63571.57351870753,66391.65697229104,⬇️,2025-11-22 01:07:04
451250,삐아,KOSDAQ,420141.4449904053,48.140045081071804,9.776341768647136,4.924136882720037,643874,914397,0.7041514790621579,31678.918316445983,30541.732399427114,⬆️,2025-11-22 01:07:04
475250,하나33호스팩,KOSDAQ,274752.5386876622,37.0707181437222,48.120229149578115,0.7703770077339129,675630,912275,0.740599051820997,13614.577498926878,13220.678966239875,➡️,2025-11-22 01:07:04
474930,신한제13호스팩,KOSDAQ,855264.5441318229,20.192206307732526,22.814513797348166,0.8850596811788976,434199,256722,1.6913197933951902,84986.42317862279,86326.77198095249,➡️,2025-11-22 01:07:04
474660,신한제12호스팩,KOSDAQ,461431.92887423636,64.0065242651139,37.48919174615375,1.7073327346856104,388943,844216,0.46071503027661165,58040.44615344096,58622.22429036502,➡️,2025-11-22 01:07:04
461030,아이엠비디엑스,KOSDAQ,211740.73359810442,66.28794521655577,40.51193550067006,1.6362571769857646,170776,397414,0.42971812769555173,2673.24859875573,2557.4279749438883,⬆️,2025-11-22 01:07:04
475150,SK이터닉스,KOSPI,443699.4096961538,75.48096575343554,36.15718625575469,2.0875785305728036,232060,933400,0.2486179558602957,17931.042209886127,17767.746179127924,➡️,2025-11-22 01:07:04
475240,하나32호스팩,KOSDAQ,775858.4867759807,35.49571149469994,46.508207720500735,0.7632139193154394,14390,372267,0.03865505134755431,87439.71492970163,88511.73231843684,➡️,2025-11-22 01:07:04
455900,엔젤로보틱스,KOSDAQ,265812.1084925489,38.07309064319416,33.6591941950474,1.1311349410972003,652140,530726,1.2287696476147767,29175.363060227664,29553.06817193889,➡️,2025-11-22 01:07:04
420570,제이투케이바이오,KOSDAQ,55037.16920758474,49.754165888285065,12.091967274873507,4.114646091680358,836580,473062,1.7684362726238845,48697.07983792382,49508.48914706845,➡️,2025-11-22 01:07:04
437730,삼현,KOSDAQ,732408.467039502,17.36178937587129,2.2918783996594243,7.575353639377757,388483,493803,0.7867165651079479,71995.3271898827,75131.05187906076,⬇️,2025-11-22 01:07:04
036220,오상헬스케어,KOSDAQ,105491.13985392422,46.58450536295394,49.981743934803674,0.932030411418195,907019,456304,1.9877515866615239,53260.91999606827,52876.88838544528,➡️,2025-11-22 01:07:04
199430,케이엔알시스템,KOSDAQ,512382.2250632257,56.61629445109784,32.60498108047622,1.736430832803014,713988,586724,1.2169060750881164,66852.02452333983,70135.71500837042,⬇️,2025-11-22 01:07:04
473370,비엔케이제2호스팩,KOSDAQ,49321.98169850296,62.622478397952484,33.07189333996141,1.8935256519554786,89854,976844,0.09198398106555397,46327.57738953875,47808.07180546615,⬇️,2025-11-22 01:07:04
469900,하나31호스팩,KOSDAQ,880720.3950285634,65.99644990358067,27.16263294136141,2.429677934611625,205938,658694,0.31264593270927016,96196.86614052327,96304.77414516394,➡️,2025-11-22 01:07:04
472230,SK증권제11호스팩,KOSDAQ,221961.97124617256,61.880733686050924,44.54587184363986,1.38914631423666,169167,76067,2.2239210169981725,7377.805372268335,7208.987756394456,➡️,2025-11-22 01:07:04
473050,유안타제15호스팩,KOSDAQ,922835.4982865077,1.930051859075057,18.074993718565583,0.1067802229492683,391962,696475,0.562779712121756,24822.269579688324,25500.800020332295,➡️,2025-11-22 01:07:04
468760,유진스팩10호,KOSDAQ,397674.89022474823,16.517857595906094,35.39051091226511,0.4667312556423588,918015,857220,1.070921117099461,50034.67702553237,48606.61079578475,➡️,2025-11-22 01:07:04
278470,에이피알,KOSPI,319847.474481923,93.4889374558449,17.01422360476357,5.494751898621473,544289,836553,0.6506330142860046,56513.21425711619,54627.36642265386,⬆️,2025-11-22 01:07:04
418620,E8,KOSDAQ,543949.0699905549,53.771787576141655,45.551829515220355,1.180452863219791,709221,862784,0.8220145482530969,93446.19677302061,95587.48590830942,➡️,2025-11-22 01:07:04
360350,코셈,KOSDAQ,642773.7211802388,38.582557889231,37.58480172992005,1.026546798529914,140445,845008,0.16620552704826463,79898.48144340116,82374.22677278011,⬇️,2025-11-22 01:07:04
068100,케이웨더,KOSDAQ,628104.4604008971,45.14315860618641,5.879189097144899,7.678466853210966,202646,85454,2.371404498326585,62420.27344454778,61930.443224130395,➡️,2025-11-22 01:07:04
452430,사피엔반도체,KOSDAQ,730815.9518320783,62.05609882208534,45.20709762428537,1.3727069881333998,555716,742281,0.7486598740908093,37661.3778808342,37880.07270866677,➡️,2025-11-22 01:07:04
443670,에스피소프트,KOSDAQ,661513.140000382,10.194620360075877,10.167074337398388,1.0027093362124997,627180,447699,1.400896584535592,53681.25817930901,54583.16091997881,➡️,2025-11-22 01:07:04
415380,스튜디오삼익,KOSDAQ,952109.657417776,76.25479250454282,46.58211651038907,1.6369971615080208,887097,969817,0.914705557852667,12613.369517434374,12486.526424418982,➡️,2025-11-22 01:07:04
472220,신영스팩10호,KOSDAQ,596835.3157467813,61.75272542479515,30.73433451514365,2.0092423147918783,374440,13390,27.964152352501866,59167.091390000714,60196.03494874299,➡️,2025-11-22 01:07:04
472850,폰드그룹,KOSDAQ,555242.3375702535,94.96887537310995,45.75458284815239,2.075614495017626,303163,267894,1.1316528179055896,77247.38197497535,74536.47365717623,⬆️,2025-11-22 01:07:04
469480,IBKS제24호스팩,KOSDAQ,106297.83839528868,85.79352267526353,19.226711030274387,4.462204822248226,296322,43404,6.827066629803705,84343.82698704702,88510.75900981291,⬇️,2025-11-22 01:07:04
199550,레이저옵텍,KOSDAQ,172913.25603539412,8.594311211332139,39.23380456332876,0.2190537294811605,465159,655151,0.7100027321945628,34719.20437234478,33570.41995762445,⬆️,2025-11-22 01:07:04
452400,이닉스,KOSDAQ,534544.1537147253,71.7924472562704,14.502934369382597,4.950201485282366,743068,139119,5.341240233181664,71362.14416435364,72764.33853382032,➡️,2025-11-22 01:07:04
066970,엘앤에프,KOSPI,755851.1119725478,32.764182182475075,19.03723879517844,1.721057477661795,566434,464348,1.2198480450007323,79247.0584193095,75535.9123527316,⬆️,2025-11-22 01:07:04
105760,포스뱅크,KOSDAQ,649795.2506317586,46.38372803893687,29.928448096560714,1.5498206886399548,117165,50119,2.3377361878728626,5006.303865535945,4797.26195644555,⬆️,2025-11-22 01:07:04
460930,현대힘스,KOSDAQ,881369.2268318464,87.5283639662652,15.240863301687224,5.743005644344009,523947,730708,0.7170401856829267,34020.72476601113,32990.237559186906,⬆️,2025-11-22 01:07:04
440290,HB인베스트먼트,KOSDAQ,556407.8562811556,37.76955267886605,15.877438070180263,2.3788190835271976,630487,421592,1.4954909011556197,98325.88865188333,94134.27449706006,⬆️,2025-11-22 01:07:04
362990,드림인사이트,KOSDAQ,421174.6907389725,75.84433839204704,13.218731939189894,5.737641003762962,961783,34805,27.63347220226979,1022.2121127391113,1036.4019079260765,➡️,2025-11-22 01:07:04
471050,대신밸런스제17호스팩,KOSDAQ,207591.5879987926,79.45390212356376,43.490331143976015,1.826932562562683,312286,579838,0.5385745673791645,45227.92882035339,46323.24257908791,➡️,2025-11-22 01:07:04
457550,우진엔텍,KOSDAQ,682223.8244008586,67.36825290817232,7.244336503934064,9.299437273736213,386852,983914,0.3931766394217381,27670.52010776512,28095.465269923192,➡️,2025-11-22 01:07:04
452190,한빛레이저,KOSDAQ,355920.54295105237,84.26749366448338,7.851581911486834,10.732549773339352,103781,775369,0.1338472391854717,27682.91616412322,27358.125689442586,➡️,2025-11-22 01:07:04
022100,포스코DX,KOSPI,467286.4485829095,91.88715227184186,37.03436328224478,2.4811322276976986,306173,502815,0.6089177928263875,63792.73150672761,65496.351825909696,➡️,2025-11-22 01:07:04
017860,DS단석,KOSPI,220385.57645272525,49.30181853379546,27.063056232736344,1.8217387611292177,173464,461952,0.3755022166805209,78419.5910731593,77873.14276280263,➡️,2025-11-22 01:07:04
467930,IBKS제23호스팩,KOSDAQ,39708.0908174214,59.403028356087205,4.0143264346907745,14.797757313092813,170529,943541,0.18073300471309672,62844.3183446547,61506.16318433677,➡️,2025-11-22 01:07:04
469880,하나30호스팩,KOSDAQ,731838.6383230503,4.654731097911453,27.76292753167897,0.16765995202055542,570144,787616,0.72388575143217,12257.398385554287,12017.021323225252,➡️,2025-11-22 01:07:04
109670,씨싸이트,KOSDAQ,212159.96560740317,88.11516301446393,38.11926460420474,2.3115651345683204,860278,325768,2.6407688907443334,94706.72863860664,96753.85445488527,➡️,2025-11-22 01:07:04
439580,블루엠텍,KOSDAQ,350850.8804976543,55.57338935059809,40.4855628247375,1.3726717741624583,560363,268497,2.087036354223697,81159.46420487645,82088.25213415585,➡️,2025-11-22 01:07:04
417200,LS머트리얼즈,KOSDAQ,562255.606308269,36.97944234315694,35.963763572882236,1.0282417263759502,211794,18830,11.247689856611789,52427.09102070717,50317.44349737633,⬆️,2025-11-22 01:07:04
432470,케이엔에스,KOSDAQ,36973.239884588445,80.77382466783651,33.625055815614594,2.4021915416517245,418516,114758,3.6469440039038674,77560.7576634584,77650.49511377205,➡️,2025-11-22 01:07:04
465320,교보15호스팩,KOSDAQ,350185.71396148345,43.47657186283989,45.32985331210982,0.9591156530662139,150267,493478,0.30450597595029566,52292.15757670622,52637.44101236518,➡️,2025-11-22 01:07:04
338840,와이바이오로직스,KOSDAQ,62669.448777420934,4.1686153751927355,37.51925299112034,0.11110603337916454,138482,873982,0.15844948751804958,6219.007308361531,6303.417016971648,➡️,2025-11-22 01:07:04
355690,에이텀,KOSDAQ,972384.4410407522,42.33696683758639,21.871664815278226,1.9356993258241748,660763,171368,3.855813220671304,40881.39327700541,42443.50005794656,⬇️,2025-11-22 01:07:04
466910,엔에이치스팩30호,KOSDAQ,687966.7347495828,75.35385861430855,28.95781017394981,2.602194646682787,428848,212569,2.017453156386867,68076.83937184566,66652.94136153627,➡️,2025-11-22 01:07:04
453860,에이에스텍,KOSDAQ,50359.036859607484,91.2279722178169,19.63656844497931,4.645820499311433,807598,935673,0.8631199147565443,42310.61622505484,41873.49841574895,➡️,2025-11-22 01:07:04
402490,그린리소스,KOSDAQ,644450.766096018,55.31357289784711,15.963118988465995,3.4650855473678686,854380,797606,1.0711805076692,22980.036874946738,22141.093952960135,⬆️,2025-11-22 01:07:04
452160,제이엔비,KOSDAQ,560521.0866587404,53.85512637220044,7.578582945706324,7.106226422277567,211833,471465,0.44930800801756227,65711.3434571077,68561.82455373924,⬇️,2025-11-22 01:07:04
452280,한선엔지니어링,KOSDAQ,153375.39113871308,62.634346962438755,21.937668666351335,2.8551049756034117,109130,53390,2.0440157332833864,79050.18945618394,76948.30736576587,➡️,2025-11-22 01:07:04
111380,동인기연,KOSPI,741072.8317109995,56.60633977124224,42.23579764763789,1.3402455481838889,169647,976237,0.17377644977602774,20205.518349553317,20607.208188641056,➡️,2025-11-22 01:07:04
448280,에코아이,KOSDAQ,685431.6541148195,45.965175526454736,13.231243062352696,3.473987690335839,174079,971813,0.17912808328351237,93004.71484151336,95424.1583754792,➡️,2025-11-22 01:07:04
352090,스톰테크,KOSDAQ,825715.0827356057,30.13679966872193,47.046645406856804,0.6405727636497893,885837,354150,2.5013045319779756,61403.52282429949,63228.55164515764,➡️,2025-11-22 01:07:04
450080,에코프로머티,KOSPI,787856.8966131296,52.88944075278777,2.6151408947580617,20.224317878551936,936855,786193,1.1916348784585973,6670.70823756645,6901.298360247271,⬇️,2025-11-22 01:07:04
452300,캡스톤파트너스,KOSDAQ,412408.1638917169,11.887945332967785,3.3444984360223327,3.554477767107679,675392,316042,2.13703241974168,57732.83321101866,59511.774013954,➡️,2025-11-22 01:07:04
365330,에스와이스틸텍,KOSDAQ,776918.6214162624,7.0813922085762675,6.663984953894567,1.0626362840807075,880987,523902,1.6815873961160674,15716.621871993246,16437.793761928322,⬇️,2025-11-22 01:07:04
445090,에이직랜드,KOSDAQ,802789.7064826086,22.94785813540727,3.9132502132474944,5.864142818601803,484949,585627,0.8280851121959882,1571.739718501667,1615.8605037831308,➡️,2025-11-22 01:07:04
464440,한국제13호스팩,KOSDAQ,448388.1389566045,0.7031597323744427,18.27915491627006,0.03846784687778802,538790,763658,0.7055383430802794,32352.590366129185,31469.470618672505,➡️,2025-11-22 01:07:04
446540,메가터치,KOSDAQ,684680.6617044699,26.318655252958088,36.292553729870484,0.7251805824646776,282226,496971,0.5678922915019187,7419.505087947211,7155.728396636169,⬆️,2025-11-22 01:07:04
413640,비아이매트릭스,KOSDAQ,648503.6424689251,89.45414669550497,10.361730895641744,8.633127765664167,214683,699504,0.30690746586152473,52203.273294758415,52759.62866776119,➡️,2025-11-22 01:07:04
451760,컨텍,KOSDAQ,138114.08115346738,61.24688885083382,35.37867623887984,1.7311809078804872,776186,361520,2.147007081212658,65378.562922007346,63342.180985607185,⬆️,2025-11-22 01:07:04
372320,큐로셀,KOSDAQ,940246.3335365851,83.31469451865189,39.021415409420214,2.135101806136401,96605,726287,0.1330121563514148,50148.32284516135,48612.26342054676,⬆️,2025-11-22 01:07:04
088280,쏘닉스,KOSDAQ,631318.5506949271,48.93171739044583,27.091253575804394,1.8061813660091197,659590,862255,0.7649593217783602,66751.06578722424,67173.30232248339,➡️,2025-11-22 01:07:04
464680,KB제27호스팩,KOSDAQ,379363.5032161469,56.00474084979459,25.15861694338608,2.2260659628397264,148187,478814,0.3094876089671563,31791.383832109117,30831.931136148756,⬆️,2025-11-22 01:07:04
188260,세니젠,KOSDAQ,723413.0482779114,21.835127311456688,49.301374777948475,0.4428908404644145,425153,499541,0.8510872981396922,97567.58857315387,101851.92445939881,⬇️,2025-11-22 01:07:04
290560,신시웨이,KOSDAQ,938489.6180353586,0.6649408674887827,19.95979124987224,0.033314019127982555,989873,745764,1.327327411889016,83218.0851388614,87299.48165143588,⬇️,2025-11-22 01:07:04
240600,유진테크놀로지,KOSDAQ,70543.18670133881,38.61424783238479,4.886971149099812,7.901468343945022,710913,320087,2.220999290817809,50097.8774827409,49537.21159333323,➡️,2025-11-22 01:07:04
221800,유투바이오,KOSDAQ,150593.89599459388,53.34686777895297,42.15823442490484,1.2653961558560545,66384,295260,0.22483235114814062,52186.834369819895,51042.00561591367,➡️,2025-11-22 01:07:04
432720,퀄리타스반도체,KOSDAQ,372580.8514011438,5.228172621137182,9.573112780490042,0.5461308919071938,644381,10580,60.90557655954631,26521.921951806016,26835.16945850947,➡️,2025-11-22 01:07:04
396470,워트,KOSDAQ,129395.01427417711,44.64115196433734,48.05951464388547,0.9288723012523589,277723,479130,0.5796401811616889,72774.6407784136,71657.36984871369,➡️,2025-11-22 01:07:04
246250,에스엘에스바이오,KOSDAQ,452127.8196230466,43.893403259517726,10.551846358574608,4.159784152263477,333683,981278,0.34004940495965463,78060.19402220643,74193.94268876342,⬆️,2025-11-22 01:07:04
416180,신성에스티,KOSDAQ,502152.8801365811,68.68644316519021,42.81980271416276,1.6040812617399565,407003,563242,0.7226076890572791,39355.24216462092,39519.071200759034,➡️,2025-11-22 01:07:04
445180,퓨릿,KOSDAQ,89279.03121939734,17.107677223772875,14.989268114534594,1.1413283886211982,290844,580945,0.5006394753375965,42928.70342564008,41821.91630149777,➡️,2025-11-22 01:07:04
462020,에이치엠씨제6호스팩,KOSDAQ,480887.38207437185,20.82771724991573,17.900791977544042,1.1635081439996298,711490,339679,2.0945951913424143,90346.76517766008,88575.99293946032,➡️,2025-11-22 01:07:04
451220,아이엠티,KOSDAQ,943642.1617761077,80.68222021969176,16.154689898410872,4.994352768580747,538202,70383,7.64676129178921,73084.79162001143,75804.59285309797,⬇️,2025-11-22 01:07:04
443250,레뷰코퍼레이션,KOSDAQ,585345.0375278941,42.474242171224404,43.81851842189022,0.9693217320192583,438017,431594,1.0148820419190256,99812.19373397641,97786.68367116012,➡️,2025-11-22 01:07:04
454910,두산로보틱스,KOSPI,446165.4299469983,76.84228180999919,24.18552384971418,3.177201465119694,836045,438328,1.907350203500575,41415.1152424121,40561.800166395326,➡️,2025-11-22 01:07:04
452980,신한제11호스팩,KOSDAQ,486954.1549798169,57.3904621826688,31.98931314759812,1.794051091934054,428330,768731,0.5571910069972461,39221.76418781027,39398.87835604294,➡️,2025-11-22 01:07:04
430690,한싹,KOSDAQ,427262.1645933526,61.73545926176396,32.76089104491472,1.884425523625884,537560,58463,9.194875391273113,98339.95009618481,98161.19639800952,➡️,2025-11-22 01:07:04
418470,KT밀리의서재,KOSDAQ,721803.9695914384,76.45500737537932,25.65565723600461,2.9800447781195007,624928,475675,1.3137709570610185,19221.02218617859,18490.67092274089,⬆️,2025-11-22 01:07:04
450520,인스웨이브,KOSDAQ,785890.281582524,75.45800150686578,13.943827692899818,5.411570134740614,779710,107718,7.238437401362818,41196.349132050316,41474.46888238691,➡️,2025-11-22 01:07:04
403490,우듬지팜,KOSDAQ,451717.39389395807,75.47601430998412,34.403162245042445,2.193868510469858,476010,827306,0.5753735618984994,80747.53558522953,79963.0347610146,➡️,2025-11-22 01:07:04
384470,코어라인소프트,KOSDAQ,672948.5236296683,15.829761038784028,12.170115950473118,1.3007074955739135,948135,285294,3.323361164272645,97073.26379028098,96542.68490023301,➡️,2025-11-22 01:07:04
465770,STX그린로지스,KOSPI,600290.3965452212,42.584236492663216,12.090221775075303,3.5222047440397746,374313,879996,0.42535761526188753,73522.36565150943,70990.31168694205,⬆️,2025-11-22 01:07:04
452670,상상인제4호스팩,KOSDAQ,447099.8491455094,95.31899510715007,49.98861148886436,1.9068142176420257,234832,307997,0.76244898489271,30989.067489858488,30543.516540159253,➡️,2025-11-22 01:07:04
146060,율촌,KOSDAQ,886921.812503158,69.08766439845397,30.67974522056163,2.2518982443228137,719035,435052,1.6527564521022775,91801.16264468599,91521.95508985409,➡️,2025-11-22 01:07:04
455310,한화플러스제4호스팩,KOSDAQ,240340.6882546043,24.496098927719135,24.022167236584547,1.0197289314684652,799342,342538,2.3335863466243163,54713.36876083494,52684.712259423315,⬆️,2025-11-22 01:07:04
457630,대신밸런스제16호스팩,KOSDAQ,322751.85553680675,54.2928565504403,1.078317778998882,50.349588597942045,80696,128395,0.6284979944701896,77534.7040237735,78701.0794287894,➡️,2025-11-22 01:07:04
444920,유안타제11호스팩,KOSDAQ,160889.84018203933,97.96494478793673,18.569380593941528,5.2756172610247924,86170,508815,0.16935428397354638,1115.7445158092585,1074.0510733785193,⬆️,2025-11-22 01:07:04
355390,크라우드웍스,KOSDAQ,258205.9076851012,36.319800721584826,29.238477609636227,1.242191922797471,91530,544266,0.16817144557991864,19930.349902522405,19851.08106670451,➡️,2025-11-22 01:07:04
458610,한국제12호스팩,KOSDAQ,902415.2485865218,65.00414740236339,28.65573984615365,2.268451198655359,635876,147397,4.3140362422573055,55958.79357021665,54081.36071453607,⬆️,2025-11-22 01:07:04
418250,시큐레터,KOSDAQ,414209.79593988426,34.31403297008424,10.743330866237251,3.193984565617535,527433,239010,2.206740303752981,82709.5364380117,84812.75124400512,➡️,2025-11-22 01:07:04
424960,스마트레이더시스템,KOSDAQ,584664.1253259178,7.444301324474565,13.824344448322714,0.5384921760523531,494574,813504,0.6079552159546849,27211.19360395145,28530.974227007137,⬇️,2025-11-22 01:07:04
092790,넥스틸,KOSPI,971639.5456041086,39.08944520969283,40.735233163414755,0.9595979247959714,256875,303155,0.847338820075539,30434.79429647075,29889.614190946384,➡️,2025-11-22 01:07:04
210120,캔버스엔,KOSDAQ,405866.9909831915,72.6092092781297,7.578338091461881,9.58115201536531,652527,999754,0.6526875611400405,71253.9552381486,72192.80038849483,➡️,2025-11-22 01:07:04
457940,SK증권제10호스팩,KOSDAQ,434729.5507553237,79.57694016139412,42.54580362780079,1.8703828198322245,421835,839382,0.5025542601580687,57729.2600780622,58568.035312070795,➡️,2025-11-22 01:07:04
448710,코츠테크놀로지,KOSDAQ,565202.220768839,87.48832451292368,30.144420784110352,2.902305708227119,336246,586804,0.5730124539028364,49500.97851498775,47592.208386584454,⬆️,2025-11-22 01:07:04
445680,큐리옥스바이오시스템즈,KOSDAQ,760759.7363120967,66.39987006300356,35.78582269684734,1.8554797698937142,653731,693209,0.9430503643201401,53281.725536564576,55010.86820171519,⬇️,2025-11-22 01:07:04
030190,NICE평가정보,KOSPI,724714.7570117214,3.5420836039399384,15.573549129552529,0.2274422852796248,187205,296087,0.6322634901228356,81688.59382830221,84098.29406037189,➡️,2025-11-22 01:07:04
440110,파두,KOSDAQ,527485.6537178088,66.4716935267608,46.10031750152862,1.4418923150487346,13580,462391,0.029369083740816756,78825.99700613372,75202.03567841904,⬆️,2025-11-22 01:07:04
373170,엠아이큐브솔루션,KOSDAQ,639850.746804003,69.17192613233577,33.675602924493404,2.054066449453966,748879,109691,6.827169047597342,20346.280275376543,20175.301469835045,➡️,2025-11-22 01:07:04
429270,시지트로닉스,KOSDAQ,723446.1353065199,22.916343838770597,45.420817388330526,0.5045339374420471,725987,83824,8.660848921549913,44303.613886925916,43277.77365959256,➡️,2025-11-22 01:07:04
462520,조선내화,KOSPI,343840.8472926444,33.680374973609794,30.810752319288277,1.0931370524349404,880377,603017,1.4599538653139132,92237.14722528568,95986.68942960021,⬇️,2025-11-22 01:07:04
172670,에이엘티,KOSDAQ,56231.45550894448,54.019591389855755,36.800689055699266,1.46789619368526,385167,425775,0.9046256825788268,27352.178856599294,26098.484000358418,⬆️,2025-11-22 01:07:04
450940,유안타제14호스팩,KOSDAQ,708389.5598377928,48.69517260300363,15.597746854223733,3.12193633209385,400428,22680,17.655555555555555,29735.434620563577,30705.889728053382,⬇️,2025-11-22 01:07:04
388870,파로스아이바이오,KOSDAQ,65453.9332857235,94.27625862084412,47.04613953567167,2.0039106194751914,424387,550133,0.7714261823958933,9051.635741485803,9071.682297271673,➡️,2025-11-22 01:07:04
438700,버넥트,KOSDAQ,390295.6297180638,53.861075338831476,39.492738558063564,1.363822244427114,538287,229712,2.343312495646723,6305.4610726489045,6201.488666135516,➡️,2025-11-22 01:07:04
406820,뷰티스킨,KOSDAQ,486093.1565341827,53.796323984042786,45.78338084619093,1.1750185982282808,85104,162486,0.523762047191758,54215.62764218126,54147.30358964712,➡️,2025-11-22 01:07:04
455910,SK증권제9호스팩,KOSDAQ,989215.9584660238,47.35364035247484,3.9949024614001973,11.853516026991452,701779,523800,1.3397842688048873,11734.303576268196,11203.351982796215,⬆️,2025-11-22 01:07:04
432430,와이랩,KOSDAQ,271643.64299118577,16.059393989865665,2.50923948468586,6.400104130306317,362221,950469,0.38109712152632014,38702.560968509075,40344.05651552875,⬇️,2025-11-22 01:07:04
321370,센서뷰,KOSDAQ,630376.6274956579,67.37539665004842,29.427143721854556,2.289566302692536,956409,246554,3.879105591472862,55638.521950324146,58060.955258444024,⬇️,2025-11-22 01:07:04
378340,필에너지,KOSDAQ,757799.2131030308,93.70846852757151,31.382485340459773,2.986011704011159,863601,532327,1.622312976798096,25830.00460236022,26821.656686025566,⬇️,2025-11-22 01:07:04
456490,교보14호스팩,KOSDAQ,188153.10804783914,33.87458413334612,48.25372808847004,0.7020096783245285,912410,45602,20.008113679224596,9682.214980443481,9681.667180718146,➡️,2025-11-22 01:07:04
274400,이노시뮬레이션,KOSDAQ,517224.5493167515,21.685780399113103,17.817360051992747,1.2171152368157763,18796,447392,0.04201237393605608,32130.61282739507,33354.430039982166,⬇️,2025-11-22 01:07:04
354320,알멕,KOSDAQ,78224.5144926207,25.041503004664328,5.908061166113949,4.238531440448082,742700,789616,0.9405837774310551,85477.50586876014,85074.97282877265,➡️,2025-11-22 01:07:04
440320,오픈놀,KOSDAQ,216164.11414059447,7.237307649132112,38.17984618858689,0.18955832387024024,65661,906758,0.07241292605083165,75366.95150154745,77898.47036728788,⬇️,2025-11-22 01:07:04
232830,아이티센피엔에스,KOSDAQ,94843.30867782344,90.41841525437229,36.01030359005582,2.510903998025198,646157,666888,0.968913820611557,14179.01966909681,14235.747909591617,➡️,2025-11-22 01:07:04
454640,하나29호스팩,KOSDAQ,883792.9141090683,2.7613774973376066,27.720353994727375,0.09961552070593478,25602,359189,0.07127723844549805,67936.0774332017,69041.54210121346,➡️,2025-11-22 01:07:04
455250,KB제25호스팩,KOSDAQ,568271.6743964155,77.48658798959191,41.940081542114726,1.8475545382948924,804219,701756,1.1460094391782898,23579.623966487972,23804.37145627827,➡️,2025-11-22 01:07:04
451700,엔에이치스팩29호,KOSDAQ,810139.5465126933,47.82289010403093,38.9822167503643,1.2267873428102063,487048,148568,3.2782833450002693,43044.17239643746,43041.63879883336,➡️,2025-11-22 01:07:04
450050,하이제8호스팩,KOSDAQ,354865.58687792614,33.84082960230775,11.169603952327575,3.02972511350824,977028,749870,1.30292984117247,41738.0023699303,40548.86215844386,➡️,2025-11-22 01:07:04
090460,비에이치,KOSPI,820741.9164547388,40.371597552568765,32.83354216330052,1.2295839831041397,493722,730131,0.6762101595467115,52072.17940613514,51970.040265462,➡️,2025-11-22 01:07:04
460850,동국씨엠,KOSPI,184679.6424549537,23.122779493230706,30.318081155593955,0.7626729203132417,243777,907171,0.26872221444468575,46701.19933594955,45390.15088314319,➡️,2025-11-22 01:07:04
460860,동국제강,KOSPI,656295.7277218604,56.20328757862285,11.12632817811205,5.051377838125173,194035,792957,0.24469801010647488,59297.939875806915,59043.36034329392,➡️,2025-11-22 01:07:04
303360,프로티아,KOSDAQ,8553.524121635002,72.08500133415366,20.237081753348072,3.562025504108454,721984,290472,2.4855545457049217,38255.52478415933,39718.75309273631,⬇️,2025-11-22 01:07:04
348080,큐라티스,KOSDAQ,528636.6932522076,27.28725259267719,31.209738770438335,0.8743185194014985,505800,613042,0.8250658193076494,79723.61885066098,76325.27373002091,⬆️,2025-11-22 01:07:04
439090,마녀공장,KOSDAQ,379377.7814968693,81.33778579020317,15.941287956285429,5.102334642799851,428298,144319,2.9677173483740877,18124.169749529487,18827.3186559881,⬇️,2025-11-22 01:07:04
405920,나라셀라,KOSDAQ,721399.6367880102,61.18517866899371,31.718163510561677,1.9290265228823842,672377,703958,0.9551379485707954,48204.79427301287,49029.298620024034,➡️,2025-11-22 01:07:04
285800,진영,KOSDAQ,432003.33590246347,17.431617623335274,33.319961380894725,0.5231583981766065,427469,724409,0.590093441688328,39452.80033174045,39753.60706835747,➡️,2025-11-22 01:07:04
457190,이수스페셜티케미컬,KOSPI,935293.539577661,64.89551538776685,1.7758826380958717,36.54268249243588,872464,49685,17.55990741672537,77670.5118304841,75499.48762829546,➡️,2025-11-22 01:07:04
456040,OCI,KOSPI,455540.34150552755,68.94745031871116,25.39195236489927,2.715326861357109,805807,81391,9.900443537983316,57539.91791466272,59570.58341091752,⬇️,2025-11-22 01:07:04
420770,기가비스,KOSDAQ,529815.0320208025,67.52976526590294,14.374902854810845,4.697754548184844,857264,12222,70.14105711012928,74272.43912456797,77240.39147140706,⬇️,2025-11-22 01:07:04
271830,팸텍,KOSDAQ,783699.7522573523,95.31211285350055,24.63810446098718,3.868483998207777,696883,537988,1.2953504539134701,77200.59251991751,77164.24708384386,➡️,2025-11-22 01:07:04
434480,모니터랩,KOSDAQ,840905.0140814297,93.4299849949127,3.6471939980442514,25.616949645402194,893568,209747,4.2602182629548935,33153.69708181897,31861.37804014012,⬆️,2025-11-22 01:07:04
340810,시선AI,KOSDAQ,636632.921203218,60.8329331638842,4.334998284557665,14.032977447900299,766848,68931,11.124863994429212,82086.93083865265,83726.54590171242,➡️,2025-11-22 01:07:04
446840,지슨,KOSDAQ,138373.77097233693,50.07586321854689,17.22011881901377,2.9079859288343073,784336,670621,1.1695667150298008,92547.29376684713,90667.90844060677,➡️,2025-11-22 01:07:04
417790,트루엔,KOSDAQ,264966.5024879983,24.66092534007141,37.01009201089883,0.6663297495399146,363692,645110,0.563767419509851,89854.6269987044,87017.26587376629,⬆️,2025-11-22 01:07:04
304360,에스바이오메딕스,KOSDAQ,110713.61624166777,3.2342030209691237,46.35754995476264,0.06976647868848063,240191,423137,0.5676435764303287,36319.07269744051,37242.73039469958,➡️,2025-11-22 01:07:04
298830,슈어소프트테크,KOSDAQ,726272.179158639,15.162921128147303,46.135652741496585,0.3286595122671594,336869,463404,0.7269445235690671,57892.47198198966,58852.61931588304,➡️,2025-11-22 01:07:04
393210,토마토시스템,KOSDAQ,443616.4760207044,93.26348337012205,44.74852545023676,2.084168862141324,569683,115099,4.949504339742309,94435.94087228269,96304.28877963113,➡️,2025-11-22 01:07:04
424980,마이크로투나노,KOSDAQ,40578.77199982487,83.2892078432829,14.066295862810602,5.921189818244075,814805,162530,5.013259090629422,15930.06611530164,16474.75440957993,⬇️,2025-11-22 01:07:04
318160,셀바이오휴먼텍,KOSDAQ,40271.36276680805,39.161878321336616,43.58618657319185,0.8984928804352786,57370,253085,0.2266827350494893,74780.37773794628,72501.4820750762,⬆️,2025-11-22 01:07:04
100090,SK오션플랜트,KOSPI,352733.8300511997,93.27128869094354,2.6615763179431857,35.04362736553869,761235,415282,1.8330556104044962,24567.074614039644,24452.197887408925,➡️,2025-11-22 01:07:04
448730,삼성FN리츠,KOSPI,337010.98164506414,83.0773080468195,42.18326288435513,1.9694376955754906,89068,16228,5.4885383288143945,26145.961117995612,25855.605274798832,➡️,2025-11-22 01:07:04
453340,현대그린푸드,KOSPI,187039.1249732216,93.76490520427696,32.12217391742058,2.91900870237883,272356,170721,1.595328049859127,27044.047630409124,25692.496404532212,⬆️,2025-11-22 01:07:04
448830,미래에셋비전스팩3호,KOSDAQ,218011.68522661875,7.315100305974282,6.226339599137103,1.174863688287749,932667,478764,1.9480725367822143,5960.292094625133,6185.8232440713355,⬇️,2025-11-22 01:07:04
448760,IBKS제22호스팩,KOSDAQ,73008.74363200745,28.59615717698271,25.18997622695853,1.135219696887957,63836,691338,0.09233688875774224,47911.788577112085,49878.45017570747,⬇️,2025-11-22 01:07:04
452260,한화갤러리아,KOSPI,579923.2735842923,5.949772581310028,5.252241537794018,1.1328063529631538,112376,475770,0.2361981629779095,33068.22964543564,31564.72644636313,⬆️,2025-11-22 01:07:04
358570,지아이이노베이션,KOSDAQ,612837.6642160934,39.95976925968737,16.64975995811155,2.40002074265458,790685,729654,1.0836437544370345,52210.43454144226,50635.95507758719,⬆️,2025-11-22 01:07:04
309960,LB인베스트먼트,KOSDAQ,884207.7167573062,81.74343740006904,38.708967483351486,2.1117441955853367,77769,395857,0.19645730655261875,50462.606584903435,51347.213764982575,➡️,2025-11-22 01:07:04
451800,한화리츠,KOSPI,873628.5046136649,47.84429505070157,48.2401644096163,0.9917937808927572,829168,737990,1.1235490995812951,66382.33502909643,68315.25251022022,➡️,2025-11-22 01:07:04
446150,유안타제12호스팩,KOSDAQ,795172.6391024436,4.0318496067548155,43.11577310423901,0.09351217237847502,134174,937087,0.14318200978137569,4171.3427434092955,4018.54584874899,⬆️,2025-11-22 01:07:04
356680,엑스게이트,KOSDAQ,573987.6983998246,21.230136848090364,30.019340037943607,0.7072153092391793,886143,20182,43.9075909226043,2923.2444817803625,2811.695259975413,⬆️,2025-11-22 01:07:04
282720,금양그린파워,KOSDAQ,575030.3881861486,46.71735450432637,34.50136895088626,1.354072488278072,491288,301522,1.6293603783471853,85512.20220096146,88568.45536984359,⬇️,2025-11-22 01:07:04
418420,라온텍,KOSDAQ,677544.2384505355,44.764170442914626,49.84509978166507,0.8980656200708539,957235,611355,1.5657596650064203,53613.71975562611,52474.42957504431,➡️,2025-11-22 01:07:04
389020,자람테크놀로지,KOSDAQ,503574.74004643265,81.59176405950419,24.039930524548478,3.3940099775324395,813627,238730,3.408147279353244,4282.828746523476,4344.072022997843,➡️,2025-11-22 01:07:04
417010,나노팀,KOSDAQ,284604.94957196387,89.29600246552009,17.665174320937457,5.054917706624778,158054,95207,1.6601090255968574,33199.11845607252,32315.652711625225,➡️,2025-11-22 01:07:04
199730,바이오인프라,KOSDAQ,511868.68807078217,64.24880978344665,23.17674225397418,2.7721242735238047,82376,210709,0.3909467559525222,53317.109541450285,54567.642270851116,➡️,2025-11-22 01:07:04
344860,이노진,KOSDAQ,272220.7281806023,58.4753067692816,46.61548588603197,1.2544180470894406,619018,368863,1.678178619162128,44916.34922123803,45795.78097318478,➡️,2025-11-22 01:07:04
127980,화인써키트,KOSDAQ,696266.7571696157,29.34494870827933,32.549016957402976,0.9015617505955149,980202,843992,1.161387785666215,85809.22000250543,82025.01586937997,⬆️,2025-11-22 01:07:04
418550,제이오,KOSDAQ,778205.5884223285,73.4817745026528,47.76761279715177,1.538317914581536,101958,348128,0.29287503447007995,22829.409512954837,23790.710761622006,⬇️,2025-11-22 01:07:04
411080,샌즈랩,KOSDAQ,477156.20031813264,41.03853289164573,40.984467301515615,1.0013191726937027,493784,636403,0.7758982908628652,10450.466083314315,10950.88663475375,⬇️,2025-11-22 01:07:04
407400,꿈비,KOSDAQ,384592.9151075529,84.03924156790512,32.46399319101737,2.5886908327456886,642054,650486,0.9870373843556971,54908.24274990426,54466.530804956354,➡️,2025-11-22 01:07:04
408900,스튜디오미르,KOSDAQ,398632.4987144455,5.230289579491523,46.17452747584065,0.11327218415452342,501431,143774,3.487633369037517,17268.895759808143,17404.192311753533,➡️,2025-11-22 01:07:04
419050,삼기에너지솔루션즈,KOSDAQ,503110.1304153762,96.74608650688869,31.51738136231808,3.06961055535399,500938,214744,2.3327217524121746,38364.59875878742,39737.57632221498,⬇️,2025-11-22 01:07:04
450140,코오롱모빌리티그룹,KOSPI,21259.07593555439,26.40992090372017,38.487757936394416,0.6861901633076599,175085,783546,0.22345210108915112,69307.93275321771,66735.79908676827,⬆️,2025-11-22 01:07:04
417860,오브젠,KOSDAQ,408075.2827232114,58.61388498377027,30.483221485350466,1.9228244958276064,728072,306637,2.3743775213036913,68786.53512947826,70724.88579649573,➡️,2025-11-22 01:07:04
254490,미래반도체,KOSDAQ,678131.3823440992,9.33446225558756,1.0682977441346222,8.737697244834088,559904,167218,3.348347665921133,80036.79679626,78622.0289338009,➡️,2025-11-22 01:07:04
425040,티이엠씨,KOSDAQ,666192.7105340875,85.55263647545085,47.753154448850324,1.7915598972019442,857526,46956,18.26233069256325,40729.11726215814,39434.77450583059,⬆️,2025-11-22 01:07:04
198940,한주라이트메탈,KOSDAQ,288264.9898911615,44.93418155095933,24.995150851417286,1.7977159577099113,945756,837220,1.1296385657294379,91021.08409715438,92165.06758392698,➡️,2025-11-22 01:07:04
380540,옵티코어,KOSDAQ,882902.7677280316,38.66352780756452,14.602994533507287,2.647643791062796,114025,536035,0.21271931870120422,73845.5680870987,71038.06728140004,⬆️,2025-11-22 01:07:04
162300,신스틸,KOSDAQ,804223.4165252909,44.993000240353375,45.72104764415156,0.9840763184285582,184609,521269,0.35415303806671794,14986.203860636057,15418.69107452813,➡️,2025-11-22 01:07:04
377740,바이오노트,KOSPI,744059.0219986932,29.143356367358894,40.89376427602817,0.7126601545077781,267327,105886,2.5246680392119827,29550.730730631985,29938.485587730695,➡️,2025-11-22 01:07:04
417180,핑거스토리,KOSDAQ,710177.708556991,53.478945981974576,21.170696956592714,2.526083392135129,237401,664643,0.3571857373055911,18430.713102359125,17691.287058187518,⬆️,2025-11-22 01:07:04
419530,SAMG엔터,KOSDAQ,759240.7190235242,42.72048977836394,40.327523424293034,1.0593382918384073,278041,90902,3.0586895777870673,68745.81409000822,71768.94345483041,⬇️,2025-11-22 01:07:04
446070,유니드비티플러스,KOSPI,802013.3619314202,4.164440247929642,31.197901915639676,0.13348462531840918,255990,880288,0.29080255552728196,30845.142330597177,30389.660515173582,➡️,2025-11-22 01:07:04
168360,펨트론,KOSDAQ,810291.7028590648,78.63883813240031,24.581062276671904,3.199163536843186,161442,191968,0.8409839139856643,2371.6590427059145,2306.5958212562928,➡️,2025-11-22 01:07:04
389470,인벤티지랩,KOSDAQ,458175.8027415709,3.4420876880840496,25.731555350606573,0.1337691267077996,119463,642061,0.18606176048693193,54959.8084505405,56760.196468293994,⬇️,2025-11-22 01:07:04
419080,엔젯,KOSDAQ,947572.0981107389,98.48946427906866,11.456596656400968,8.596747117220117,52369,688582,0.07605339669059023,74452.84031348344,72260.82487184223,⬆️,2025-11-22 01:07:04
084440,유비온,KOSDAQ,501921.09667770704,6.2468833453793176,48.53564629171379,0.12870712193330394,363631,166896,2.178787987728885,75591.26905222048,75129.19282674976,➡️,2025-11-22 01:07:04
204610,티쓰리,KOSDAQ,626795.3511298394,45.67345200522914,2.5269975991190705,18.074196833883512,611620,517835,1.1811098129713133,54381.51165530056,54345.90711410196,➡️,2025-11-22 01:07:04
425420,티에프이,KOSDAQ,671355.8972879786,30.184445775504308,48.74908335559813,0.6191797608854538,759371,200889,3.780052665900074,62013.5588688061,61824.74888849841,➡️,2025-11-22 01:07:04
372170,윤성에프앤씨,KOSDAQ,600623.3448502576,32.43980890209334,14.712321560946446,2.2049415360934024,97021,401198,0.24182822446771918,87036.93672294432,88427.77357267363,➡️,2025-11-22 01:07:04
383930,디티앤씨알오,KOSDAQ,508331.29343295784,89.32555615274643,46.03318703449818,1.9404599574173325,78641,670883,0.11722014121687388,44063.11379380852,45085.21796147422,➡️,2025-11-22 01:07:04
348340,뉴로메카,KOSDAQ,265131.9571074672,8.826721219952521,27.182183138708726,0.3247245143964485,153077,589553,0.2596492596933609,87567.42356332546,88330.4398235891,➡️,2025-11-22 01:07:04
417500,제이아이테크,KOSDAQ,308814.85223159374,72.05991692159272,9.7679443387109,7.377183409616219,294342,380448,0.7736720918496088,81955.86711559708,84350.85365111878,➡️,2025-11-22 01:07:04
108320,LX세미콘,KOSPI,225143.99480497965,59.66839677478295,20.679757046364944,2.8853528908005894,473245,758510,0.6239139892684342,45427.83065587928,47400.827498252984,⬇️,2025-11-22 01:07:04
405100,큐알티,KOSDAQ,495466.63087768113,94.04848832251432,2.8026490515377644,33.55699789487077,470039,625998,0.750863421288886,18653.15854363677,19029.34858618699,➡️,2025-11-22 01:07:04
417840,저스템,KOSDAQ,77274.56814937072,54.1759930175981,34.71846523932663,1.5604374399658472,445228,42399,10.500908040283969,7711.26897156707,7604.720370809811,➡️,2025-11-22 01:07:04
419120,산돌,KOSDAQ,625635.6972994537,45.385946190909124,12.19457406918402,3.7218147951227336,747413,84235,8.872950673710452,17578.021181600197,17813.624731602657,➡️,2025-11-22 01:07:04
405000,플라즈맵,KOSDAQ,433104.44383761665,45.941363380894735,34.86121254402086,1.3178360713323571,937873,472108,1.9865645148991333,57339.3527981752,56757.55561312874,➡️,2025-11-22 01:07:04
291810,핀텔,KOSDAQ,696598.0673942232,4.301674032978861,28.250702171802264,0.1522678624700688,355238,611437,0.5809887200153082,2431.326327119168,2523.952960119527,⬇️,2025-11-22 01:07:04
378800,샤페론,KOSDAQ,591130.6245038564,78.49804521323581,12.760222916819774,6.151776949739985,672727,598125,1.1247264367816092,97767.20227270458,94208.7157228782,⬆️,2025-11-22 01:07:04
419540,비스토스,KOSDAQ,336957.60738202994,51.280935393816655,27.80258118048077,1.8444667083579716,543442,750476,0.724129752317196,5976.679408924612,5773.565554808105,⬆️,2025-11-22 01:07:04
360070,탑머티리얼,KOSDAQ,24265.952248241705,74.08205300165527,16.04113328288154,4.618255561825715,425354,723936,0.5875574636431949,95738.68420184514,99417.20277149066,⬇️,2025-11-22 01:07:04
389500,에스비비테크,KOSDAQ,120871.78985112705,99.84655855685075,43.97939668752737,2.270303052728493,31992,453652,0.07052101610926437,15491.37606215293,15307.204998777692,➡️,2025-11-22 01:07:04
368970,오에스피,KOSDAQ,10986.663223349162,62.7519413129413,24.633879113976256,2.5473836671277,644751,211298,3.0513824077842666,28153.339827707707,27452.045796790622,➡️,2025-11-22 01:07:04
417970,모델솔루션,KOSDAQ,571664.6405817138,0.6242031923587654,28.384417762827386,0.02199105148375565,73164,911644,0.08025501182479125,52096.67795597744,49518.62853851557,⬆️,2025-11-22 01:07:04
296640,이노룰스,KOSDAQ,74108.7214150022,55.2651837265527,29.792678451678476,1.8549921188250578,616687,222368,2.77327223341488,98499.6101439701,101899.86726728702,⬇️,2025-11-22 01:07:04
441270,파인엠텍,KOSDAQ,173265.29943463695,8.177968878271452,21.32985247465916,0.3834048495172319,503701,508661,0.9902489084085472,32744.314226063256,31559.475734773907,⬆️,2025-11-22 01:07:04
432320,KB스타리츠,KOSPI,936956.3475878816,96.1835593975271,12.795860228922148,7.51677164932811,995349,97970,10.159732571195264,42535.25150624454,41699.97995879975,➡️,2025-11-22 01:07:04
067370,선바이오,KOSDAQ,973669.8424839926,72.91072756810408,48.18494241843978,1.513143399341327,924358,860890,1.0737237045383266,55350.119362293786,56802.60375280113,➡️,2025-11-22 01:07:04
393890,더블유씨피,KOSDAQ,782972.3423217557,46.509296140762245,25.971690485442373,1.7907689207536026,779200,41441,18.802635071547503,41100.30818607063,42086.56936444265,➡️,2025-11-22 01:07:04
314140,알피바이오,KOSDAQ,900604.9250822449,31.67293604418355,1.0081905943048746,31.415623417932547,531067,952789,0.5573815398792388,25606.896909787134,24481.98797007298,⬆️,2025-11-22 01:07:04
394280,오픈엣지테크놀로지,KOSDAQ,593615.3773719445,11.570889456919247,30.129479400193258,0.38403881139894597,434870,321568,1.3523422728629715,84588.31322658547,84077.11141770876,➡️,2025-11-22 01:07:04
129920,대성하이텍,KOSDAQ,21642.819836160168,92.47567979073142,27.802983424328787,3.326106352666142,742592,486391,1.5267387760053126,79615.00591150962,76086.8359892552,⬆️,2025-11-22 01:07:04
403550,쏘카,KOSPI,3378.881539677154,45.306842881785634,34.34788094381036,1.3190578759692053,583201,40545,14.384042422000247,33600.1440268615,33745.27403306978,➡️,2025-11-22 01:07:04
148930,에이치와이티씨,KOSDAQ,535532.0564614352,70.78992209052169,42.3006801020496,1.6734937102605048,685023,734957,0.932058610231619,87241.25929727292,86401.36129964564,➡️,2025-11-22 01:07:04
107600,새빗켐,KOSDAQ,158249.51071247552,6.833844894189767,44.5122901861673,0.15352714644894774,50859,15167,3.3532669611656885,8550.565933028776,8423.62147818196,➡️,2025-11-22 01:07:04
126720,수산인더스트리,KOSPI,549596.4824914347,56.856516428496136,25.473242276651636,2.2320094085788957,116664,192981,0.6045361978640384,14668.455626727084,15159.436280058653,⬇️,2025-11-22 01:07:04
368600,아이씨에이치,KOSDAQ,797269.136141273,87.95632835428162,20.491672946517404,4.292296123593459,81440,582337,0.13985029287165335,33434.51358735123,34442.6699819907,➡️,2025-11-22 01:07:04
365340,성일하이텍,KOSDAQ,762482.5342741415,48.02075074235779,44.42961715035678,1.0808274710053893,786996,579691,1.357612935167184,36270.514726907735,35359.37596274524,➡️,2025-11-22 01:07:04
397030,에이프릴바이오,KOSDAQ,466489.3645236064,23.708016770317727,1.4041854060285783,16.883822227842764,773450,221451,3.4926462287368314,83613.18406679657,86456.06576600936,⬇️,2025-11-22 01:07:04
424760,벨로크,KOSDAQ,787186.8380825645,82.50830430660149,43.27764846688526,1.9064876958306627,892034,347816,2.564672125491639,18790.705689234095,18805.817973548867,➡️,2025-11-22 01:07:04
328130,루닛,KOSDAQ,62826.659570449905,57.57560040990142,6.465294051471069,8.905333609196175,359846,78297,4.595910443567442,86104.13623593168,84799.6088334779,➡️,2025-11-22 01:07:04
403870,HPSP,KOSDAQ,130472.02497217816,62.6180119336353,32.946791509094524,1.9005799674408488,595304,979867,0.6075355124726111,4492.613077146461,4599.576921900575,➡️,2025-11-22 01:07:04
112290,와이씨켐,KOSDAQ,915892.0915202454,18.61391211138721,20.117779870313637,0.9252468329695974,622042,692243,0.8985890792684071,74407.3996084464,73865.93386321721,➡️,2025-11-22 01:07:04
402030,코난테크놀로지,KOSDAQ,153928.91439776792,47.59922340625689,33.2518641717678,1.4314753350481502,322610,10647,30.30055414670799,81546.59333522404,82132.30319646234,➡️,2025-11-22 01:07:04
396270,넥스트칩,KOSDAQ,704817.1938717031,30.312870840942043,21.18204149375626,1.4310646520958445,851309,176343,4.8275746698196125,84630.14088726106,86319.69947589362,➡️,2025-11-22 01:07:04
412350,레이저쎌,KOSDAQ,260171.19596218847,37.26761074303592,1.0216858244561786,36.47658590435339,305885,784462,0.38992965879800423,69397.63732066596,67097.29849051309,⬆️,2025-11-22 01:07:04
310210,보로노이,KOSDAQ,663214.1240922493,23.440837596590796,35.87203439211479,0.6534571566351821,761872,424903,1.7930492371200015,21914.852819183652,21936.74088521907,➡️,2025-11-22 01:07:04
377460,위니아에이드,KOSDAQ,73395.5892529711,23.96438272783088,18.0459324166951,1.3279658913972414,254735,889108,0.28650625120907697,34517.48470802205,33104.03086894382,⬆️,2025-11-22 01:07:04
148780,비큐AI,KOSDAQ,143590.6110327896,0.22144358552196966,6.57121802680804,0.033699016623488225,467814,321161,1.4566339001310868,19480.842692772992,19116.532011154155,➡️,2025-11-22 01:07:04
382900,범한퓨얼셀,KOSDAQ,187208.5226472355,83.21522849999317,19.606044567395237,4.244365976724327,60137,991120,0.060675801113891356,76264.93273597558,78227.47394273705,➡️,2025-11-22 01:07:04
362320,청담글로벌,KOSDAQ,876929.9412093664,80.53230753920609,3.0656469547296687,26.26926998719182,576579,635450,0.9073554174207255,94267.26487918798,93846.7961131819,➡️,2025-11-22 01:07:04
357430,마스턴프리미어리츠,KOSPI,237767.02844323695,30.518359356810844,16.835499649130988,1.8127385579783573,932837,613372,1.5208340126383337,70685.36700787199,68518.49485457521,⬆️,2025-11-22 01:07:04
399720,가온칩스,KOSDAQ,951951.210005295,73.52815167163146,34.385750226374334,2.138332047070893,106948,849195,0.1259404494845118,17384.375392977643,17523.268365309596,➡️,2025-11-22 01:07:04
389260,대명에너지,KOSDAQ,111811.21278363984,9.955970531667672,33.63397294018373,0.29600935189470023,320186,458250,0.6987146753955265,93573.17321989757,88944.25333405087,⬆️,2025-11-22 01:07:04
389140,포바이포,KOSDAQ,945419.1141706292,96.19693594249246,7.688739315986745,12.511405574965432,967923,435401,2.2230610402824063,59003.197482115655,56311.09048196005,⬆️,2025-11-22 01:07:04
388050,지투파워,KOSDAQ,597349.0868715976,41.70092211437633,1.6713923161217084,24.949810832646985,458529,813897,0.5633747267774669,42984.034216054904,44158.37968042641,➡️,2025-11-22 01:07:04
413630,씨피시스템,KOSDAQ,652584.0444009624,86.39217198502953,34.702727955895114,2.4894922409220483,748823,591770,1.2653953394055122,48777.58427370387,49004.153068117455,➡️,2025-11-22 01:07:04
417310,코람코더원리츠,KOSPI,818714.3420335621,34.79878981445849,15.289563807527054,2.2759831642369703,579208,249399,2.3224150858664228,86277.45665064067,84083.70789570369,➡️,2025-11-22 01:07:04
396300,세아메카닉스,KOSDAQ,678642.050572287,85.4363877360899,32.71905465307392,2.611211987693026,15392,262092,0.05872746974344886,24398.685845285516,24097.390318564292,➡️,2025-11-22 01:07:04
366030,공구우먼,KOSDAQ,541701.8959628436,83.32304656471767,15.78603249418848,5.278276640783077,382099,206829,1.847415014335514,77050.30882538886,76114.5529548686,➡️,2025-11-22 01:07:04
388720,유일로보틱스,KOSDAQ,233685.3260081442,9.112017325943603,23.694191338736807,0.3845675590137859,72405,430751,0.1680901495295426,9375.49407783917,9728.169834757025,⬇️,2025-11-22 01:07:04
288980,모아데이타,KOSDAQ,678015.2668967074,64.6272784293542,19.79083624156248,3.2655152940749055,331052,560350,0.5907950388150264,27306.976762843486,27853.059892432935,➡️,2025-11-22 01:07:04
408920,메쎄이상,KOSDAQ,831762.6591446558,94.7157764770613,20.547411519396615,4.609620846287633,114407,296396,0.38599373810712695,92827.21381319797,97273.58320293983,⬇️,2025-11-22 01:07:04
376930,노을,KOSDAQ,747100.9056405593,46.117138415003396,49.224678842624854,0.9368702752219774,776887,880428,0.8823969705643164,61177.95493937733,59906.31757230806,➡️,2025-11-22 01:07:04
146320,비씨엔씨,KOSDAQ,611964.9951345641,70.28867803791813,15.895724843532816,4.421860514685187,322132,778009,0.4140466241393094,37596.521031733435,37116.486350771396,➡️,2025-11-22 01:07:04
371950,풍원정밀,KOSDAQ,280733.73385162535,85.89360215366919,21.672379952595072,3.9632750229346274,574272,642684,0.8935526635173741,19146.479270342297,18194.19833239637,⬆️,2025-11-22 01:07:04
330730,스톤브릿지벤처스,KOSDAQ,79023.52354541392,85.26401772167134,24.834586391655854,3.433277139268931,648227,830961,0.7800931692341758,1376.126603094951,1381.390560033728,➡️,2025-11-22 01:07:04
365900,브이씨,KOSDAQ,235758.76655783496,45.846237419284996,23.920042066757063,1.9166453508457628,521127,970511,0.5369614563874083,44468.68246835579,44264.191317934215,➡️,2025-11-22 01:07:04
370090,퓨런티어,KOSDAQ,412592.6068101294,48.265240082119156,29.06625883148646,1.6605246778383158,624835,415749,1.502914017832875,89674.92660995811,89641.73374099687,➡️,2025-11-22 01:07:04
251120,바이오에프디엔씨,KOSDAQ,876915.4278933839,9.084454786008441,42.9657762477507,0.2114346714842379,52657,510417,0.10316466732103359,14399.3054625885,14849.1224369854,⬇️,2025-11-22 01:07:04
211050,인카금융서비스,KOSDAQ,984316.6207050611,71.63889443368596,34.37111651715516,2.0842760344410074,90782,983416,0.09231291742253532,43449.25322422536,44074.99626485011,➡️,2025-11-22 01:07:04
137080,나래나노텍,KOSDAQ,611236.3617478864,73.09526155571211,25.907602682583747,2.821382682576417,658998,445028,1.4808012080138777,80970.95982835603,78254.04403776262,⬆️,2025-11-22 01:07:04
136410,아셈스,KOSDAQ,465253.15506584477,88.45856106973834,5.131489891198866,17.238377731476312,264740,362291,0.7307385499501782,20826.46733808698,20238.3190047118,➡️,2025-11-22 01:07:04
276040,스코넥,KOSDAQ,39142.239043438174,99.206845434066,18.994524727183514,5.222918017637405,106714,693814,0.1538077928666761,39610.05335768919,39931.48519579051,➡️,2025-11-22 01:07:04
377330,이지트로닉스,KOSDAQ,425120.025816232,88.47695356584265,27.915171693291413,3.16949344026802,30494,592092,0.05150213142552171,88817.53261254354,88070.30229647533,➡️,2025-11-22 01:07:04
373220,LG에너지솔루션,KOSPI,631438.1996582433,55.741463741391996,45.029508486328396,1.2378874568065938,803506,115173,6.976513592595487,25219.681409203746,25533.075247026576,➡️,2025-11-22 01:07:04
179530,애드바이오텍,KOSDAQ,405810.46632299083,13.59005552295526,27.267889957553564,0.49839043446743253,825824,908265,0.9092324376696228,39810.280736285895,38558.44783054853,⬆️,2025-11-22 01:07:04
102370,케이옥션,KOSDAQ,567286.3671884302,34.02326021750616,38.83220192745331,0.8761609831208835,342839,898523,0.38155840195520874,5511.76700458112,5612.5184968272415,➡️,2025-11-22 01:07:04
353590,오토앤,KOSDAQ,669840.975028838,65.98911034193094,11.947546310388805,5.523235367964309,128271,273080,0.4697194961183536,34376.16233448605,33470.37072343041,➡️,2025-11-22 01:07:04
200350,아티스트스튜디오,KOSDAQ,570390.0575880663,25.600791907758165,16.417103566715372,1.559397600418513,565649,741676,0.7626632114292494,67458.30909145961,65374.4312054132,⬆️,2025-11-22 01:07:04
404990,신한서부티엔디리츠,KOSPI,24374.35007943552,85.49667956802392,20.382502808835373,4.194611445409097,283824,982605,0.2888485200054956,25740.364533701846,26093.70867786899,➡️,2025-11-22 01:07:04
199800,툴젠,KOSDAQ,491926.6279984719,80.53389370102344,3.9289489066883565,20.497567062765416,416756,44312,9.405037010290666,98583.66576540745,97242.16772673475,➡️,2025-11-22 01:07:04
396690,미래에셋글로벌리츠,KOSPI,215695.06490385113,35.96611786968287,39.38865509048935,0.9131085533907229,272900,343063,0.7954807134549631,77312.5220773405,77434.23509220131,➡️,2025-11-22 01:07:04
402340,SK스퀘어,KOSPI,844649.7403835787,19.488371147106395,20.068167748085326,0.9711086428887237,672614,630243,1.0672296241291057,74207.54979242368,73495.53633918206,➡️,2025-11-22 01:07:04
377480,마음AI,KOSDAQ,506906.86589602643,66.04147321251642,5.615917502159997,11.75969433082226,234052,671767,0.3484124703952412,13352.785883412926,13224.726772954287,➡️,2025-11-22 01:07:04
361570,알비더블유,KOSDAQ,366779.3934331889,67.82633634280444,14.997477494990273,4.52251629418754,830989,588497,1.412053077585782,79011.86612632728,82188.12312400504,⬇️,2025-11-22 01:07:04
400760,NH올원리츠,KOSPI,149116.1608412377,97.98573911822798,1.007328870749487,97.27283905337019,902867,398099,2.267945912951301,96438.91828513307,96865.63990822514,➡️,2025-11-22 01:07:04
222160,NPX,KOSDAQ,274462.57444312295,5.559815633221049,8.574083291070322,0.6484443227897551,760741,379125,2.006570392350808,55813.32735672962,57284.10773855122,➡️,2025-11-22 01:07:04
290090,트윔,KOSDAQ,748291.959986815,20.59536934146817,26.9404599068093,0.764477273688361,142519,343717,0.4146405327638726,82862.32098295436,81831.4352600544,➡️,2025-11-22 01:07:04
372800,아이티아이즈,KOSDAQ,602152.511051,87.71813806072457,28.382784180020543,3.0905402903522017,885949,144070,6.149434302769487,93686.8302974011,97271.35680809863,⬇️,2025-11-22 01:07:04
311320,지오엘리먼트,KOSDAQ,202440.435578263,36.60887743354348,31.0227671254438,1.1800648628638337,190959,220573,0.865740593817013,88762.25118707931,92864.40439966974,⬇️,2025-11-22 01:07:04
357880,SKAI,KOSDAQ,109552.74821904121,27.309598939124363,24.88532041303919,1.0974180153539403,68259,577757,0.11814482559276651,1822.6239379596598,1868.9703217046465,➡️,2025-11-22 01:07:04
376300,디어유,KOSDAQ,125478.29391646924,55.477784557541355,47.613966157454826,1.1651578105063047,469131,812642,0.5772911072772512,81804.37875138507,83418.28599326398,➡️,2025-11-22 01:07:04
389030,지니너스,KOSDAQ,393359.8232042273,59.82800887225725,41.85852289865701,1.4292909718077218,217853,247046,0.8818317236466083,59153.42305017681,60502.44115429827,➡️,2025-11-22 01:07:04
377300,카카오페이,KOSPI,926326.9609912066,83.03438330889787,2.797932570330549,29.677049471956416,641607,349101,1.8378835924274064,59637.27956185437,57720.39972155527,⬆️,2025-11-22 01:07:04
376180,피코그램,KOSDAQ,758403.125117969,99.46577468690961,34.85040240566436,2.8540782263892335,654909,994574,0.6584819229137299,81428.94125725783,81847.84447724276,➡️,2025-11-22 01:07:04
348370,엔켐,KOSDAQ,597323.4854731782,24.76635482482073,20.768616728934557,1.1924893770280125,309373,654403,0.4727560845534021,11708.801698936615,11213.474912797848,⬆️,2025-11-22 01:07:04
377450,리파인,KOSDAQ,773047.5705155442,55.937539869032996,5.90188260517004,9.477914694547092,574128,290119,1.9789396764775833,52851.29488625589,55322.65911715163,⬇️,2025-11-22 01:07:04
382800,지앤비에스 에코,KOSDAQ,68028.56258715414,64.37627369003242,41.04641160152897,1.5683776285972442,647326,442648,1.4623944985631925,46061.512661068045,44599.659988393454,⬆️,2025-11-22 01:07:04
114840,아이패밀리에스씨,KOSDAQ,975121.9508756059,27.842610965036133,45.293527406027884,0.6147150058648491,43358,509490,0.08510078706157137,73496.46685071952,70770.88865854907,⬆️,2025-11-22 01:07:04
261780,차백신연구소,KOSDAQ,344158.2049055615,82.67875303561343,38.736366687709456,2.134396178716635,914254,86740,10.5401660133733,29237.597850218615,30012.406372780955,➡️,2025-11-22 01:07:04
382480,지아이텍,KOSDAQ,132886.0663266992,8.608730586581382,31.20475482937571,0.27587880865121384,77615,837930,0.09262706908691656,83779.13376302691,87173.81676658089,⬇️,2025-11-22 01:07:04
391710,코닉오토메이션,KOSDAQ,601771.868176892,44.03513636567831,9.526815977057534,4.622230183906529,785566,626962,1.2529722694517371,24201.22406994929,23734.26247247888,➡️,2025-11-22 01:07:04
381970,케이카,KOSPI,420743.258802788,26.04077141132473,26.765486254351256,0.9729235315906615,580728,106196,5.4684545557271464,15205.468812725083,15938.20163920078,⬇️,2025-11-22 01:07:04
376290,씨유테크,KOSDAQ,77620.27872919363,88.95094101357844,28.160000859870184,3.158769115676387,851276,795928,1.0695389532721553,68907.1228512862,66593.23133194912,⬆️,2025-11-22 01:07:04
159010,아스플로,KOSDAQ,996411.6321684605,94.75420565556567,42.82815587488733,2.2124278694690576,523919,47683,10.987542730113457,93237.48515016588,88604.5261662876,⬆️,2025-11-22 01:07:04
382840,원준,KOSDAQ,652817.9336250217,77.31984815286062,14.00695317235738,5.520104708099601,240935,437873,0.5502394529920777,11602.983106654665,11217.483932048097,⬆️,2025-11-22 01:07:04
257720,실리콘투,KOSDAQ,10501.132135110047,46.93771775019255,20.20324267152541,2.3232764419717085,798979,626062,1.276197884554565,80134.2067217522,78484.29158971945,➡️,2025-11-22 01:07:04
260970,에스앤디,KOSDAQ,321459.3316971791,3.404628987167357,13.576399409395647,0.2507755469252885,259042,581428,0.4455272191913702,38183.61267505516,39122.13502752535,➡️,2025-11-22 01:07:04
377220,프롬바이오,KOSDAQ,140251.733299777,59.82046469806576,42.36145257714337,1.4121438491545641,79972,495390,0.1614324067906094,94136.0502041823,98184.90613985267,⬇️,2025-11-22 01:07:04
099430,바이오플러스,KOSDAQ,295870.6808525558,7.053236064697659,29.68271631726122,0.23762097745063954,338578,919596,0.3681812448075024,55081.9483973227,52888.23570645475,⬆️,2025-11-22 01:07:04
329180,HD현대중공업,KOSPI,22452.449046167836,31.113529404780138,8.246302945286955,3.773027696316031,312689,551988,0.5664778944469807,53726.10426959855,51576.010516953844,⬆️,2025-11-22 01:07:04
395400,SK리츠,KOSPI,122021.02288226814,47.86709846569332,22.312340985815023,2.145319421934463,438908,813927,0.5392473772217902,85838.23120700558,87832.35714098034,➡️,2025-11-22 01:07:04
273640,와이엠텍,KOSDAQ,28765.030472205202,66.6570027886365,36.650106219342405,1.818739689039638,389612,128999,3.0202714749726742,33802.462589209135,34033.563918005355,➡️,2025-11-22 01:07:04
203400,에이비온,KOSDAQ,70066.39119654268,85.20874886272875,34.04098307345152,2.503122447400259,209703,894337,0.2344787255810729,4769.785308041026,4725.632220953726,➡️,2025-11-22 01:07:04
388790,라이콤,KOSDAQ,74766.03714067732,43.40947497845654,23.29110152959662,1.8637793890209515,795434,525869,1.5126086534859442,76576.70680056687,80084.17576107787,⬇️,2025-11-22 01:07:04
271940,일진하이솔루스,KOSPI,975736.7825099176,82.97096143873127,6.05901607792013,13.693801167006079,932881,732787,1.2730588834135976,8818.776524966339,8948.805481313851,➡️,2025-11-22 01:07:04
377190,디앤디플랫폼리츠,KOSPI,140512.06315875752,66.64809476437021,21.001807049388216,3.1734457233912963,537902,227185,2.367682725532055,10684.32983461369,10837.805515966073,➡️,2025-11-22 01:07:04
308080,바이젠셀,KOSDAQ,954866.9487712008,45.46814588262178,17.013876617829563,2.6724153997316393,719274,229470,3.1345012419924174,30361.407825746042,30196.052491719838,➡️,2025-11-22 01:07:04
139990,아주스틸,KOSPI,229311.7807774647,47.65465632122561,44.4003108772493,1.0732955553616144,723393,340984,2.1214866386692632,17400.751699877273,17847.95097295998,➡️,2025-11-22 01:07:04
089860,롯데렌탈,KOSPI,531881.9595813833,79.14823083832552,24.886768580745997,3.180333781845815,529449,984705,0.5376727040077993,62913.603655616935,61609.07900512383,➡️,2025-11-22 01:07:04
099390,브레인즈컴퍼니,KOSDAQ,788204.6329167746,95.16148695328191,38.250573589340085,2.4878447046295307,807799,810642,0.9964929031557703,36005.62036027087,35101.728045930446,➡️,2025-11-22 01:07:04
315640,딥노이드,KOSDAQ,701253.3711324697,48.26154753476164,28.473998536595214,1.6949339753858303,409648,393232,1.0417463482117426,70052.84310051304,70174.62019496075,➡️,2025-11-22 01:07:04
372910,한컴라이프케어,KOSPI,534424.2590650341,66.98764067582007,15.390147970179836,4.352631359075706,795384,380357,2.0911512079441157,96154.5558669179,100109.51461888682,⬇️,2025-11-22 01:07:04
058970,엠로,KOSDAQ,684044.4643371244,63.289017623379436,29.249340324517753,2.1637758978902,137169,73739,1.860196097044983,83133.3617776956,80430.71689348471,⬆️,2025-11-22 01:07:04
367000,플래티어,KOSDAQ,283000.34320209525,18.300454314095603,28.447430153161196,0.6433078213239581,69724,223020,0.3126356380593669,4658.68166659094,4531.267178074943,➡️,2025-11-22 01:07:04
376980,원티드랩,KOSDAQ,975450.9813409797,68.77455527223125,45.112791199953655,1.524502329448015,284949,309633,0.9202798151359836,73206.21524324773,76039.16585322899,⬇️,2025-11-22 01:07:04
259960,크래프톤,KOSPI,634080.8968387285,70.28939082698507,49.97536679396298,1.4064807391363863,102939,869004,0.11845630169711532,49149.38251683282,49059.91600083323,➡️,2025-11-22 01:07:04
195940,HK이노엔,KOSDAQ,309912.88343281194,63.964137623743284,22.389702502914783,2.856855182216743,482990,694025,0.6959259392673175,4248.535625478005,4395.749938213665,⬇️,2025-11-22 01:07:04
178920,PI첨단소재,KOSPI,655843.244843298,94.57498930655764,25.814384523065076,3.6636546272120167,279240,43219,6.461047224600292,43711.45685062384,44018.52555137309,➡️,2025-11-22 01:07:04
323410,카카오뱅크,KOSPI,533111.2305239763,59.17140412411508,7.370383295956644,8.02826688220899,389784,422314,0.9229720066111945,16507.437541223604,17038.485108305027,⬇️,2025-11-22 01:07:04
270660,에브리봇,KOSDAQ,449467.8625078267,82.06709932753512,29.34690293804948,2.7964483850570723,905575,561548,1.6126404154230805,31342.292206059516,30899.16448078876,➡️,2025-11-22 01:07:04
377030,비트맥스,KOSDAQ,23471.819253240614,8.095120158704772,12.244256452678528,0.6611361163489761,411031,746436,0.5506580604365278,64275.122842162324,62644.89048936451,➡️,2025-11-22 01:07:04
365270,큐라클,KOSDAQ,455556.887081626,59.55888172863862,39.835119711544024,1.495135000469918,272178,360309,0.7554016136149805,83615.58867177251,79950.00205923128,⬆️,2025-11-22 01:07:04
137310,에스디바이오센서,KOSPI,22035.023171109435,84.98306792280928,28.796173959929277,2.9511930314445842,503663,419597,1.2003493828602207,75683.73242253385,79266.96232094176,⬇️,2025-11-22 01:07:04
352910,오비고,KOSDAQ,533478.6504404834,26.196308375986703,6.091492724633148,4.300474376346619,197915,642395,0.3080892597233789,54714.569038022186,57126.89464493671,⬇️,2025-11-22 01:07:04
097520,엠씨넥스,KOSPI,285388.728576438,41.20790425854355,35.46927419805984,1.1617915841310789,812557,995293,0.8163997938295557,75619.57298734123,78403.85669244075,⬇️,2025-11-22 01:07:04
357580,아모센스,KOSDAQ,173645.42852406896,70.59543128098689,38.59747644114295,1.8290167593893714,52618,863165,0.060959376249036974,51206.99425868124,49935.01473665935,➡️,2025-11-22 01:07:04
303530,이노뎁,KOSDAQ,319843.79192876356,58.64389677759636,38.26526017210064,1.532562342810199,785302,292660,2.6833253604865717,55737.36395521006,55532.597916881605,➡️,2025-11-22 01:07:04
232680,라온테크,KOSDAQ,255880.58460108069,87.25300626253318,48.09415215947389,1.814212380191539,773219,605622,1.276735323353511,35486.76984443827,37248.742290316026,⬇️,2025-11-22 01:07:04
187660,현대ADM,KOSDAQ,291416.67128384,4.661563570489569,44.107287823374236,0.10568692387427225,22969,215269,0.10669906024555324,50309.5895916844,50211.226612076025,➡️,2025-11-22 01:07:04
383310,에코프로에이치엔,KOSDAQ,805922.1720106463,99.04072842993777,12.263637351555555,8.075966827034,25761,115312,0.2234025946995976,40994.470664923276,39975.09443968021,➡️,2025-11-22 01:07:04
383800,LX홀딩스,KOSPI,869529.9308972327,31.183848373041812,31.228024527312837,0.998585368272899,943364,756649,1.2467656733835635,36332.63334336459,37722.352881590385,⬇️,2025-11-22 01:07:04
363250,진시스템,KOSDAQ,858569.3114324119,24.66410100861413,1.4415991363757594,17.108848351991046,397197,927932,0.4280453740144752,13237.420402856473,13458.618493162008,➡️,2025-11-22 01:07:04
276730,한울앤제주,KOSDAQ,224155.20421336635,75.98573895583287,24.78692215596218,3.065557654868233,845896,470983,1.7960223617412943,88635.89775590597,92061.8068145676,⬇️,2025-11-22 01:07:04
383220,F&F,KOSPI,195157.5453923938,43.52833915744099,40.648282567450465,1.0708530941057952,25359,402628,0.06298369710998739,55890.41514588844,57273.1388284053,➡️,2025-11-22 01:07:04
361670,삼영에스앤씨,KOSDAQ,465434.04681787424,28.48858753297437,37.24689863556692,0.7648579768134233,95402,781041,0.12214723682879644,97227.35836891827,98746.35017519085,➡️,2025-11-22 01:07:04
252990,샘씨엔에스,KOSDAQ,293777.6128685686,70.29968091460933,29.763607473853202,2.361934149829329,267791,526146,0.5089670927841322,77797.87812317515,78379.30322505317,➡️,2025-11-22 01:07:04
352480,씨앤씨인터내셔널,KOSDAQ,619302.7767572128,24.209223872377095,38.411917281472626,0.630252941944505,14740,856722,0.01720511437782618,12599.338579264397,12523.305630768506,➡️,2025-11-22 01:07:04
357230,에이치피오,KOSDAQ,752383.5443845658,9.256985233574317,34.69697078751795,0.2667951992196526,456674,20089,22.732540196127236,17515.800231443045,17344.381314954426,➡️,2025-11-22 01:07:04
361610,SK아이이테크놀로지,KOSPI,588116.5022946015,32.63260708071634,20.47705359422236,1.5936182874436433,734837,323004,2.275008978216988,47809.91848182163,48859.80756028371,➡️,2025-11-22 01:07:04
294570,쿠콘,KOSDAQ,900149.7729251719,43.630192961693034,46.51335674260083,0.9380142827174812,225953,610579,0.3700634971068445,51380.446881826225,50183.73705589647,➡️,2025-11-22 01:07:04
351330,이삭엔지니어링,KOSDAQ,618149.1961296248,80.51051989263159,32.97024962199116,2.441914174617928,279748,821330,0.34060365504730133,2687.327338019306,2742.800733709738,➡️,2025-11-22 01:07:04
059270,해성에어로보틱스,KOSDAQ,317321.58257969224,93.99777381283378,26.40704815280145,3.559571417029503,641091,249717,2.5672701498095845,72287.14206661313,71198.30870303774,➡️,2025-11-22 01:07:04
333620,엔시스,KOSDAQ,39138.46191130701,62.70379413076882,17.909863390421382,3.5010760698657415,743554,417195,1.7822696820431692,97117.39570413485,92612.21401060617,⬆️,2025-11-22 01:07:04
289220,자이언트스텝,KOSDAQ,292753.8793920538,2.13812082976336,28.64535978722064,0.07464108831746025,517000,903582,0.57216721891317,33447.73423431182,34123.371636695454,➡️,2025-11-22 01:07:04
361390,제노코,KOSDAQ,793189.785085342,65.37649925941297,23.243815969466784,2.812640546857363,52319,274542,0.19056829191890495,97001.11360623078,95067.69869788487,➡️,2025-11-22 01:07:04
347700,스피어,KOSDAQ,679341.5014138971,68.13322030518226,7.746842971249802,8.794965969755586,129397,435855,0.2968808433997545,69247.31999416591,69140.1760393301,➡️,2025-11-22 01:07:04
302440,SK바이오사이언스,KOSPI,633749.7085176798,40.135377360129965,32.480300010518285,1.2356837020326996,599147,394166,1.5200372431919547,61648.97703237459,64700.64291967001,⬇️,2025-11-22 01:07:04
314930,바이오다인,KOSDAQ,389911.85044372955,6.502711254569588,27.969505664750905,0.23249289181269844,247085,582225,0.4243806088711409,41899.56073164932,41322.11899262188,➡️,2025-11-22 01:07:04
950220,네오이뮨텍,KOSDAQ,444504.3423694023,13.706124567032962,16.168031969592718,0.8477299273535657,492163,237140,2.075411149531922,76282.40976152763,79085.78421666863,⬇️,2025-11-22 01:07:04
378850,화승알앤에이,KOSPI,879271.9479961275,40.822988616037236,8.549059675872362,4.77514371916834,500521,850138,0.5887526495698345,72344.16256374137,69074.26819225775,⬆️,2025-11-22 01:07:04
356890,싸이버원,KOSDAQ,75524.33202944187,84.0622426816039,6.907644232200055,12.169451676411894,412487,783368,0.5265558460391541,22454.480068265122,22360.35008228246,➡️,2025-11-22 01:07:04
334970,프레스티지바이오로직스,KOSDAQ,426789.62372729374,59.10648312881291,25.824652837829394,2.288761963228812,115596,796416,0.1451452507232401,35911.644213184576,34864.40683187444,⬆️,2025-11-22 01:07:04
247660,나노씨엠에스,KOSDAQ,705939.1712331561,53.09880121183576,14.130760318643862,3.7576747474640975,672998,401265,1.677190883829888,22338.281980928066,22823.857474370503,➡️,2025-11-22 01:07:04
338220,뷰노,KOSDAQ,326271.24469784833,91.7895196471383,12.163751756444844,7.546152000225139,129771,975014,0.13309655040850696,64326.08154739784,64627.10211416611,➡️,2025-11-22 01:07:04
373200,엑스플러스,KOSDAQ,723438.2912802629,47.56284848224644,28.87115171822656,1.647417773507791,870611,94291,9.233235409530073,68970.0180228642,69159.99596804805,➡️,2025-11-22 01:07:04
340930,유일에너테크,KOSDAQ,327254.0810957089,23.834117196849036,6.762856280079955,3.524267884717972,837152,695195,1.2041973834679478,97307.46959576065,101044.31521754018,⬇️,2025-11-22 01:07:04
189330,씨이랩,KOSDAQ,607910.9795080769,5.701586311603091,49.53160950676238,0.11511005534404596,158785,291463,0.5447861306580938,67082.47528304334,68642.82204605521,➡️,2025-11-22 01:07:04
322310,오로스테크놀로지,KOSDAQ,810513.2837773376,9.320682745716176,34.70413636863237,0.2685755567206898,254491,833700,0.3052548878493463,92069.3725304858,88702.27303761005,⬆️,2025-11-22 01:07:04
239890,피엔에이치테크,KOSDAQ,683140.2309367327,13.378921334638706,20.48120678590761,0.6532291517042964,33880,242757,0.1395634317445017,49103.00580863095,48339.68875494518,➡️,2025-11-22 01:07:04
363260,모비데이즈,KOSDAQ,53854.965449690484,83.12795427022587,19.582509691430612,4.245010245372328,480321,913950,0.5255440669620877,85246.35658833942,86012.45237478403,➡️,2025-11-22 01:07:04
262840,아이퀘스트,KOSDAQ,117366.93193433974,48.74840500262924,47.505441730531444,1.0261646503393937,285364,504327,0.5658312959647213,1034.1948437649824,1080.459958932085,⬇️,2025-11-22 01:07:04
950210,프레스티지바이오파마,KOSPI,379670.07362774137,37.88134414011739,26.037255119531583,1.454890078320932,306291,228023,1.3432460760537315,24001.73108767982,23253.218410917703,⬆️,2025-11-22 01:07:04
277810,레인보우로보틱스,KOSDAQ,790629.7511621867,12.244465649064912,37.646991582236694,0.3252441997209234,534991,577485,0.9264154047291272,60507.74473072617,58783.24048691501,➡️,2025-11-22 01:07:04
321820,아티스트컴퍼니,KOSDAQ,438485.7019552535,59.89460720731375,49.476700017764216,1.210561884398294,940274,829111,1.1340749308596798,70719.70341131711,70798.57450989215,➡️,2025-11-22 01:07:04
248070,솔루엠,KOSPI,361881.77981540095,98.0586945193695,8.824499130641232,11.112097476318077,10971,154276,0.07111281080660634,42224.0901431641,44312.40126353064,⬇️,2025-11-22 01:07:04
163730,핑거,KOSDAQ,255086.4124629137,25.482028947929265,31.696374346815126,0.8039414435578723,686052,452346,1.5166531814142272,12697.065056576685,13141.566396013379,⬇️,2025-11-22 01:07:04
348030,모비릭스,KOSDAQ,596634.0816376646,82.81539615078695,36.134056465033005,2.2918931405038228,246667,480263,0.5136081688574802,80803.17315943223,81020.79347254497,➡️,2025-11-22 01:07:04
352700,씨앤투스,KOSDAQ,180590.6063695779,87.94693799936212,46.14491915099813,1.9058856233245736,95793,599597,0.15976230701621255,36914.664221415915,36971.02321259448,➡️,2025-11-22 01:07:04
086710,선진뷰티사이언스,KOSDAQ,498826.10891129397,43.506391344398715,39.05868888717305,1.1138722927969633,212507,77251,2.750864066484576,53191.567576523375,53735.555695534815,➡️,2025-11-22 01:07:04
375500,DL이앤씨,KOSPI,965402.434164367,52.36800180976713,12.90198769363305,4.058909607828102,913868,326733,2.796987142406797,37716.61937754316,37854.56451582411,➡️,2025-11-22 01:07:04
236810,엔비티,KOSDAQ,595527.3212173352,82.81704098965966,26.738141544642748,3.0973372196188733,304031,763105,0.3984130624226024,91924.7652707009,89760.808142952,➡️,2025-11-22 01:07:04
368770,파이버프로,KOSDAQ,492476.982735341,17.947329428688512,49.47264461370086,0.36277279229415227,586614,328647,1.7849364211448757,96311.92801038774,91914.79750788338,⬆️,2025-11-22 01:07:04
365550,ESR켄달스퀘어리츠,KOSPI,449985.4035936946,29.606941357001062,46.509263466051,0.636581600106662,216612,971192,0.22303725730854454,16447.10946744393,16842.517650936017,➡️,2025-11-22 01:07:04
369370,블리츠웨이엔터테인먼트,KOSDAQ,963982.8510061152,47.846888019599774,21.044949673414198,2.2735567802304657,602697,818488,0.7363541065965536,13634.184695112906,14233.855829705955,⬇️,2025-11-22 01:07:04
357550,석경에이티,KOSDAQ,67127.21285309653,24.946816981548324,13.0784075805665,1.9074812302544661,349064,15444,22.601916601916603,18606.11580713115,18931.745637302152,➡️,2025-11-22 01:07:04
314130,지놈앤컴퍼니,KOSDAQ,851147.6478339221,67.04110488234224,25.8021900392855,2.5982718823583513,188138,775887,0.2424811860489994,23651.65790421852,24348.930874213554,➡️,2025-11-22 01:07:04
335810,프리시젼바이오,KOSDAQ,831278.8531799237,87.3790173564404,16.196337231724577,5.394986292659228,544187,876398,0.6209359218072155,31967.252763650133,33102.839526441196,⬇️,2025-11-22 01:07:04
347860,알체라,KOSDAQ,576824.7619200812,78.22145283174858,17.24003177158115,4.537198879220776,116954,562299,0.20799254489159683,40931.869962910474,41807.17634980456,➡️,2025-11-22 01:07:04
365590,하이딥,KOSDAQ,417245.02241600177,60.56482163557994,25.95817997508029,2.333169031639423,752067,253758,2.9637174000425603,14153.840366250624,14358.813777187055,➡️,2025-11-22 01:07:04
064850,에프앤가이드,KOSDAQ,60262.36572227478,91.12856193378128,29.674652721542945,3.0709226082239733,61004,915819,0.06661141557447486,26967.570256460203,27924.039325818183,⬇️,2025-11-22 01:07:04
356860,티엘비,KOSDAQ,205035.33270780317,81.98067872172673,6.121922998485641,13.391327976847473,934875,125479,7.450449876074881,17834.069637804874,18192.626915517663,➡️,2025-11-22 01:07:04
352940,인바이오,KOSDAQ,288756.82988799864,81.68694633077635,34.69598757402982,2.354362911748319,185825,828011,0.22442334703282926,14252.689751149173,13545.986368674092,⬆️,2025-11-22 01:07:04
354200,엔젠바이오,KOSDAQ,926999.1385478942,70.57212897605135,13.427264765634987,5.255882728749777,494003,201472,2.451968511753494,9432.897897895024,9757.9075737153,⬇️,2025-11-22 01:07:04
317690,퀀타매트릭스,KOSDAQ,490586.6094053802,53.49879661089779,46.69862945662077,1.145618131268581,773956,909252,0.8512007672240479,10907.338080566315,10388.814997715963,⬆️,2025-11-22 01:07:04
009900,명신산업,KOSPI,352641.5762561813,75.43860733150393,29.729822436149956,2.5374725158053555,699640,241969,2.8914447718509395,43806.37116312144,45313.9913151467,⬇️,2025-11-22 01:07:04
352770,셀레스트라,KOSDAQ,72184.47444112708,85.21017058895707,24.58012368437082,3.4666290407292633,914496,449565,2.0341797070501486,35981.5283120636,37734.12158481204,⬇️,2025-11-22 01:07:04
318020,포인트모바일,KOSDAQ,631883.9113351146,69.22739825645486,8.901474464472885,7.777070926030485,862845,462318,1.8663452428847676,46238.26718193479,47778.65588881156,⬇️,2025-11-22 01:07:04
129890,앱코,KOSDAQ,601822.4718989561,26.152963098661335,47.69650881167208,0.5483202806713873,367349,108236,3.393963191544403,87934.05102153846,88566.00636829846,➡️,2025-11-22 01:07:04
265740,엔에프씨,KOSDAQ,453061.81041334587,14.537629565319131,30.675352704819396,0.4739189050313716,753821,407114,1.851621413166828,29293.648034965423,28210.145980121364,⬆️,2025-11-22 01:07:04
199820,제일일렉트릭,KOSDAQ,964549.3894585916,7.593730972643536,12.039312031682831,0.6307445934335585,973876,87965,11.07117603592338,40858.1832911644,42889.49647517307,⬇️,2025-11-22 01:07:04
299030,하나기술,KOSDAQ,732024.9476446467,61.50899078954894,25.674816296193516,2.3956935107133797,627582,336883,1.8629078938385137,86625.26435685511,86190.67425258548,➡️,2025-11-22 01:07:04
244920,에이플러스에셋,KOSPI,934528.3430152271,0.5503361390394087,34.98373523759981,0.01573120009346282,188528,205187,0.9188106458986193,21304.709743885363,21892.591038442803,➡️,2025-11-22 01:07:04
340570,티앤엘,KOSDAQ,851768.0369419302,10.425066036819972,27.738187569741793,0.3758380395477662,141108,579358,0.24355925006645288,99299.40070588015,103026.22520192107,⬇️,2025-11-22 01:07:04
348150,고바이오랩,KOSDAQ,955463.9457950938,20.162131385882724,39.60183909841465,0.5091210874267165,150144,21693,6.92131102198866,34181.34400143637,35359.69912963428,⬇️,2025-11-22 01:07:04
330860,네패스아크,KOSDAQ,791896.2164478783,35.43126879873847,28.686377894476767,1.2351252196799776,671558,40389,16.627249993810196,39488.30544959068,39453.22739352985,➡️,2025-11-22 01:07:04
339770,교촌에프앤비,KOSPI,89814.90727870993,76.96501748260769,44.36017094889694,1.7350027251083329,165766,591035,0.2804673158104004,98786.01620387922,98225.72556998505,➡️,2025-11-22 01:07:04
290690,소룩스,KOSDAQ,248285.83420705932,77.29408411936288,3.2309025630252215,23.92337206448881,680762,465340,1.4629346284437186,53539.33830667323,51694.37637173132,⬆️,2025-11-22 01:07:04
348350,위드텍,KOSDAQ,627474.6562783376,93.88916945531354,34.837705113886386,2.695044611818851,905186,540397,1.6750389065816427,23694.165365989113,24098.653923489917,➡️,2025-11-22 01:07:04
347000,센코,KOSDAQ,473285.24843206635,74.54648022422936,9.320288062800287,7.998302168552483,463097,536165,0.8637210560182034,76145.17235849686,72765.12323238885,⬆️,2025-11-22 01:07:04
301300,바이브컴퍼니,KOSDAQ,869162.438562653,8.802637763178787,8.696934644148502,1.0121540661572528,750902,904933,0.8297873986250915,82671.60430606213,81528.2384302748,➡️,2025-11-22 01:07:04
214610,롤링스톤,KOSDAQ,967584.7303183494,60.1930705969736,45.91794802320227,1.3108832861293829,148207,888219,0.16685862383038416,1612.0661972548874,1550.8231025998364,⬆️,2025-11-22 01:07:04
304840,피플바이오,KOSDAQ,735172.5758216479,38.70894527447743,40.86710213623993,0.947190851590901,463266,471509,0.9825178310488241,13914.432964135183,14607.572799426964,⬇️,2025-11-22 01:07:04
352820,하이브,KOSPI,578330.9753198826,32.88306295971014,1.4805127549873518,22.210590789534308,667777,461622,1.4465883341781804,99973.63141945658,104150.58798003638,⬇️,2025-11-22 01:07:04
348210,넥스틴,KOSDAQ,112236.57909958217,45.48377210903994,38.02710750943999,1.1960881352269266,38443,51809,0.7420139358026597,61663.111027969164,59377.5530144185,⬆️,2025-11-22 01:07:04
053080,케이엔솔,KOSDAQ,523245.2803600694,79.44102245978715,49.06403841918363,1.6191293056856562,591826,303371,1.950832479043811,58806.91643870562,57450.70813351896,➡️,2025-11-22 01:07:04
126340,비나텍,KOSDAQ,9403.891861918099,12.604160818440432,34.071986889575385,0.3699273793245319,574153,505677,1.1354145037247096,77165.63460139919,76714.26759215354,➡️,2025-11-22 01:07:04
359090,씨엔알리서치,KOSDAQ,770914.5455637482,50.71658180716202,12.425693669083183,4.081589580254323,659425,863908,0.7633046574403756,3748.15485223279,3713.601192075726,➡️,2025-11-22 01:07:04
323990,박셀바이오,KOSDAQ,766583.6532436713,41.26750310686042,39.36462694154129,1.0483397484788821,760454,880431,0.8637292417009397,31101.599901653135,31086.292558726775,➡️,2025-11-22 01:07:04
363280,티와이홀딩스,KOSPI,286123.1132865461,30.716307555241542,44.4578128765707,0.6909091016357456,967596,764939,1.2649322364266955,38778.174553689445,38925.284674057846,➡️,2025-11-22 01:07:04
318410,비비씨,KOSDAQ,630929.1788855965,34.38348659790517,13.106957835018449,2.6233003135205992,693389,211067,3.2851606361960894,72034.84981144282,69060.63619138261,⬆️,2025-11-22 01:07:04
355150,코스텍시스,KOSDAQ,858066.9475431301,72.11385113627102,2.8409123777697456,25.38404623126177,206981,222538,0.9300928380770924,94541.87883898795,93130.02074720323,➡️,2025-11-22 01:07:04
347770,핌스,KOSDAQ,725056.1684766642,17.858598065392115,13.84560488809849,1.2898387762562216,65429,564548,0.11589625682847163,91675.60840200647,92881.92436905457,➡️,2025-11-22 01:07:04
291650,압타머사이언스,KOSDAQ,143059.72377410304,67.96203304325111,20.069836520582285,3.3862773607325494,676022,403555,1.6751669536990001,20100.476213699516,20045.886269880284,➡️,2025-11-22 01:07:04
294090,이오플로우,KOSDAQ,410402.1001054062,90.0566689549316,45.09387224148864,1.9970932740629648,347236,848716,0.40913096960585166,17105.4198123986,16397.754978065786,⬆️,2025-11-22 01:07:04
293490,카카오게임즈,KOSDAQ,53420.39032122495,87.65555456866298,24.11596560390682,3.6347520148420953,738908,283202,2.6091199920904513,82169.20234323261,84362.30889457464,➡️,2025-11-22 01:07:04
347740,피엔케이피부임상연구센타,KOSDAQ,582384.3961851673,95.39339747980634,10.402152072914255,9.170544403806339,665158,482521,1.3785058059649218,35745.356581557724,35513.728000572104,➡️,2025-11-22 01:07:04
357120,코람코라이프인프라리츠,KOSPI,818711.9229143822,69.61905775427181,45.72587066824866,1.5225310472352407,21033,586356,0.0358706997114381,46902.207466254324,45908.13112339869,➡️,2025-11-22 01:07:04
332370,아이디피,KOSDAQ,22723.910407717976,20.796147971574324,8.05088369449054,2.583088858407649,370258,933808,0.396503349724997,57918.47195625184,56062.01698833888,⬆️,2025-11-22 01:07:04
331920,셀레믹스,KOSDAQ,142695.91038402816,91.90307239455281,38.005004418319885,2.4181834419219794,724856,270318,2.681493648221724,89881.67912838669,88087.1867189411,➡️,2025-11-22 01:07:04
950190,고스트스튜디오,KOSDAQ,194578.93536425682,13.653578114242555,1.713249239597428,7.969405617510045,847121,568927,1.4889801327762613,99808.27128434922,102334.90118920016,➡️,2025-11-22 01:07:04
337930,젝시믹스,KOSDAQ,876513.1752056538,25.591245433724023,13.705977332633374,1.86715947448653,942413,884591,1.0653658018225372,8748.827633915447,8548.947345748098,➡️,2025-11-22 01:07:04
060850,영림원소프트랩,KOSDAQ,489452.1553853467,64.2795358288021,32.50962285284662,1.977246433148751,590814,747668,0.7902090232563116,45097.724772282345,46214.14679114061,➡️,2025-11-22 01:07:04
032300,한국파마,KOSDAQ,635509.4467018765,70.32438276119392,3.8889188840360687,18.083273233050463,187120,373976,0.5003529638265557,73483.05748716269,70192.71662463639,⬆️,2025-11-22 01:07:04
348950,제이알글로벌리츠,KOSPI,872847.9017658487,85.94693621530702,27.618732692964123,3.1119073119963256,13297,444891,0.029888219811144753,1727.5328393144887,1777.8110265975076,➡️,2025-11-22 01:07:04
357780,솔브레인,KOSDAQ,21718.536995642717,78.87915181826395,43.052466427751355,1.8321633663110863,882826,911622,0.9684123463453054,11169.469666641753,11204.540526048346,➡️,2025-11-22 01:07:04
357250,미래에셋맵스리츠,KOSPI,993098.0659517429,31.16633362570825,14.172507857766046,2.1990697721596373,53665,10018,5.356857656218806,84625.30976756473,81444.58951407188,⬆️,2025-11-22 01:07:04
350520,이지스레지던스리츠,KOSPI,720255.8370165013,42.04023786944249,28.613515041088935,1.4692440900418149,659977,257708,2.5609488258028468,32399.392469702336,33355.47204501514,➡️,2025-11-22 01:07:04
332570,PS일렉트로닉스,KOSDAQ,237285.19737001092,72.2119990132472,5.667978711174326,12.740344079077508,983600,445483,2.207940594815066,85119.16052382061,81114.66252830272,⬆️,2025-11-22 01:07:04
101360,에코앤드림,KOSDAQ,518882.5878006261,10.721484916696962,35.505397316444,0.3019677493295197,816027,421025,1.9381913188052966,74956.18738756892,78702.83169781661,⬇️,2025-11-22 01:07:04
347890,엠투아이,KOSDAQ,791959.4561821414,28.29836051681464,35.15789153932237,0.8048935609567006,88694,476026,0.18632175553436156,56983.42680683127,54762.98144120821,⬆️,2025-11-22 01:07:04
298540,더네이쳐홀딩스,KOSDAQ,367365.06543914945,78.62965135717772,12.388814253847626,6.346826237447019,235967,332206,0.7103032455765399,95597.24939333541,94340.16811305462,➡️,2025-11-22 01:07:04
225220,제놀루션,KOSDAQ,897490.7434281745,99.83738853132704,47.718591755351895,2.092211543944604,462223,139529,3.312737853779501,21591.75104056463,21634.531005222863,➡️,2025-11-22 01:07:04
304100,솔트룩스,KOSDAQ,953537.5782529698,80.4126820729004,47.22279482154659,1.7028361488721138,725273,46911,15.460616912877576,56286.06678144892,54130.141644051124,⬆️,2025-11-22 01:07:04
277880,티에스아이,KOSDAQ,31382.858430299584,60.06251262781531,28.499387473243832,2.107501878214189,363013,252658,1.436776195489555,85816.70787943302,83650.62320980588,➡️,2025-11-22 01:07:04
262260,에이프로,KOSDAQ,333346.6004502355,46.216191207301435,17.86697001972115,2.586683201252874,66481,649379,0.1023762702520408,62308.81777833319,60204.99315804638,⬆️,2025-11-22 01:07:04
334890,이지스밸류플러스리츠,KOSPI,320812.8480330187,64.69372641860498,42.5938611047764,1.5188509503626648,835010,83263,10.028584125001501,28844.492430206206,27718.838244442966,⬆️,2025-11-22 01:07:04
950200,소마젠,KOSDAQ,590914.081334034,71.9819322606834,35.630265794641204,2.0202468506847198,142087,520161,0.27315965633717254,51627.45768349219,52901.234578952724,➡️,2025-11-22 01:07:04
290520,신도기연,KOSDAQ,590450.0426360092,43.668217048030705,5.79592531750884,7.534296019328255,896210,994907,0.9007977630069947,17453.862604372523,17409.689340758923,➡️,2025-11-22 01:07:04
330350,위더스제약,KOSDAQ,47987.475945161066,97.29143875111745,44.80466588831639,2.1714577449061596,336795,640732,0.525640985622694,82152.50108124253,80556.41193228462,➡️,2025-11-22 01:07:04
326030,에스케이바이오팜,KOSPI,350412.42489044485,79.00109193693575,32.76606178630034,2.4110646086239913,682442,602007,1.1336114031896638,32907.168390203544,34525.65441227753,⬇️,2025-11-22 01:07:04
169330,엠브레인,KOSDAQ,394266.87921688886,48.114835126086696,43.524711967595316,1.1054601616182729,837342,360410,2.3233040148719515,51657.560959368406,50488.77979586837,➡️,2025-11-22 01:07:04
229000,젠큐릭스,KOSDAQ,440879.70119798457,70.71443231265673,10.289476066454837,6.872500781958752,133764,435583,0.30709187456810755,50826.92617369673,52018.47746449093,➡️,2025-11-22 01:07:04
297890,HB솔루션,KOSDAQ,395345.92739444954,51.616915578222724,48.20922994558355,1.0706853363243016,427479,334985,1.2761138558442915,67112.58260812216,69759.484381596,⬇️,2025-11-22 01:07:04
351320,넥사다이내믹스,KOSDAQ,978810.0129161802,47.3102869143716,19.645131301716336,2.40824488204048,226262,465704,0.48584938072251904,51102.36050705372,50302.23437210619,➡️,2025-11-22 01:07:04
298060,에스씨엠생명과학,KOSDAQ,285839.5677272472,62.67855514175731,35.66097644773994,1.7576230766875045,477792,997677,0.4789044951422154,32811.64426471884,33970.191979545445,⬇️,2025-11-22 01:07:04
353190,휴럼,KOSDAQ,118044.76509481053,27.575631313509756,19.633267905780873,1.404535986869018,481838,729313,0.6606738122040879,31720.090108872973,30407.38962833837,⬆️,2025-11-22 01:07:04
353810,이지바이오,KOSDAQ,253591.78042919218,69.12261748826437,4.2669155037851265,16.19966868970022,456880,816829,0.5593337161143886,62703.65876907566,61749.24916376746,➡️,2025-11-22 01:07:04
223250,드림씨아이에스,KOSDAQ,402489.19854546426,26.686975792030143,26.569715174085214,1.00441331859136,426538,373996,1.1404881335629258,3013.0364658646267,2899.89307446262,⬆️,2025-11-22 01:07:04
353200,대덕전자,KOSPI,978061.4731432335,96.58003047046896,28.65977880553026,3.369880525799196,793510,514705,1.5416792143072244,63296.33502828873,65562.4309646999,⬇️,2025-11-22 01:07:04
198080,캐프,KOSDAQ,454214.2543108847,63.68387842130521,22.57475423164766,2.8210220039528253,504368,526381,0.9581804814383498,49947.340299103256,51229.73013510061,➡️,2025-11-22 01:07:04
237820,플레이디,KOSDAQ,244997.7976056943,80.60197747446888,49.76226165648174,1.6197410405274484,404898,363887,1.112702569753797,27382.865449379195,26920.113849707977,➡️,2025-11-22 01:07:04
092190,서울바이오시스,KOSDAQ,709240.8890590495,46.10414202992057,49.891140434991,0.9240947716958894,817066,227559,3.590567720898756,47809.29226566804,49193.90621972969,➡️,2025-11-22 01:07:04
204270,제이앤티씨,KOSDAQ,784476.2683057546,11.129213523664381,38.75718537157973,0.28715226394704413,971555,18717,51.90762408505637,44923.40943172264,44580.47602062993,➡️,2025-11-22 01:07:04
274090,켄코아에어로스페이스,KOSDAQ,341483.27951654984,88.99747618934605,14.636040554510094,6.080707132361797,760551,593582,1.2812905377858492,45972.83760722954,46575.53325863581,➡️,2025-11-22 01:07:04
294140,레몬,KOSDAQ,589920.2234571226,53.764027310752425,15.651777183156339,3.4350110330353147,340646,900982,0.37808302496609253,20709.89598945364,21395.403753650007,⬇️,2025-11-22 01:07:04
294630,서남,KOSDAQ,702007.0858044957,5.628659866815143,2.887079402584949,1.9496034164406832,966774,867217,1.1148005631808418,47374.511853494616,45390.879947654634,⬆️,2025-11-22 01:07:04
065370,위세아이텍,KOSDAQ,515199.036763313,60.256841493654626,47.119262750006065,1.278815456289092,224848,449565,0.5001456963954044,91442.01989040221,87418.90778059686,⬆️,2025-11-22 01:07:04
344820,케이씨씨글라스,KOSPI,840198.3322500366,2.2898067001100526,42.856598662913825,0.05342950144318262,904918,358361,2.525157592483557,11789.23587925876,11741.837545792596,➡️,2025-11-22 01:07:04
340440,세림B&G,KOSDAQ,194359.32433178762,13.095575637521415,29.636912586423676,0.4418670669332927,537467,599777,0.8961113880658979,83726.91214142529,83060.11114583556,➡️,2025-11-22 01:07:04
311690,CJ 바이오사이언스,KOSDAQ,372965.70145144,75.43132045017998,5.7462737262897035,13.126997432279481,986196,963273,1.023796992129957,85953.17965303251,87878.08236238419,➡️,2025-11-22 01:07:04
062970,한국첨단소재,KOSDAQ,746638.9788012427,31.62959373559545,10.331526264883,3.0614638074439084,287459,880814,0.3263560751759168,79985.95632004342,83328.90994516549,⬇️,2025-11-22 01:07:04
327260,RF머트리얼즈,KOSDAQ,268394.0071684643,39.16219014634602,16.717320991961373,2.342611604166565,184858,450393,0.41043710714864573,51245.568580638384,51674.416928818944,➡️,2025-11-22 01:07:04
339950,아이비김영,KOSDAQ,680043.3982618348,79.79157945101775,2.08223756527216,38.32011331549892,922202,953855,0.9668157109833255,2508.1891808614446,2499.213436953303,➡️,2025-11-22 01:07:04
288330,파라택시스코리아,KOSDAQ,46799.555320595835,41.51972164391358,12.44548012862896,3.3361285554908955,637571,320678,1.988196882854452,65318.01870197086,67121.79412246862,➡️,2025-11-22 01:07:04
340360,다보링크,KOSDAQ,320739.24326691905,69.6379795512648,20.736598495621244,3.358216130093352,946470,565025,1.67509402238839,35168.14882897733,33486.8510097991,⬆️,2025-11-22 01:07:04
235980,메드팩토,KOSDAQ,626764.1157725573,49.48698921553953,26.45447286515208,1.8706473369472312,771072,615631,1.2524905341024088,39884.61919030105,40221.598132898434,➡️,2025-11-22 01:07:04
336570,원텍,KOSDAQ,322490.2979305877,3.197168935997297,27.172451375464917,0.11766214581891377,641203,912492,0.7026943797863433,19690.714389959852,20022.844773162706,➡️,2025-11-22 01:07:04
226330,신테카바이오,KOSDAQ,972308.181971093,95.12023472515735,49.66353378771009,1.9152933243082297,967225,732167,1.321044242638633,3922.498145978213,3782.9701799336435,⬆️,2025-11-22 01:07:04
322510,제이엘케이,KOSDAQ,4269.926332630822,35.66097029251757,48.61532045690123,0.7335335848322128,425257,863947,0.4922257962583353,90977.08889641066,87583.15948645062,⬆️,2025-11-22 01:07:04
124560,태웅로직스,KOSDAQ,613467.2796212268,65.23935192197872,6.0468719899931935,10.788942122462917,202354,938231,0.21567609682476915,19555.651368538925,18959.377548473898,⬆️,2025-11-22 01:07:04
335870,윙스풋,KOSDAQ,234219.67431740617,92.1751290562874,18.37998751432787,5.014972343394333,69677,591729,0.11775153828864227,62846.117088039755,62629.429464924644,➡️,2025-11-22 01:07:04
302550,리메드,KOSDAQ,43670.876521005855,37.12252311960227,5.681854124760036,6.533522738261093,718911,96871,7.421323203022577,68077.60831546609,70818.97486895083,⬇️,2025-11-22 01:07:04
338100,NH프라임리츠,KOSPI,597148.8473059376,80.38938831929842,41.14769473164756,1.9536790297384325,406740,138119,2.9448519030690927,87526.41082182081,89935.50067056248,➡️,2025-11-22 01:07:04
335890,비올,KOSDAQ,977768.8071620034,69.70795894593584,23.25377954380115,2.9977044727130457,408134,54000,7.558037037037037,12336.163956259656,12666.0097820903,➡️,2025-11-22 01:07:04
336060,웨이버스,KOSDAQ,213428.2817969821,11.242771440154703,16.44816769091617,0.6835272871375059,148463,711879,0.2085508913733935,7653.344733351569,7835.915131927587,➡️,2025-11-22 01:07:04
278650,HLB바이오스텝,KOSDAQ,220058.4667657997,71.82948777952375,8.810607798317683,8.152614373918565,323450,58339,5.5443185519121,12112.284590270297,12599.585273074223,⬇️,2025-11-22 01:07:04
308170,씨티알모빌리티,KOSPI,562840.3951268855,32.70149598948881,23.385923869654274,1.3983409922890617,25540,647013,0.03947370454689473,49499.27180912703,47254.46167088132,⬆️,2025-11-22 01:07:04
321550,티움바이오,KOSDAQ,884445.3279908138,19.299319265866654,27.945498532151657,0.6906056531309519,356356,433820,0.8214374625420682,33046.18976554055,33519.85320705683,➡️,2025-11-22 01:07:04
297090,씨에스베어링,KOSDAQ,424938.24435834505,91.09883530553925,13.067691045197876,6.971303116246869,150075,936354,0.16027592128618023,44298.601647253425,42270.81945224345,⬆️,2025-11-22 01:07:04
103840,우양,KOSDAQ,262528.16284062644,11.409800192495249,44.74706233043752,0.2549843408320049,283685,563588,0.5033552879053493,87921.55457504465,84849.24126403229,⬆️,2025-11-22 01:07:04
190650,코리아에셋투자증권,KOSDAQ,955812.5948608207,68.55728398748354,47.971773598881555,1.429117142107957,400867,203243,1.972353291380269,42273.40995219314,40878.66438458723,⬆️,2025-11-22 01:07:04
322000,HD현대에너지솔루션,KOSPI,2561.6876901002197,68.03282992669594,13.426370156720344,5.067105191691982,169344,893571,0.18951375995863787,88099.13254614374,88120.18228445479,➡️,2025-11-22 01:07:04
306040,에스제이그룹,KOSDAQ,161762.31839871986,24.863716536249886,26.988172488776446,0.9212819632966976,621020,293321,2.1172026551116354,27977.353321170656,28100.172820057272,➡️,2025-11-22 01:07:04
216080,제테마,KOSDAQ,714270.6033229555,13.329011035047834,36.69869821512642,0.3632011946830828,418183,460344,0.9084141424673722,7396.731663045449,7263.738425131539,➡️,2025-11-22 01:07:04
272210,한화시스템,KOSPI,709586.2719306117,79.82541833074069,47.53249710805138,1.6793861713025657,158028,386936,0.40840862571588066,41452.88755288091,40531.986184097266,➡️,2025-11-22 01:07:04
214260,라파스,KOSDAQ,458296.1471122383,63.31655007610073,16.50150752829395,3.8370161009554065,47451,820894,0.05780405265478856,97146.32105362853,101151.95605154856,⬇️,2025-11-22 01:07:04
084850,아이티엠반도체,KOSDAQ,511164.6311183754,6.102365031408625,33.33993564623405,0.1830346973719466,425537,202445,2.1019881943243846,10509.854131570843,10053.841113541606,⬆️,2025-11-22 01:07:04
333430,일승,KOSDAQ,379242.9055670229,77.81419220579603,11.036433862328385,7.050664478804693,923221,317851,2.9045716389125724,4190.42469675282,4116.862095973497,➡️,2025-11-22 01:07:04
317400,자이에스앤디,KOSPI,580314.7566634445,90.6752898941629,12.603929384566328,7.19420802255493,163816,12927,12.672391119362574,36926.81401717412,38589.67882107512,⬇️,2025-11-22 01:07:04
279600,미디어젠,KOSDAQ,187177.2633635968,91.15487723294325,20.79909184968912,4.382637371463203,553012,262160,2.1094446139761978,18254.757795260968,19025.3327796856,⬇️,2025-11-22 01:07:04
322180,LS티라유텍,KOSDAQ,188194.84608108958,75.43806185108228,14.893809479204167,5.065061558388702,78424,434963,0.18030039336679213,15255.931681286313,14636.053815300851,⬆️,2025-11-22 01:07:04
333050,모코엠시스,KOSDAQ,872127.4865623841,87.83100352854792,37.859921699737924,2.319893956071122,408998,433254,0.9440143657069525,7312.55171740965,7492.150486142383,➡️,2025-11-22 01:07:04
330590,롯데리츠,KOSPI,318072.4807938235,7.623170225389987,3.22654985911136,2.3626382849355756,598426,809838,0.7389453199281831,4868.528742760624,4653.085828341124,⬆️,2025-11-22 01:07:04
013890,지누스,KOSPI,552401.6303426182,54.0262138266582,8.960331384811635,6.029488364485745,588843,407682,1.4443684047860832,68081.55687207593,69749.34500089294,➡️,2025-11-22 01:07:04
331520,밸로프,KOSDAQ,35079.91797698311,48.34443950867753,9.76360268984794,4.951495984053655,211253,526940,0.40090522640148785,97552.96799473194,96743.02112595654,➡️,2025-11-22 01:07:04
317530,캐리소프트,KOSDAQ,270039.88634472794,74.65901501186572,47.55578117747483,1.569925110329773,53873,295849,0.18209627208474594,18283.071960936173,18497.014397161493,➡️,2025-11-22 01:07:04
272110,케이엔제이,KOSDAQ,596019.9690536835,61.653078707365765,12.224142384352414,5.043550440502489,493912,950538,0.5196131033162272,30612.72111582631,31778.21963054742,⬇️,2025-11-22 01:07:04
317870,엔바이오니아,KOSDAQ,241799.67432079552,20.04164433625047,43.33436911162169,0.4624884300179087,603864,193392,3.122486969471333,30349.726080653603,30758.34226255862,➡️,2025-11-22 01:07:04
318010,팜스빌,KOSDAQ,886178.6310026996,37.346908617637915,28.82003754920956,1.2958660638060904,344723,651974,0.5287373422866556,68505.80276083703,67030.27212749644,➡️,2025-11-22 01:07:04
336260,두산퓨얼셀,KOSPI,491631.3340723991,5.540349038808118,38.909678521564295,0.14238999779290332,130883,105208,1.2440403771576305,24889.91154134307,24528.88746724763,➡️,2025-11-22 01:07:04
300120,라온피플,KOSDAQ,196708.31660229884,50.93588873241969,35.96798468409174,1.416145196340347,857948,986527,0.869664996497815,59949.512262373646,61323.409136746915,➡️,2025-11-22 01:07:04
336370,솔루스첨단소재,KOSPI,192700.77915255216,67.43244142937104,21.656873391691835,3.1136738997255233,889423,741167,1.2000304924531178,29247.69977638902,29181.5307282371,➡️,2025-11-22 01:07:04
036420,콘텐트리중앙,KOSPI,293457.11925143044,67.51559251389527,17.029808194751038,3.9645539011240927,774019,36144,21.41486830455954,59617.354991431144,61848.86368465485,⬇️,2025-11-22 01:07:04
158430,아톤,KOSDAQ,692163.8955029427,11.22529996022218,27.58897888443203,0.406876238777957,88558,88807,0.9971961669688201,38605.28120534308,36905.48314803627,⬆️,2025-11-22 01:07:04
234690,녹십자웰빙,KOSDAQ,48854.025741246965,27.57246112501043,49.06241530138792,0.5619874389720564,913559,48380,18.88298883836296,38929.57551088607,37621.78739944694,⬆️,2025-11-22 01:07:04
332290,누보,KOSDAQ,918513.91419267,33.275854888189635,40.0445843099451,0.8309701664183726,108015,762518,0.14165567239068455,90685.1093746475,93036.38620890012,➡️,2025-11-22 01:07:04
331380,포커스에이아이,KOSDAQ,912850.9857152592,40.66846545447542,2.390219360540651,17.014532693466464,840070,560302,1.4993164400626804,70375.72560465003,68992.44116523194,➡️,2025-11-22 01:07:04
244460,올리패스,KOSDAQ,650456.6525647076,3.0861783723493814,23.251368791099168,0.13273104048527234,241620,48275,5.005075090626618,4519.808808000644,4328.55808883479,⬆️,2025-11-22 01:07:04
317120,라닉스,KOSDAQ,693910.544441235,17.18695444625992,26.816745806444363,0.6409038057902501,992121,612800,1.618996409921671,69370.00319918062,70442.58123377684,➡️,2025-11-22 01:07:04
320000,한울반도체,KOSDAQ,580141.6527420118,37.00984775387571,31.72651334863646,1.1665274197382398,38239,125145,0.30555755323824363,33401.87735496661,34811.016920690214,⬇️,2025-11-22 01:07:04
256150,한독크린텍,KOSDAQ,508044.7424820621,99.90292364426726,45.58384759674621,2.1916299064539335,349043,845387,0.41287954510774355,95612.06091708713,99885.63959727585,⬇️,2025-11-22 01:07:04
311390,네오크레마,KOSDAQ,407543.09966397507,32.84584128618824,28.138414758654,1.1672953706848914,785860,678861,1.157615476511392,30607.21815844354,30780.1416932873,➡️,2025-11-22 01:07:04
195500,마니커에프앤지,KOSDAQ,317313.2007403187,24.706070638616044,29.44214655321747,0.8391395849470132,319984,404056,0.7919298315085038,27498.685179984113,28821.185780837837,⬇️,2025-11-22 01:07:04
328380,솔트웨어,KOSDAQ,419111.28626457386,50.09651189970925,5.707965243058786,8.776597222737031,89879,798799,0.11251766714780564,36791.65294978374,36120.57608350159,➡️,2025-11-22 01:07:04
286750,나노실리칸첨단소재,KOSDAQ,950339.9131645473,41.15640338560348,16.50774295117281,2.493157514466839,860117,792215,1.085711580820863,23503.409726900074,23977.90860886605,➡️,2025-11-22 01:07:04
317830,에스피시스템스,KOSDAQ,724067.8962558617,71.63337268676783,28.758580437979397,2.4908521768399514,649394,378478,1.7158038247929865,49544.18505841576,48750.7976964475,➡️,2025-11-22 01:07:04
228670,레이,KOSDAQ,157941.89836188368,86.03756995639576,40.85100598387738,2.10613099688052,262846,817346,0.3215847388988262,74507.46239076104,74854.89472501609,➡️,2025-11-22 01:07:04
186230,그린플러스,KOSDAQ,19768.40298523434,18.302844667875814,31.840374875567306,0.5748313183938198,621873,512589,1.2132000491621944,75278.65271961389,75340.90833956658,➡️,2025-11-22 01:07:04
282880,코윈테크,KOSDAQ,773276.4889532953,15.520235057371949,13.67581168945218,1.13486756104885,678560,212237,3.197180510467072,21111.57055849363,21983.917437061424,⬇️,2025-11-22 01:07:04
317330,덕산테코피아,KOSDAQ,540623.7618574187,67.55126468272155,35.420110075999894,1.9071444029332145,814572,314720,2.5882435180477885,9658.848799326337,9356.52708023515,⬆️,2025-11-22 01:07:04
318000,KBG,KOSDAQ,847579.408983336,70.39806559036799,2.529163385481217,27.834526624294593,676665,130792,5.1735962444186185,47789.922442891286,47084.74207068204,➡️,2025-11-22 01:07:04
317770,엑스페릭스,KOSDAQ,292555.9064783695,40.442770600699355,34.87352184733305,1.1596984892362459,492342,721817,0.6820870109736955,71152.10530680476,72335.21707719495,➡️,2025-11-22 01:07:04
148150,세경하이테크,KOSDAQ,758146.5590981041,63.96211967383296,13.988834110113412,4.572369589227647,813970,824680,0.9870131444924092,20974.96291980745,21642.079078005412,⬇️,2025-11-22 01:07:04
313760,캐리,KOSDAQ,17656.491328371958,76.91875968670064,45.167763200040476,1.7029570259222337,854229,629048,1.3579710928259847,80940.14228232682,84967.75572746049,⬇️,2025-11-22 01:07:04
317850,대모,KOSDAQ,713099.5479018377,85.18360518021689,36.657578677026386,2.323765187295422,893464,119793,7.458399071732071,71130.29494475994,74110.9244400559,⬇️,2025-11-22 01:07:04
241840,에이스토리,KOSDAQ,182053.3828043982,91.98797063533414,11.114754942176864,8.27620321940431,851738,336525,2.5309798677661393,38005.516427384166,38898.865709470985,➡️,2025-11-22 01:07:04
300080,플리토,KOSDAQ,301535.87834871066,8.337714231491482,42.19556214880162,0.19759694638238817,626912,279504,2.242944644799359,72797.23071989547,70227.71751752892,⬆️,2025-11-22 01:07:04
234340,헥토파이낸셜,KOSDAQ,402635.51772768673,8.640875821348404,19.61518409642128,0.4405197411797374,810293,55893,14.497217898484605,89461.50917622558,86193.11563268893,⬆️,2025-11-22 01:07:04
289010,아이스크림에듀,KOSDAQ,998199.7087991465,47.67383498722854,46.88313552314789,1.016865328124017,818824,831298,0.9849945506906067,74325.67761148197,73558.14991543884,➡️,2025-11-22 01:07:04
251970,펌텍코리아,KOSDAQ,198884.97218162325,8.599189945727922,18.648860338015957,0.4611107483173304,831002,35301,23.540466275742897,45587.181714834456,45183.76316707253,➡️,2025-11-22 01:07:04
312610,에이에프더블류,KOSDAQ,79971.81163264834,74.11912873284534,8.206216210487181,9.032071155781196,481861,747044,0.6450235862947832,2772.0102965060696,2774.518477067589,➡️,2025-11-22 01:07:04
323280,태성,KOSDAQ,388199.0578103951,91.99732971338983,3.2115795957259197,28.64550822150665,933428,874401,1.0675056410045276,90620.24406294795,92336.79937574375,➡️,2025-11-22 01:07:04
293780,압타바이오,KOSDAQ,391926.9920329273,89.42168554307477,13.497868567528812,6.62487451968471,106309,333397,0.3188660965755541,11501.802548722348,11387.303536331225,➡️,2025-11-22 01:07:04
308100,형지글로벌,KOSDAQ,559370.140066103,26.92657312410809,19.104009864290934,1.409472321014607,32030,12764,2.5094014415543717,3789.5516871234736,3923.238274748378,⬇️,2025-11-22 01:07:04
305090,마이크로디지탈,KOSDAQ,360502.8074156046,1.348226591901388,12.695518686992004,0.1061970467801996,504979,632184,0.7987848474494768,24350.171198610704,23462.46862661985,⬆️,2025-11-22 01:07:04
322780,코퍼스코리아,KOSDAQ,891229.8650439434,32.03286858649392,24.980343325097007,1.282322991706501,287251,852560,0.3369276062681805,57266.9166346577,55154.29342859596,⬆️,2025-11-22 01:07:04
321260,프로이천,KOSDAQ,913179.6240970719,58.26144736197618,14.110100178777468,4.129059795734497,839501,977868,0.8585013519207091,1888.5833640064252,1901.3319096382343,➡️,2025-11-22 01:07:04
003670,포스코퓨처엠,KOSPI,663527.2577003067,42.08641497047512,29.64435307341555,1.419711027805068,327453,910684,0.35956819269911405,85068.75259837903,83833.73418388513,➡️,2025-11-22 01:07:04
253840,수젠텍,KOSDAQ,538176.1295412543,42.11176575836178,37.4701865476993,1.1238739285365922,491635,845469,0.5814938217722945,13196.667910412578,12883.05538047074,➡️,2025-11-22 01:07:04
307930,컴퍼니케이,KOSDAQ,767862.1203104887,60.218559919295295,40.20785291178776,1.4976815611470014,506628,725276,0.6985313177328355,37176.44571317382,38164.50709622875,➡️,2025-11-22 01:07:04
319660,피에스케이,KOSDAQ,148659.0888050912,57.470519840118364,38.739840493619184,1.4834991344268518,722107,962748,0.7500477798967123,27049.198670666377,27688.955015160693,➡️,2025-11-22 01:07:04
319400,현대무벡스,KOSDAQ,625363.7378453801,40.680040792575454,41.59870364945449,0.9779160700626525,551388,238948,2.307564825819844,60409.47290605109,60143.36299218472,➡️,2025-11-22 01:07:04
317240,TS트릴리온,KOSDAQ,650193.5587600252,37.59774318464096,35.1232336910274,1.0704522116437616,493507,130632,3.777841570212505,10532.426890877858,10394.069566543409,➡️,2025-11-22 01:07:04
125210,아모그린텍,KOSDAQ,839444.691991732,68.20390060770511,40.401580958014186,1.68814929986486,654897,992696,0.6597155624682682,95367.38740435611,94292.53616158669,➡️,2025-11-22 01:07:04
307950,현대오토에버,KOSPI,691352.4314897553,80.72227191620382,31.006928184833647,2.6033624303257277,608964,856782,0.710757228793322,20286.51687264365,20982.1421671325,⬇️,2025-11-22 01:07:04
228760,지노믹트리,KOSDAQ,582203.347103764,34.19287631081971,41.986238721550095,0.8143829347892905,177058,439600,0.4027707006369427,8828.344657092286,8684.006383787631,➡️,2025-11-22 01:07:04
099750,이지케어텍,KOSDAQ,49545.93129856589,24.44196107739405,18.890234078871337,1.2938940288057257,119058,386078,0.3083780997622242,25792.94686894177,25243.308472075147,➡️,2025-11-22 01:07:04
100790,미래에셋벤처투자,KOSDAQ,350128.17382770224,50.530894936612896,29.19066346327208,1.7310635984752885,275914,684000,0.4033830409356725,53027.848760199835,55021.18688744274,⬇️,2025-11-22 01:07:04
192650,드림텍,KOSPI,162673.7326322158,2.926343898367301,29.158752189217225,0.10035902357472794,250726,344537,0.7277186485050953,3100.573991402478,3137.0170855420583,➡️,2025-11-22 01:07:04
192080,더블유게임즈,KOSPI,303153.9973995595,20.92830187041168,21.282263409904456,0.9833682380170125,897697,819245,1.0957613412349174,61711.36470159815,58967.89144371687,⬆️,2025-11-22 01:07:04
247540,에코프로비엠,KOSDAQ,224733.06556956327,92.07690047632572,3.5315635874353704,26.07255913610554,227335,600473,0.37859320902022237,87191.81583048262,84070.83738523966,⬆️,2025-11-22 01:07:04
299660,셀리드,KOSDAQ,644325.9226020193,46.27846261169946,33.807237985911314,1.3688921476219191,421829,173616,2.4296666205879642,94923.79594204323,98676.01296672612,⬇️,2025-11-22 01:07:04
316140,우리금융지주,KOSPI,911211.7660836023,82.28130277685372,48.67267384615514,1.6905030333227413,15932,775086,0.020555138397545563,94888.6596903595,97256.15409354592,➡️,2025-11-22 01:07:04
278280,천보,KOSDAQ,827347.8436537766,72.30797342168621,6.5911482506731245,10.97046685519503,424167,452568,0.9372447897332555,63636.529361029665,65120.28339431155,➡️,2025-11-22 01:07:04
246960,SCL사이언스,KOSDAQ,509879.2868757512,62.533295754549926,39.78570065499237,1.571753035011667,752376,57986,12.97513192839651,94505.9134874885,93486.1337156009,➡️,2025-11-22 01:07:04
104620,노랑풍선,KOSDAQ,335903.67638468,66.22981299520731,20.62816781923139,3.210649320656683,352353,301082,1.1702891571067018,93053.04190819748,95843.47504197933,➡️,2025-11-22 01:07:04
053580,웹케시,KOSDAQ,456717.11723014823,90.25920606300873,19.75422759885701,4.569108339534934,141812,494844,0.28657920475947973,16959.1230201618,17658.220925114892,⬇️,2025-11-22 01:07:04
298690,에어부산,KOSPI,577138.130023232,48.570123272463086,12.214605830147697,3.9763971058799026,79574,673271,0.11819014928609728,88708.6619063713,89499.09532037888,➡️,2025-11-22 01:07:04
238200,비피도,KOSDAQ,683288.3032557486,23.345055351498402,10.08671735325766,2.314435364242536,860649,267549,3.216790195440835,97242.1164871653,93561.45364827671,⬆️,2025-11-22 01:07:04
263050,유틸렉스,KOSDAQ,385742.0123400284,67.22495007683949,23.298808685578273,2.8853385159753278,906738,963972,0.940626906175698,67016.71165355503,65027.948589155545,⬆️,2025-11-22 01:07:04
290550,디케이티,KOSDAQ,829545.6844581447,33.27478451226608,44.37998655059505,0.7497700449803297,665171,347066,1.9165547763249642,50426.69366627562,52133.32911784234,⬇️,2025-11-22 01:07:04
307180,아이엘,KOSDAQ,345887.5296715189,1.5197098562663183,29.167149636842026,0.05210347514886133,19082,852949,0.02237179479664083,29952.610020279797,29679.547005461714,➡️,2025-11-22 01:07:04
310200,애니플러스,KOSDAQ,710072.8338147446,68.36311201450526,10.139631634692469,6.74216919090066,242586,807559,0.3003941507679315,55503.52326057359,57457.760509361186,⬇️,2025-11-22 01:07:04
310870,디와이씨,KOSDAQ,509256.2117254714,76.10663464424243,45.317882865413544,1.6793951930690645,312164,193082,1.616743145399364,84419.54477598133,82232.24970592678,➡️,2025-11-22 01:07:04
299900,위지윅스튜디오,KOSDAQ,137389.46116263635,27.17509316618254,38.714164645596405,0.7019418710168038,75250,891841,0.0843760266684308,91366.73431364744,91805.06239748,➡️,2025-11-22 01:07:04
309930,조이웍스앤코,KOSDAQ,131889.80077210517,21.855568450568004,43.11989931780216,0.5068557393765731,539294,373794,1.4427572406191647,35072.135244907564,36749.19793235695,⬇️,2025-11-22 01:07:04
307750,국전약품,KOSDAQ,56435.26851642255,78.16038563049845,33.70225468327684,2.3191441155799546,640594,47119,13.595237589931875,65434.20365805721,64912.3634823648,➡️,2025-11-22 01:07:04
298380,에이비엘바이오,KOSDAQ,153462.56896557115,23.438915836764334,17.955769983630088,1.3053695752470165,21975,754426,0.02912810534101423,72428.40287607287,72942.06340850405,➡️,2025-11-22 01:07:04
100590,머큐리,KOSDAQ,801774.9128263079,79.06681433128195,36.04140337965524,2.1937773481904372,19871,356926,0.055672604405394954,18099.3239325245,17687.924217786884,➡️,2025-11-22 01:07:04
110020,전진바이오팜,KOSDAQ,482175.97978691687,2.137845616583984,46.411938687905085,0.04606240715260414,57298,688801,0.08318512894145043,22529.622867174698,22483.966281426594,➡️,2025-11-22 01:07:04
270870,뉴트리,KOSDAQ,2562.942530266627,12.839707855666468,26.16265248553512,0.4907647595275487,553025,158444,3.4903499028047764,83762.56002224157,84774.54150016792,➡️,2025-11-22 01:07:04
307870,비투엔,KOSDAQ,693031.9506947743,7.685035372402432,49.80511887617239,0.15430211885467623,282273,878262,0.32139953681247735,18246.158491881593,18670.660986604835,➡️,2025-11-22 01:07:04
302430,이노메트리,KOSDAQ,748513.6160088684,31.622499175454696,23.467425916618406,1.3475060830195822,885727,886816,0.9987720113304226,23653.2153708692,24454.766353606876,⬇️,2025-11-22 01:07:04
290120,DH오토리드,KOSDAQ,889678.3233494641,81.19145852481134,29.564433588938694,2.7462544912475,919898,739110,1.2446022919457185,20772.08208825924,21620.802290595984,⬇️,2025-11-22 01:07:04
128540,에코캡,KOSDAQ,214227.43385850557,20.228732169428376,22.68974511640178,0.8915363335133101,157372,685220,0.22966638451884067,29984.8568966662,28750.61971251154,⬆️,2025-11-22 01:07:04
307280,원바이오젠,KOSDAQ,350660.97396925004,38.000525371803676,10.41005566803832,3.650367162634446,323703,888686,0.36424901483763666,8395.442423588163,8343.087050522981,➡️,2025-11-22 01:07:04
900340,윙입푸드,KOSDAQ,719990.3163260947,40.55101123481794,13.737991050607858,2.9517424407569184,282919,319999,0.8841246378894934,19861.998147546463,19644.9772547028,➡️,2025-11-22 01:07:04
111710,남화산업,KOSDAQ,506542.57598013326,76.01200519172306,29.260864753942297,2.5977361171966735,888127,290647,3.0556895478019728,54493.93080589281,53609.608773033244,➡️,2025-11-22 01:07:04
179290,엠아이텍,KOSDAQ,77856.29251269189,65.76214803359665,40.681834690207516,1.6164990722364394,708175,946651,0.7480845633712953,86592.50356255937,90470.0255646003,⬇️,2025-11-22 01:07:04
117730,티로보틱스,KOSDAQ,566838.8709374745,7.473979471921393,43.20807941363317,0.17297643342053234,836697,447402,1.8701235130821945,96912.53491898936,93096.17184760157,⬆️,2025-11-22 01:07:04
290660,네오펙트,KOSDAQ,162127.93944256805,18.49496403217111,26.117751643137815,0.7081376791110763,384740,372020,1.0341917101231117,40701.38966595552,40242.18724928611,➡️,2025-11-22 01:07:04
246710,티앤알바이오팹,KOSDAQ,141944.93256062912,32.09245620523388,45.682530038661184,0.7025104821925141,196569,733340,0.2680461995800038,16766.496534927177,16710.1718092,➡️,2025-11-22 01:07:04
267850,아시아나IDT,KOSPI,225071.6772123209,56.2424760022612,48.22095000489976,1.166349397856043,270172,759829,0.35556947681649426,79933.74535920494,80467.29571490036,➡️,2025-11-22 01:07:04
263690,디알젬,KOSDAQ,988533.8917918312,67.6391898825839,32.05081594908397,2.1103734142068564,935044,22222,42.07740077400774,44822.40731402302,43043.73947432547,⬆️,2025-11-22 01:07:04
217330,싸이토젠,KOSDAQ,804542.291619245,37.71444446008485,7.979106662062425,4.726649994466484,673646,392077,1.7181472006774179,10057.383705523249,9678.254322723353,⬆️,2025-11-22 01:07:04
027360,아주IB투자,KOSDAQ,895962.6058802821,87.47701856236353,35.84013264641056,2.4407559934386702,411152,599058,0.686330872803635,39426.306043879755,41247.12017844513,⬇️,2025-11-22 01:07:04
208340,파멥신,KOSDAQ,68076.32106730057,66.61953872592098,47.344027561496745,1.4071371228268788,599892,487394,1.2308153157404482,15212.563275767612,15659.838007146314,➡️,2025-11-22 01:07:04
263020,디케이앤디,KOSDAQ,364870.00268362445,31.380354377865274,45.16550619416617,0.694785844820633,849429,153041,5.550336184421168,77439.14224852686,78459.41173751182,➡️,2025-11-22 01:07:04
227100,퀀텀온,KOSDAQ,949656.1613471616,49.60866715486874,14.712899533233568,3.37178045991631,548530,233983,2.3443156126727156,60516.93838586663,58885.45348019799,➡️,2025-11-22 01:07:04
194700,노바렉스,KOSDAQ,774634.444991999,55.51318744739653,42.53821303707567,1.3050192634799225,281407,660433,0.42609469847811965,15921.591697363043,15458.912582387005,➡️,2025-11-22 01:07:04
290670,대보마그네틱,KOSDAQ,113017.14283986879,97.39322100902305,26.905883330869504,3.619774151673453,847829,358583,2.364387045677012,20789.85473642672,20699.590918748374,➡️,2025-11-22 01:07:04
285490,노바텍,KOSDAQ,546509.6870389424,90.17450200795771,15.938012801982946,5.657825923990885,273387,931477,0.29349839019106216,9237.477857311831,8882.879176750204,⬆️,2025-11-22 01:07:04
290650,엘앤씨바이오,KOSDAQ,447909.8958036781,36.29748444731031,7.5121992154748884,4.831805361676067,93119,853732,0.10907287064324636,22329.910353803618,21333.268805268974,⬆️,2025-11-22 01:07:04
306620,네온테크,KOSDAQ,440949.58749579376,72.38389027184688,7.8938821924623355,9.169618763878233,324922,429814,0.7559595545980354,33191.38217520273,33119.067619482696,➡️,2025-11-22 01:07:04
108490,로보티즈,KOSDAQ,418820.9939174621,75.6633605112484,29.876774135049914,2.5325143929271796,865209,367906,2.35171212211815,97784.46830717794,100742.00940737818,➡️,2025-11-22 01:07:04
153710,옵티팜,KOSDAQ,655089.1211785936,83.91580026267091,31.715765343197262,2.6458702589899845,747964,59929,12.480835655525706,73090.39457526137,72969.46636216885,➡️,2025-11-22 01:07:04
288620,에스퓨얼셀,KOSDAQ,919789.1613192571,12.056148706073062,34.47022378681617,0.34975545214429904,892842,764645,1.1676555787326144,24322.304618697206,24710.958282070394,➡️,2025-11-22 01:07:04
306200,세아제강,KOSPI,142587.95715579434,62.96010072224836,34.641231645148316,1.817490248822208,957977,679523,1.409778624123098,23720.078451861653,22739.3900895064,⬆️,2025-11-22 01:07:04
293580,나우IB,KOSDAQ,188970.1968551202,63.27597953113554,21.2297064190864,2.9805395459565927,119487,275917,0.43305414309375645,12168.836942339305,11658.57110876459,⬆️,2025-11-22 01:07:04
290720,푸드나무,KOSDAQ,40897.4241303087,7.940980536640431,15.932173655948935,0.4984241766455601,845923,311302,2.717370913132585,40634.449199301904,41152.717455425554,➡️,2025-11-22 01:07:04
293480,하나제약,KOSPI,325184.75698065077,34.487061688694766,30.715122273412558,1.1228039850112286,415878,598669,0.6946710118613123,58101.02182762769,59823.543602341175,➡️,2025-11-22 01:07:04
110790,크리스에프앤씨,KOSDAQ,258796.6194316823,93.17144670236542,16.27016694331969,5.72652063294411,992944,354975,2.7972223396013804,69317.057390541,70700.15174121872,➡️,2025-11-22 01:07:04
299170,더블유에스아이,KOSDAQ,567279.3725495898,36.38547001244135,8.308619939229171,4.379243518005591,197166,663957,0.2969559775708367,75599.01413370621,73292.76022165288,⬆️,2025-11-22 01:07:04
219750,한국비티비,KOSDAQ,94740.919252336,43.85655532598137,19.045815620450288,2.3026871728659786,736488,549616,1.340004657797444,6930.344989692746,6918.554768772721,➡️,2025-11-22 01:07:04
010400,우진아이엔에스,KOSPI,187084.99303559327,85.80693355601987,44.19376588142259,1.941607189263993,165383,846562,0.1953584025741765,43147.67712369677,44320.09581191269,➡️,2025-11-22 01:07:04
291230,엔피,KOSDAQ,749354.0707662859,73.5400492159464,34.07230859463053,2.1583524054937566,333131,513815,0.6483481408678221,92992.64262608884,95209.08044695394,➡️,2025-11-22 01:07:04
257370,피엔티엠에스,KOSDAQ,873348.429358526,36.24249552221671,39.55651936075147,0.9162205398227482,54118,483868,0.11184455264658956,29972.814045867282,29447.466449188767,➡️,2025-11-22 01:07:04
197140,디지캡,KOSDAQ,106453.49754140935,81.21233781757569,14.561762070104425,5.577095507164354,373985,507261,0.737263460033395,35522.03190676695,34189.79470483036,⬆️,2025-11-22 01:07:04
303030,지니틱스,KOSDAQ,484605.1728465406,28.84639625128391,16.050049147202316,1.797277752031814,236134,744789,0.3170481841165753,50048.07318710059,50427.026561610044,➡️,2025-11-22 01:07:04
290740,액트로,KOSDAQ,345627.44566867297,64.22329118763649,17.977922196945915,3.5723422586925384,963988,328262,2.9366420724908764,5043.978837554775,4820.591811630151,⬆️,2025-11-22 01:07:04
173130,오파스넷,KOSDAQ,846888.6114884465,38.731182273739286,20.09960079527875,1.9269627625060572,223665,939114,0.2381659734600911,87035.81403625045,88661.46230687026,➡️,2025-11-22 01:07:04
089970,브이엠,KOSDAQ,725702.1110747814,34.058990542486875,13.264622254383882,2.567656273153996,277568,704941,0.39374642700594803,98225.1148320423,101987.54485557573,⬇️,2025-11-22 01:07:04
086820,바이오솔루션,KOSDAQ,855483.1940796709,79.54951958542918,14.221636100629583,5.593556115664327,814794,748766,1.0881824228130017,39922.19371027027,39188.38926951835,➡️,2025-11-22 01:07:04
293940,신한알파리츠,KOSPI,376815.8106767193,71.5592696014005,34.01833558484579,2.103549993588697,261064,248191,1.0518673118686819,64115.440924671806,65685.19935308465,➡️,2025-11-22 01:07:04
110990,디아이티,KOSDAQ,21542.5192393284,53.60774628346652,40.93199640345367,1.30967827112736,126115,444520,0.283710519211734,12229.745580367058,12569.086380501685,➡️,2025-11-22 01:07:04
275630,에스에스알,KOSDAQ,982432.9323719963,69.14317718949869,9.712900848968209,7.118694843553735,876208,648873,1.350353613110732,71064.09724449078,72728.24568762453,➡️,2025-11-22 01:07:04
300720,한일시멘트,KOSPI,269910.27341823257,69.96073986010168,34.776672908501546,2.0117145778772585,282961,515668,0.5487270879713304,71826.17221515275,74775.49817940521,⬇️,2025-11-22 01:07:04
290270,휴네시온,KOSDAQ,904960.7600876731,44.66866585319892,37.772944822329855,1.1825571467436287,716090,264517,2.7071605983736395,45443.55454287854,43477.383528518294,⬆️,2025-11-22 01:07:04
091810,티웨이항공,KOSPI,186843.08698881743,66.85224370283903,16.794935653823075,3.9805001388987926,13085,507197,0.025798654171850385,92965.18425636017,92466.64634922417,➡️,2025-11-22 01:07:04
286940,롯데이노베이트,KOSPI,37148.72627694614,59.09291156271837,5.9976736244985815,9.852638750021791,837717,641277,1.3063262833377776,50608.541576462674,50976.24182303228,➡️,2025-11-22 01:07:04
080720,한국유니온제약,KOSDAQ,765445.383712209,60.15326856374385,26.029188673057785,2.3109928365153816,653705,381168,1.71500493220837,89828.85413624647,91636.34290504956,➡️,2025-11-22 01:07:04
204020,그리티,KOSDAQ,991696.8598804679,99.53936024475423,39.362955733046434,2.528757264058497,266389,258832,1.0291965444767261,36649.12466068038,36087.399953139386,➡️,2025-11-22 01:07:04
297570,알로이스,KOSDAQ,568075.8766602282,73.55473709021665,1.4952930615326947,49.190850263708235,140300,736625,0.190463261496691,40578.42414149433,40679.36533013955,➡️,2025-11-22 01:07:04
226950,올릭스,KOSDAQ,261182.47627092086,67.02552040702923,15.97666554717476,4.195213338422906,243114,709062,0.3428670553491796,82107.47135798853,83747.11716633548,➡️,2025-11-22 01:07:04
298050,HS효성첨단소재,KOSPI,80911.53503100436,50.14646017004093,25.576530750085706,1.960643554828987,81297,438065,0.18558204832616165,84439.90369554394,82878.51409008515,➡️,2025-11-22 01:07:04
298040,효성중공업,KOSPI,858634.1397977609,22.40525563069123,27.427000127236496,0.8169050762661278,810516,774390,1.046650912330996,27237.397008961678,28189.15436185067,⬇️,2025-11-22 01:07:04
298020,효성티앤씨,KOSPI,433649.64510499703,77.1054348520285,23.13970930127938,3.332169555291923,902614,798816,1.129939810920162,49346.73428662864,47369.20720809536,⬆️,2025-11-22 01:07:04
298000,효성화학,KOSPI,942330.5604724007,47.26923177138947,47.468797764421645,0.9957958490117533,187247,837702,0.22352459466492858,44157.91803979754,43562.25094362823,➡️,2025-11-22 01:07:04
175250,아이큐어,KOSDAQ,593669.71108839,61.256683602343166,35.21127161268944,1.7396896163292064,931862,520726,1.78954382919232,95541.02170952084,97091.10840627298,➡️,2025-11-22 01:07:04
289080,SV인베스트먼트,KOSDAQ,486098.18619429274,26.471596626986905,28.034538545890232,0.9442494151867377,446992,519177,0.8609626389458701,20105.688265036224,19461.96187153805,⬆️,2025-11-22 01:07:04
088260,이리츠코크렙,KOSPI,249412.75067816093,84.33381655037245,7.746565028734535,10.886607965924359,580291,923713,0.6282156903713599,3257.6604714950195,3280.1379425576406,➡️,2025-11-22 01:07:04
245620,EDGC,KOSDAQ,157914.2901982405,48.01664465899391,22.295771921470994,2.1536210913941725,608492,526076,1.1566617751047377,90409.51868040583,89525.99033805465,➡️,2025-11-22 01:07:04
294870,HDC현대산업개발,KOSPI,425775.96777520515,53.79466185794759,35.36932667427235,1.5209410785045514,109440,975832,0.11215045212700547,97452.86346407545,100284.1487116612,➡️,2025-11-22 01:07:04
284620,카이노스메드,KOSDAQ,466967.54973808065,20.80258701849584,6.663416257537796,3.121910175574506,780131,491613,1.5868803306666015,56967.027001107504,59126.94794052609,⬇️,2025-11-22 01:07:04
037030,파워넷,KOSDAQ,977213.9710508678,91.60177016780315,3.572121126972231,25.643522969067348,962909,212382,4.5338540930964015,49701.188168168315,47941.993586559074,⬆️,2025-11-22 01:07:04
016790,현대사료,KOSDAQ,481937.8725514929,64.4827748501363,5.240297639343074,12.3051741118697,11668,33803,0.34517646362748866,27307.813398989776,27917.44877220412,➡️,2025-11-22 01:07:04
258830,세종메디칼,KOSDAQ,46218.488237278194,82.41232994798013,49.55427181248165,1.6630721617671362,763656,299152,2.552735733005295,69348.67347776094,72540.16050520394,⬇️,2025-11-22 01:07:04
122310,제노레이,KOSDAQ,637944.5948039212,3.020386278895341,34.86290323585749,0.08663610883068361,540035,429779,1.2565411525458434,25904.630581529906,26929.73119093612,⬇️,2025-11-22 01:07:04
950170,JTC,KOSDAQ,288309.899975522,84.69104121059517,49.28649938919047,1.7183415795435786,990455,437020,2.2663836895336598,43564.77009335228,43229.04942791288,➡️,2025-11-22 01:07:04
253590,네오셈,KOSDAQ,916698.973109492,72.48252222432909,29.881533953129424,2.425662696500832,888464,845664,1.0506111174177923,12223.611270307812,11783.602685748032,⬆️,2025-11-22 01:07:04
263700,케어랩스,KOSDAQ,975396.4350929647,17.130381180396906,14.988105840996122,1.1429316927787592,223502,101980,2.1916258089821534,5506.733782192969,5448.294378034954,➡️,2025-11-22 01:07:04
018250,애경산업,KOSPI,253680.89648096365,55.00005814626634,40.04127757600079,1.3735839982096694,886558,164233,5.398172109137628,59362.73614170017,60875.885108718605,➡️,2025-11-22 01:07:04
277070,린드먼아시아,KOSDAQ,868389.8344696317,99.39516764446027,16.216754604535048,6.129165179367283,302547,975119,0.31026674693037465,71796.80350221181,71132.9266448903,➡️,2025-11-22 01:07:04
226400,오스테오닉,KOSDAQ,210357.7766229533,8.576248656276157,9.011419476916123,0.9517089597532652,538336,202268,2.661498605810113,89295.58704050975,90211.129216717,➡️,2025-11-22 01:07:04
183490,엔지켐생명과학,KOSDAQ,411849.6428020201,64.35860919504519,32.670997166239815,1.9699003635416856,48871,801851,0.060947732184657745,31531.310735328592,32657.748442389282,⬇️,2025-11-22 01:07:04
006620,동구바이오제약,KOSDAQ,466817.9774275055,50.85164776727044,38.591012141515584,1.3177070241328308,472177,664516,0.7105577593316037,82018.65316136485,84219.97837824741,➡️,2025-11-22 01:07:04
154030,아시아종묘,KOSDAQ,731351.4861319354,31.329995353073617,5.418471743753568,5.782072295420003,869127,30649,28.357434174035042,20537.71298878534,21474.497159843653,⬇️,2025-11-22 01:07:04
260660,알리코제약,KOSDAQ,206743.90363915506,70.914287042754,45.081261662633494,1.573032440250729,173568,608375,0.28529771933429215,10390.31503671779,10738.194713030143,⬇️,2025-11-22 01:07:04
068270,셀트리온,KOSPI,932246.7343879535,73.72028081219648,49.97383320554223,1.4751776296403996,262816,960092,0.2737404332084842,45056.3617129695,44468.690625701194,➡️,2025-11-22 01:07:04
042000,카페24,KOSDAQ,441967.13834778225,62.14210846997634,18.004614285857016,3.4514545817729743,402338,825439,0.48742305609499914,17367.262557097976,17814.5287141724,➡️,2025-11-22 01:07:04
219420,링크제니시스,KOSDAQ,270007.7141858719,88.99000792088165,3.0936038958222323,28.76580548694631,506723,854737,0.5928408387609287,92069.23148510243,92344.66402648605,➡️,2025-11-22 01:07:04
267790,배럴,KOSDAQ,697199.7669290331,81.66746454256236,3.5806630215284616,22.807916872250473,587446,186621,3.1478022301884567,4504.012398149785,4279.137558034246,⬆️,2025-11-22 01:07:04
255220,SG,KOSDAQ,370724.6150811771,97.670705211921,41.655480904397166,2.344726386332773,876206,894155,0.9799262991315824,92354.54244018768,96224.10330452252,⬇️,2025-11-22 01:07:04
264660,씨앤지하이테크,KOSDAQ,413290.42859344574,61.24797157310075,8.684613872754149,7.052469167944389,504346,850340,0.5931109908977585,60676.13450489857,61617.52787279621,➡️,2025-11-22 01:07:04
284740,쿠쿠홈시스,KOSPI,694005.7694644417,23.667452053681178,15.223049484574386,1.5547116284200193,989936,224795,4.403727840921729,63020.461841476834,63491.377430249224,➡️,2025-11-22 01:07:04
285130,SK케미칼,KOSPI,639549.3368897011,12.83288726256463,6.446100225473173,1.9907985935205714,233483,779773,0.2994243196417419,57601.84128958507,55018.80359797652,⬆️,2025-11-22 01:07:04
269620,시스웍,KOSDAQ,789218.8594184386,73.94167821124879,31.351388314097484,2.3584817830220337,287494,229830,1.2508984901884002,66951.93480174999,63965.59579551001,⬆️,2025-11-22 01:07:04
187870,디바이스,KOSDAQ,612593.318661582,58.18884500561031,41.401249981976605,1.405485221604225,184464,612945,0.3009470670288525,74049.56589256204,73242.55603635538,➡️,2025-11-22 01:07:04
281740,레이크머티리얼즈,KOSDAQ,934963.0373870993,6.309034843401545,21.038512318455002,0.2998802742277197,437051,993179,0.4400525987762528,6948.936009849241,7228.705881781333,⬇️,2025-11-22 01:07:04
282330,BGF리테일,KOSPI,699197.218088049,16.335852745724182,22.317075876205003,0.7319889413980913,387082,110098,3.5157950189830878,17858.502308549505,18005.869736117045,➡️,2025-11-22 01:07:04
092780,DYP,KOSPI,545151.8427452955,75.94459032794056,17.672180742018483,4.297409099453694,33221,404325,0.08216410066159649,6668.954033408731,6541.400982931676,➡️,2025-11-22 01:07:04
272450,진에어,KOSPI,573493.5317704418,96.03432274353786,46.48546689019339,2.065899928904389,382067,360230,1.0606196041417983,85387.44999785272,84720.51618945347,➡️,2025-11-22 01:07:04
260930,씨티케이,KOSDAQ,981621.303301199,53.92321797897096,33.813928762788535,1.5947043112692734,54018,887385,0.06087323991277743,49831.70303772128,51358.06581134962,➡️,2025-11-22 01:07:04
241770,메카로,KOSDAQ,583349.6602606162,7.403831462397195,8.203347580114418,0.9025378225280475,69203,788555,0.08775925585406218,77446.4123613297,75519.57409457624,➡️,2025-11-22 01:07:04
234300,에스트래픽,KOSDAQ,972364.1549067782,58.4908126797945,3.5061962255637393,16.682127558445515,116784,583138,0.2002682040957715,57658.89813746543,56718.63521047624,➡️,2025-11-22 01:07:04
281820,케이씨텍,KOSPI,405001.46284315945,36.89355912458318,18.49031026650592,1.9952915117608185,631707,866562,0.7289807307497905,24290.58441983904,23528.422848778606,⬆️,2025-11-22 01:07:04
066360,체리부로,KOSDAQ,692903.9054303401,63.153308730899084,31.63583707278368,1.9962585022044477,602495,558336,1.079090368523613,41792.43647814903,42927.427729530646,➡️,2025-11-22 01:07:04
007680,대원,KOSDAQ,675245.45650592,69.65298222657692,10.007527234232764,6.9600592230531095,257671,314596,0.8190536434029676,79610.22135008074,79410.41976084793,➡️,2025-11-22 01:07:04
272550,삼양패키징,KOSPI,865859.849519786,82.58117708298607,47.135301359752525,1.7520027389386708,71908,250353,0.28722643627198396,99553.99894437047,102158.48115988667,➡️,2025-11-22 01:07:04
253450,스튜디오드래곤,KOSDAQ,390213.96441228106,22.67631120432944,46.34240218597914,0.48932101347111745,340154,500752,0.6792863533245999,50362.01367144518,51864.93703050519,➡️,2025-11-22 01:07:04
950160,코오롱티슈진,KOSDAQ,580102.0440656713,1.9495506624392231,1.1911860941042005,1.6366465929115217,519958,938216,0.5541986067174297,83870.30057019884,80861.00689406307,⬆️,2025-11-22 01:07:04
055490,테이팩스,KOSPI,127301.64122410216,93.49894783385005,15.411856186835893,6.066689612229356,680391,593245,1.146897150418461,87412.07635523524,85146.99561098902,➡️,2025-11-22 01:07:04
280360,롯데웰푸드,KOSPI,659088.1425499853,36.77020804217988,20.146277560840872,1.8251613942642988,573862,374735,1.5313808424620066,56680.41857806302,57835.01342278221,➡️,2025-11-22 01:07:04
265560,영화테크,KOSDAQ,630235.8249171261,96.73909176932537,48.68794485075606,1.9869208294961158,338303,357571,0.9461141982990791,98887.99438737157,97526.30540529311,➡️,2025-11-22 01:07:04
234100,폴라리스세원,KOSDAQ,875860.326550886,54.918768128227256,44.725078162392805,1.2279188854365344,911575,631002,1.444646768156044,88544.95453381668,86434.7485302399,➡️,2025-11-22 01:07:04
263810,상신전자,KOSDAQ,445095.3477903256,67.26983710972004,49.48809079732587,1.359313645483269,249165,690482,0.3608566189994815,1656.8164659969093,1716.479771845145,⬇️,2025-11-22 01:07:04
255440,야스,KOSDAQ,752909.8232682035,85.0018623430504,27.025195878742416,3.1452820073697043,404872,366613,1.1043580014893088,84526.38917515097,88401.33026021511,⬇️,2025-11-22 01:07:04
277410,인산가,KOSDAQ,624383.4141267758,88.49185107404668,28.780281927214517,3.074738854116962,538986,123504,4.364117761368053,89534.50644136449,86692.8262864775,⬆️,2025-11-22 01:07:04
263920,휴엠앤씨,KOSDAQ,84479.33682515852,64.06356008249236,11.746227487406987,5.453968957367313,550793,913796,0.6027526931612746,3430.809071784523,3337.3778484277545,➡️,2025-11-22 01:07:04
243840,신흥에스이씨,KOSDAQ,895891.7422464797,93.5468019326092,32.96858923216021,2.83745237850081,147361,259897,0.5669976952408069,33557.00818655624,32439.00758540554,⬆️,2025-11-22 01:07:04
179900,유티아이,KOSDAQ,958609.1404868853,39.36853892129695,26.71611675438596,1.473587620657252,627295,273872,2.2904678097797513,84004.37247894552,85218.72455118987,➡️,2025-11-22 01:07:04
171090,선익시스템,KOSDAQ,465048.42342404806,75.27876598560158,9.306497319083975,8.088839807779706,442333,172114,2.5700001162020523,10716.666794332828,10191.981593336031,⬆️,2025-11-22 01:07:04
259630,엠플러스,KOSDAQ,3011.6486656100437,18.408248941072905,45.010570924234244,0.40897612634283825,696773,210782,3.3056570295376266,55509.61447316849,56459.374095064064,➡️,2025-11-22 01:07:04
174900,앱클론,KOSDAQ,676290.7607226056,1.8826482743553046,6.230400274015739,0.302171319908129,766953,735699,1.0424820476852625,6278.175616325177,6459.881977276365,➡️,2025-11-22 01:07:04
263750,펄어비스,KOSDAQ,85028.244533768,73.19438431363261,15.37882357812908,4.759426749502846,154343,98962,1.559618843596532,81041.1442253056,77899.55129169337,⬆️,2025-11-22 01:07:04
256940,킵스파마,KOSDAQ,512103.8743879159,25.187369166739266,18.431961425073222,1.3665050932928158,350227,619636,0.5652140934355009,79890.21700695663,78993.6895399591,➡️,2025-11-22 01:07:04
263600,덕우전자,KOSDAQ,461420.60269282514,82.92864819034433,46.43276860148356,1.7859940444665776,346594,332892,1.0411604964973624,67814.76548034369,67024.09136627532,➡️,2025-11-22 01:07:04
270520,앱튼,KOSDAQ,815880.9257587866,43.88381717142008,9.797854010983588,4.478921315037502,847738,134666,6.295115322353081,71796.88046020907,72444.93010955132,➡️,2025-11-22 01:07:04
258610,케일럼,KOSDAQ,193815.4630847786,24.53346025799248,12.200417336640466,2.010870577706653,818123,29218,28.00065028407146,69332.40556648317,67810.50205529785,➡️,2025-11-22 01:07:04
140670,알에스오토메이션,KOSDAQ,210121.89305868428,99.6886078615541,40.36776494835737,2.469510214129668,44634,890533,0.05012054578550149,23637.021359355218,22810.838356823653,⬆️,2025-11-22 01:07:04
900310,컬러레이,KOSDAQ,431691.808519949,91.0517133094576,14.978100606281716,6.07898929930215,943020,751501,1.2548486296092753,3115.836540756454,3262.305459038049,⬇️,2025-11-22 01:07:04
273060,와이즈버즈,KOSDAQ,382614.88858200854,83.82924504474747,39.840671749018185,2.1041122391921845,758137,849179,0.8927882107305998,66795.62953860061,69061.98625040399,⬇️,2025-11-22 01:07:04
118990,모트렉스,KOSDAQ,180804.7621747867,86.62070381695418,17.785941586754213,4.870178134480297,447858,43681,10.252924612531764,99594.98778596525,101357.15256479173,➡️,2025-11-22 01:07:04
263800,데이타솔루션,KOSDAQ,415406.64597137575,38.32502107244183,27.448103833932993,1.3962720814638618,92299,612955,0.15058038518325162,74503.11354303324,75170.8980300924,➡️,2025-11-22 01:07:04
263860,지니언스,KOSDAQ,108542.3121823387,1.6884664017191697,8.067746210601872,0.209286008464216,239780,485683,0.49369650574551716,77138.63961411938,78013.7900728277,➡️,2025-11-22 01:07:04
263720,디앤씨미디어,KOSDAQ,97140.9090519307,86.00593630357555,31.77805428157159,2.706456963711943,712736,431255,1.6527019976579982,65691.6980507088,63973.272553743715,➡️,2025-11-22 01:07:04
238490,힘스,KOSDAQ,878609.8544400459,42.590423499362856,10.58388990719655,4.024080359188483,481550,998681,0.48218600333840334,44124.93956214833,43042.018542753525,➡️,2025-11-22 01:07:04
271980,제일약품,KOSPI,882925.4991832016,72.9578945683156,31.0905514198403,2.346625943782967,518774,965019,0.5375790528476642,81129.0694530792,79581.36133686676,➡️,2025-11-22 01:07:04
251630,브이원텍,KOSDAQ,678772.160040522,38.552712203151295,11.55543664077891,3.33632673533941,305680,89460,3.416946121171473,74109.80915764655,76411.01294321657,⬇️,2025-11-22 01:07:04
227610,아우딘퓨쳐스,KOSDAQ,652727.494654216,35.879116811246035,42.76415193759949,0.8389998441591933,781182,575044,1.3584734385542672,35092.83079710359,34184.677445253954,➡️,2025-11-22 01:07:04
272290,이녹스첨단소재,KOSDAQ,69807.10138554394,17.85463788002524,49.07639863675955,0.3638131235377902,391989,968111,0.40490088429942434,78805.94809360743,76382.7497235334,⬆️,2025-11-22 01:07:04
035720,카카오,KOSPI,139274.061882262,82.53944793550275,27.635292395722807,2.986740532851305,779472,206497,3.774737647520303,57348.9354052275,57971.15934155317,➡️,2025-11-22 01:07:04
271560,오리온,KOSPI,970767.0777967877,40.827865261752166,24.120206936345472,1.692683042458927,230517,929391,0.24803016168652375,48620.338291807384,49298.304643398274,➡️,2025-11-22 01:07:04
003380,하림지주,KOSDAQ,711805.5806029349,58.34227302234989,47.360999453926475,1.2318632143543797,915993,103768,8.827316706499113,28726.276331057536,27867.223495199334,⬆️,2025-11-22 01:07:04
261200,덴티스,KOSDAQ,92240.21277208693,87.6961124557167,26.806408865540025,3.2714606755271554,220640,467211,0.4722491550926669,56821.81540856657,58662.838367427925,⬇️,2025-11-22 01:07:04
267320,나인테크,KOSDAQ,537702.1515804597,40.32190645447785,26.053386838121472,1.5476646742710085,727046,235972,3.081068940382757,20382.038919257895,19945.628938827198,➡️,2025-11-22 01:07:04
250000,보라티알,KOSDAQ,751451.4360879257,84.47683274709385,44.68618894597139,1.8904461252945968,105518,185491,0.5688577882484864,87901.94415219904,88502.29886977146,➡️,2025-11-22 01:07:04
267980,매일유업,KOSDAQ,856964.3101660722,27.19577734307177,8.304867425733566,3.274679287330054,705964,93674,7.5363921685846655,74687.1929612657,77051.67553960966,⬇️,2025-11-22 01:07:04
225190,LK삼양,KOSDAQ,767521.655195297,35.761995630707894,19.105644503593027,1.8718026300542991,720641,964279,0.7473366110845513,55138.44638112888,56233.96509748884,➡️,2025-11-22 01:07:04
264850,이랜시스,KOSDAQ,303785.0254772517,90.89073435216156,2.6155718575863802,34.74985177277235,461196,375301,1.2288696273124773,99233.67433580614,96791.95492712651,➡️,2025-11-22 01:07:04
161580,필옵틱스,KOSDAQ,201079.14480109996,41.42791020235545,5.55376247845269,7.459431396838833,510952,251720,2.029842682345463,14756.132654776577,14502.969509610231,➡️,2025-11-22 01:07:04
268280,미원에스씨,KOSPI,134340.8655738885,85.1768353922166,11.444939007025145,7.442314488520495,366364,175059,2.0928029978464404,43352.13247883027,42392.987965958906,➡️,2025-11-22 01:07:04
267290,경동도시가스,KOSPI,983677.1490977095,42.85517301154805,1.8471220884599142,23.201050585280832,276196,770563,0.358434028106722,9378.102552302276,9679.400975613407,⬇️,2025-11-22 01:07:04
251270,넷마블,KOSPI,560619.1239748248,85.98554462078208,29.39216656050372,2.9254578577520305,576860,568415,1.0148571026450746,45187.84889068022,45088.12358007137,➡️,2025-11-22 01:07:04
267250,HD현대,KOSPI,993129.21257807,43.73548920162856,46.67349264540333,0.9370519908142311,303395,467295,0.6492579633850137,25907.411815775777,26837.779737983197,⬇️,2025-11-22 01:07:04
267270,HD현대건설기계,KOSPI,628727.2081418452,86.05171018521432,34.38263025949917,2.502766935971692,418609,625293,0.6694605568909295,95056.22092902256,99761.12906663638,⬇️,2025-11-22 01:07:04
267260,HD현대일렉트릭,KOSPI,968702.8095607193,29.537541166001386,16.239866212217102,1.818829095019303,503720,240901,2.0909834330285055,34768.353903454554,36324.59754843293,⬇️,2025-11-22 01:07:04
256630,포인트엔지니어링,KOSDAQ,987450.7991507545,30.805420660707927,35.85823107526333,0.8590892449783707,662079,657699,1.0066595813586459,80523.20422311693,78147.10613369387,⬆️,2025-11-22 01:07:04
166090,하나머티리얼즈,KOSDAQ,654576.2485583457,62.6911793173483,33.799350901212435,1.8548042387139296,941690,853489,1.103341695089216,69963.19822414932,70790.78409601602,➡️,2025-11-22 01:07:04
258790,소프트캠프,KOSDAQ,553991.3965493286,59.08413995790463,10.08327700388178,5.859616862172773,969998,707683,1.370667375081781,95302.60528486618,96634.09176415426,➡️,2025-11-22 01:07:04
251370,와이엠티,KOSDAQ,459463.89869955083,47.26017070091624,23.123079882159995,2.0438527627705243,890580,302199,2.9469985009877595,79589.61541595933,76097.76819578646,⬆️,2025-11-22 01:07:04
264900,크라운제과,KOSPI,371811.1531811449,42.857900771069716,37.67669230257311,1.1375176044353223,473345,317013,1.4931406598467571,22595.42447849973,21533.983877867548,⬆️,2025-11-22 01:07:04
265520,AP시스템,KOSDAQ,26148.669158960496,36.05775002502436,27.869952025310237,1.293785866307855,174685,110332,1.5832668672733206,25820.287348555834,25300.620213935563,➡️,2025-11-22 01:07:04
263770,유에스티,KOSDAQ,960907.1505895728,15.201280592732658,11.674796205206288,1.302059609910258,256378,518576,0.4943884792200179,35477.20190913188,35793.223240229396,➡️,2025-11-22 01:07:04
063760,이엘피,KOSDAQ,145018.22966523757,52.53059081082192,5.652658452508323,9.293077098530848,369084,302866,1.2186379454940468,96623.63675981433,91904.47731827883,⬆️,2025-11-22 01:07:04
264450,유비쿼스,KOSDAQ,767106.3696182829,27.992611907908408,28.46637012792947,0.9833572662094968,311337,589323,0.5282960278149673,42536.8255341503,42643.14612300074,➡️,2025-11-22 01:07:04
178320,서진시스템,KOSDAQ,458927.9955467096,43.27086562688687,28.59747342869411,1.5131009994564688,216259,878274,0.24623181376199227,64086.01457294571,63824.43335485037,➡️,2025-11-22 01:07:04
183300,코미코,KOSDAQ,271565.9246563019,50.44591737671742,29.924497766525533,1.6857732340339486,585701,454403,1.2889461557252042,77012.98445341659,76171.33101977434,➡️,2025-11-22 01:07:04
246720,아스타,KOSDAQ,491316.15350585646,46.5384168282656,25.387657125910334,1.8331119172382813,479406,521862,0.9186451590650402,24515.806620197127,24512.431580112443,➡️,2025-11-22 01:07:04
145720,덴티움,KOSPI,992689.3865510212,3.740504350616414,26.856013099167914,0.13927995703622542,716715,886445,0.8085273197998748,8902.16230989372,9307.035350645408,⬇️,2025-11-22 01:07:04
217480,에스디생명공학,KOSDAQ,226613.7479929658,34.49082655121387,7.074780047892492,4.875180050507486,909098,506624,1.7944234777665489,42359.659238382155,42550.601606909986,➡️,2025-11-22 01:07:04
002800,신신제약,KOSDAQ,496611.39756437566,44.98701489694246,37.52716543116859,1.198785316718273,237982,650503,0.36584304761084885,70436.2402810722,72136.52196847799,➡️,2025-11-22 01:07:04
083500,에프엔에스테크,KOSDAQ,152955.81278963317,98.95914010998456,37.086517008164684,2.6683320002306625,558373,684892,0.8152716048661687,4525.001353333589,4631.166076129106,➡️,2025-11-22 01:07:04
087260,모바일어플라이언스,KOSDAQ,90536.57021141562,34.771584155679534,3.4875036564303907,9.970336258018362,455779,995591,0.45779742886386077,25876.90234042192,24987.908412232468,⬆️,2025-11-22 01:07:04
241820,피씨엘,KOSDAQ,456698.7645530589,77.34124992029605,25.78631539393219,2.999313734388563,252402,295629,0.8537795683102808,87806.10847119246,88630.22733408735,➡️,2025-11-22 01:07:04
111110,호전실업,KOSPI,771696.7371032819,60.0436140572205,47.108279451695154,1.2745872860584782,180516,754046,0.23939653548987727,82587.61098965582,81160.55131140212,➡️,2025-11-22 01:07:04
140070,서플러스글로벌,KOSDAQ,666454.3847737943,23.61314741549875,16.549615415682762,1.4268094346846536,522590,907763,0.575689910251905,30673.569152959903,30247.417119045385,➡️,2025-11-22 01:07:04
206650,유바이오로직스,KOSDAQ,99312.54998720034,10.34480436460303,43.718730131153876,0.23662179421884316,426599,588116,0.7253654041039522,3556.8091341895724,3671.9362236583206,⬇️,2025-11-22 01:07:04
256840,한국비엔씨,KOSDAQ,555055.5514206791,29.986111418228926,26.584635597409875,1.127948935329791,444864,30576,14.54945054945055,41534.00656554316,40424.80792793799,➡️,2025-11-22 01:07:04
241520,DSC인베스트먼트,KOSDAQ,930929.5537871281,46.96831417528908,9.81008085220191,4.787760150289369,878019,238247,3.6853307701670954,68778.24225289152,65413.04084258607,⬆️,2025-11-22 01:07:04
246690,TS인베스트먼트,KOSDAQ,713474.6416777457,60.944932842481535,49.690651513434474,1.226486894139521,92848,902114,0.10292269048036058,65295.776066835206,63337.66036280252,⬆️,2025-11-22 01:07:04
147760,피엠티,KOSDAQ,974107.5805326577,35.78864459237451,19.431920919748332,1.8417450719451578,894028,572721,1.5610183667090958,41689.16241070718,41916.638174054046,➡️,2025-11-22 01:07:04
196300,HLB펩,KOSDAQ,567349.1227622941,26.355505837313654,44.85211265476634,0.5876090172201267,41627,368554,0.11294681376406171,80953.8680505769,80496.53551230198,➡️,2025-11-22 01:07:04
203450,유니온바이오메트릭스,KOSDAQ,200078.34880381945,65.41334859848855,45.75233318964259,1.4297270551722774,436349,614192,0.7104439654049548,61893.7282932652,60429.858659214704,➡️,2025-11-22 01:07:04
215600,신라젠,KOSDAQ,30533.43444130062,27.505375917332323,49.80373246102045,0.5522753929910729,79614,671225,0.11861000409698685,52568.208610345464,53778.04816184909,➡️,2025-11-22 01:07:04
254120,자비스,KOSDAQ,653436.1322535754,4.164686593014123,18.189567539638162,0.22896017642742536,631601,58524,10.792170733374341,70609.87833413988,67490.60159513012,⬆️,2025-11-22 01:07:04
143210,핸즈코퍼레이션,KOSPI,619966.7008156596,38.29257225124587,32.91970399870391,1.1632113172327887,349840,931823,0.3754361075011027,92201.15104071875,93721.53079031987,➡️,2025-11-22 01:07:04
241790,티이엠씨씨엔에스,KOSDAQ,888768.8056546538,9.413403770273247,26.874670596423073,0.3502704800231538,991348,633293,1.565386006161445,86011.91285180769,81981.2316499844,⬆️,2025-11-22 01:07:04
220100,퓨쳐켐,KOSDAQ,165285.46865969026,39.613674803993355,45.88449626666727,0.8633346342906385,253037,459377,0.5508264453814623,18919.626051627627,19839.044074406924,⬇️,2025-11-22 01:07:04
144960,뉴파워프라즈마,KOSDAQ,474912.64744695596,3.3864142788228864,12.486648906509801,0.2712028106321953,375499,113554,3.306787959913345,97028.80200937625,98150.39835343219,➡️,2025-11-22 01:07:04
156100,엘앤케이바이오,KOSDAQ,792184.1008076129,62.30597763101882,10.05233137302795,6.1981619306936055,328697,913251,0.3599196715908332,89459.62569604078,93334.70226390271,⬇️,2025-11-22 01:07:04
220180,핸디소프트,KOSDAQ,439512.0452910173,48.95026136065752,20.797786696363474,2.3536283968724687,715734,349093,2.0502674072525084,15360.057891667231,16009.54361740516,⬇️,2025-11-22 01:07:04
241560,두산밥캣,KOSPI,130836.66471956055,5.805388611819978,21.12565019532942,0.2748028372212405,948961,648347,1.4636622055781858,49347.85184146779,48308.7789684162,➡️,2025-11-22 01:07:04
207940,삼성바이오로직스,KOSPI,133035.21963537586,9.838652812869563,30.071014989387386,0.3271806028609877,694235,660392,1.051246835213025,82279.4322671901,83316.11529676834,➡️,2025-11-22 01:07:04
237880,클리오,KOSDAQ,544522.4231675556,26.005236412126525,5.425621542117076,4.793042826569744,842123,601899,1.3991101497095026,55499.02127578606,55948.04050691164,➡️,2025-11-22 01:07:04
900300,오가닉티코스메틱,KOSDAQ,92493.38784150367,97.05576518741806,20.86717672506133,4.651121062815114,458933,125799,3.6481450567969538,80249.13294554722,76914.6763015362,⬆️,2025-11-22 01:07:04
238120,얼라인드,KOSDAQ,343114.0895918587,16.019563637270345,25.017467583118062,0.6403351411987216,507196,316063,1.604730702423251,31497.865123321462,30005.82414268355,⬆️,2025-11-22 01:07:04
252500,세화피앤씨,KOSDAQ,994102.562324163,5.036938992889675,31.58253491712566,0.15948494970739,72809,805319,0.09041013561085731,1958.2609071169154,1897.2708164339842,⬆️,2025-11-22 01:07:04
216050,인크로스,KOSDAQ,424028.48961718037,31.862702438041904,22.8140182684599,1.3966282512402342,183123,870332,0.2104059140649775,58520.92315279931,60410.09250218406,⬇️,2025-11-22 01:07:04
239610,에이치엘사이언스,KOSDAQ,998283.0103450196,35.24294615148674,28.806319048338132,1.2234449702632153,800817,114413,6.999353220350835,44641.21867236256,46260.86116134155,⬇️,2025-11-22 01:07:04
241710,코스메카코리아,KOSDAQ,690086.6296772533,40.63727837468828,34.3274537151289,1.183812778888942,677563,742760,0.9122233292045883,90746.30843391048,92406.66584893459,➡️,2025-11-22 01:07:04
234080,JW생명과학,KOSPI,703355.0480164051,48.608270046607,38.997039434923124,1.2464605198485068,523085,402649,1.2991091496564005,47498.910428094656,49055.60584653813,⬇️,2025-11-22 01:07:04
900290,GRT,KOSDAQ,769466.065504146,80.1618173684394,36.045674444801456,2.2238956158580194,164022,607759,0.26988000177702015,47176.362834776344,45078.48548311289,⬆️,2025-11-22 01:07:04
189300,인텔리안테크,KOSDAQ,979393.8889665076,62.46454819041722,33.83592388028281,1.846101451564535,585848,478929,1.223246034380879,45652.254175777394,44318.554039033916,⬆️,2025-11-22 01:07:04
072990,에이치시티,KOSDAQ,308590.12785867485,36.38413138248667,5.348904992542155,6.802164449212719,552160,614789,0.8981292768738542,12120.235986941074,11900.055374749256,➡️,2025-11-22 01:07:04
950140,잉글우드랩,KOSDAQ,354747.73368242657,81.19341020471408,22.3033881737417,3.6404069898359652,281331,785283,0.35825428539774834,94900.27797186201,96444.25219527076,➡️,2025-11-22 01:07:04
238090,앤디포스,KOSDAQ,866383.2380428143,7.780681987629563,24.268334511633732,0.32061046397311144,220202,892981,0.24659203275321648,10614.16825536983,10876.38374402286,➡️,2025-11-22 01:07:04
050960,수산아이앤티,KOSDAQ,974434.7474340262,23.157983263784633,32.15035342837231,0.7203026030609039,604468,485448,1.2451755903824921,13168.557102040058,13197.842849824254,➡️,2025-11-22 01:07:04
201490,미투온,KOSDAQ,631548.8577103268,70.64781703915848,42.06654989610429,1.6794297895511763,548540,941638,0.5825380878851533,77416.72920731574,78254.38592575208,➡️,2025-11-22 01:07:04
241590,화승엔터프라이즈,KOSPI,248594.38615305512,41.72809367362557,18.772875694915093,2.222786447412968,525516,730141,0.7197459120909523,66022.71240730057,69323.07186678781,⬇️,2025-11-22 01:07:04
250930,예선테크,KOSDAQ,112856.19542737177,14.462886385382216,47.120111510880136,0.3069365908024794,546167,830808,0.6573925624211611,50512.95204930134,50653.72465054481,➡️,2025-11-22 01:07:04
229640,LS에코에너지,KOSPI,607061.1252810309,46.642666382618366,27.95112020708912,1.6687226142295575,111795,814284,0.13729239429977746,33201.6904783545,33763.063409381706,➡️,2025-11-22 01:07:04
204210,스타에스엠리츠,KOSPI,522220.4653651738,19.780394216504973,23.02149079795359,0.8592143050207365,907387,261564,3.4690821366854765,48771.01917955814,49316.564630188426,➡️,2025-11-22 01:07:04
241690,유니테크노,KOSDAQ,76674.93471923517,28.895875464723478,46.2995450389357,0.6241071146686956,319679,307410,1.0399108682215934,18350.19743740846,18243.25373151493,➡️,2025-11-22 01:07:04
250060,모비스,KOSDAQ,93850.31232441173,74.37016257014724,15.701144691000536,4.7366076826726,936188,219941,4.25654152704589,75482.33606271417,78853.8478104584,⬇️,2025-11-22 01:07:04
242040,나무기술,KOSDAQ,38430.28221794955,34.63459967050866,6.079184797758846,5.697244091556003,540552,374338,1.4440211787208352,3765.231064901817,3743.804224724999,➡️,2025-11-22 01:07:04
234920,자이글,KOSDAQ,929289.9931229044,34.81022529418265,43.921139073569314,0.7925619878818354,328429,689933,0.4760302812012181,61587.88749079898,61494.81864779427,➡️,2025-11-22 01:07:04
249420,일동제약,KOSPI,20843.627165043003,2.5677013501952404,5.373612105486469,0.4778352623505541,599648,851129,0.7045324504276085,66569.8083148671,69439.31384427946,⬇️,2025-11-22 01:07:04
900270,헝셩그룹,KOSDAQ,418153.06783992716,69.85843965699746,21.70215010503025,3.218963988310323,61593,510423,0.12067050270070118,62298.738537145524,59539.601891171435,⬆️,2025-11-22 01:07:04
248170,샘표식품,KOSPI,117954.66844799116,15.211280733512522,34.23599808878736,0.44430662409968913,524143,760059,0.689608306723557,39233.105168037306,38452.393740918815,➡️,2025-11-22 01:07:04
230360,에코마케팅,KOSDAQ,767248.7136107698,4.486970894773254,29.804399802420168,0.15054726565602253,35313,469495,0.07521485851819508,1996.681337474291,2010.3713974199277,➡️,2025-11-22 01:07:04
016740,두올,KOSPI,33318.42057351745,56.92551220669356,39.11291573603307,1.455414691936416,943007,25851,36.47855015279873,40347.411519166846,40170.867680671334,➡️,2025-11-22 01:07:04
208860,엔지스테크널러지,KOSDAQ,581684.095763161,20.157260356202997,9.8419756588428,2.0480908564422364,467722,938646,0.4982943516512082,79880.40123333482,77155.43216214934,⬆️,2025-11-22 01:07:04
073560,우리손에프앤지,KOSDAQ,687910.7387264436,39.97577328229667,18.37484540794354,2.175570590923989,930742,327107,2.845374755049571,3790.9442157115654,3609.3977001937656,⬆️,2025-11-22 01:07:04
123010,아이윈플러스,KOSDAQ,663207.70091204,34.837730656775896,18.825676022320103,1.8505434076030831,478933,920450,0.5203248411103265,22411.65297489871,23448.06350222761,⬇️,2025-11-22 01:07:04
026960,동서,KOSPI,528071.8108719453,80.5515646178077,27.9434943251684,2.882658971725515,771018,35749,21.567540350779044,53532.500422398414,51259.918468051,⬆️,2025-11-22 01:07:04
174880,장원테크,KOSDAQ,966053.6046387396,65.08270500422958,7.939349601598155,8.197485722398309,314027,52941,5.931640883247389,35723.66585647244,36952.770330302075,⬇️,2025-11-22 01:07:04
123890,한국자산신탁,KOSPI,995475.2135865163,87.09859057118933,49.97224017786704,1.7429394852257543,421298,516519,0.8156486015035265,53798.89146245561,54415.58991130632,➡️,2025-11-22 01:07:04
034830,한국토지신탁,KOSPI,540348.319614557,15.667236801258639,18.25369846375105,0.8583047886088009,507835,842770,0.6025784021737841,14770.03789940412,14276.784361052787,⬆️,2025-11-22 01:07:04
142760,모아라이프플러스,KOSDAQ,679495.4341387918,5.1503239443812845,36.7857007228781,0.14000885787607542,995719,317320,3.1379018025967476,36442.95980667577,35049.216322477005,⬆️,2025-11-22 01:07:04
237750,피앤씨테크,KOSDAQ,194233.49762949714,54.92722691878086,26.069017291422874,2.10699261520889,499018,723372,0.6898497591833801,40608.28151130851,39688.59988311625,➡️,2025-11-22 01:07:04
900260,로스웰,KOSDAQ,688750.0713264245,46.970545610404976,47.65799577216745,0.9855753446903457,780980,15517,50.33060514274666,34109.72352427156,34249.30305231751,➡️,2025-11-22 01:07:04
195870,해성디에스,KOSPI,231919.0051224934,75.62109972930428,4.488474565141047,16.847839646146674,336597,731449,0.46017835829975845,31917.99933508894,31315.82742753154,➡️,2025-11-22 01:07:04
237690,에스티팜,KOSDAQ,970522.0906228385,3.39616479511063,15.869201298705406,0.2140098125409554,859723,650436,1.3217641704948682,57346.392291330114,55171.39121274922,⬆️,2025-11-22 01:07:04
144510,지씨셀,KOSDAQ,442458.5356576165,98.38008162412453,10.54998918300979,9.325135781424358,681130,690902,0.9858561706291196,98589.6889721186,94391.60833582275,⬆️,2025-11-22 01:07:04
148250,알엔투테크놀로지,KOSDAQ,832407.6884066226,32.733296614589655,28.199365641207997,1.1607813108659502,691783,573569,1.2061024915921188,36167.91020961912,36321.16821044608,➡️,2025-11-22 01:07:04
239340,이스트에이드,KOSDAQ,137256.59269397965,62.015793710417874,25.17572014664719,2.463317567449085,18369,827679,0.022193386566531227,7795.4978003698125,8175.555080844633,⬇️,2025-11-22 01:07:04
243070,휴온스,KOSDAQ,936193.3938082734,1.5400040441065532,48.288114220498144,0.03189198975703273,456580,422184,1.0814715858488242,37421.22611494669,36576.447318373175,➡️,2025-11-22 01:07:04
070960,모나용평,KOSPI,146967.76468854156,53.3298640555977,27.047298488566813,1.971726088582962,295416,240015,1.2308230735579027,85860.68901422799,86384.6615134175,➡️,2025-11-22 01:07:04
101530,해태제과식품,KOSPI,366602.99753599917,81.92416326550997,2.8028591145402446,29.228783865916167,521255,284367,1.8330361821167716,76325.9242990707,73800.0426973346,⬆️,2025-11-22 01:07:04
240810,원익IPS,KOSDAQ,49350.639744718545,20.496690751741315,25.259704015140443,0.8114382789068225,831060,279185,2.97673585615273,97735.86543553731,94383.78557012363,⬆️,2025-11-22 01:07:04
228850,레이언스,KOSDAQ,692594.8411761211,57.294451234590035,30.924582951272928,1.85271540524467,498637,490109,1.0174002109734774,10834.980799303708,10338.539556716607,⬆️,2025-11-22 01:07:04
228340,동양파일,KOSDAQ,18695.52929269576,26.239824847765245,25.875178813466434,1.0140925029708021,747447,164363,4.5475380712204085,56282.38881746635,56542.180459934905,➡️,2025-11-22 01:07:04
004440,삼일씨엔에스,KOSPI,736016.1430670435,57.30213637899839,23.303958728438342,2.45890138438459,474701,425422,1.1158355703278158,88878.28530638591,90631.43762029888,➡️,2025-11-22 01:07:04
222110,팬젠,KOSDAQ,803562.4018967836,58.00810649105171,20.16462185170689,2.876726720572816,368495,639674,0.5760668715627022,75716.80932126903,78243.68303759348,⬇️,2025-11-22 01:07:04
211270,AP위성,KOSDAQ,883643.5748017115,3.6478692440573606,49.513861955461586,0.07367369661729618,494313,303742,1.627410763081826,65186.75339589705,67955.18200586743,⬇️,2025-11-22 01:07:04
230980,비유테크놀러지,KOSDAQ,402155.1919847248,88.4277537680952,47.06044108132872,1.8790251798804114,778828,948898,0.8207710417768822,63393.53762499022,61407.21653751058,⬆️,2025-11-22 01:07:04
115180,큐리언트,KOSDAQ,391940.79065201455,64.55368377294246,27.73734832190981,2.327319937859789,717210,93791,7.646895757588681,35855.94005856457,36235.46114464566,➡️,2025-11-22 01:07:04
065660,안트로젠,KOSDAQ,104618.32965508637,62.32345929192127,16.53890072057844,3.768295145177069,625666,818376,0.7645214424665435,80080.64400624865,81975.6591550316,➡️,2025-11-22 01:07:04
236200,슈프리마,KOSDAQ,123105.8191022135,17.71754136487119,35.172934671528274,0.5037265593653508,115636,62759,1.8425405121177838,40731.16300578285,40719.99564555457,➡️,2025-11-22 01:07:04
194370,제이에스코퍼레이션,KOSPI,451045.18416176585,64.65083194460318,37.05861452597982,1.7445560977267494,429386,741576,0.5790181990787189,27396.095476191756,27302.156865893783,➡️,2025-11-22 01:07:04
142210,유니트론텍,KOSDAQ,125847.51331514727,77.499698597799,1.2740539166222242,60.829214200970746,237480,414314,0.5731884512712581,24658.48183014589,24408.879042664656,➡️,2025-11-22 01:07:04
900250,크리스탈신소재,KOSDAQ,272937.45970413927,68.2237852783666,49.31723216131788,1.3833660627020778,311760,186734,1.6695406299870403,97455.41242339116,93832.70410374292,⬆️,2025-11-22 01:07:04
224060,더코디,KOSDAQ,521798.7095519764,68.2050603439528,19.032550550199467,3.5836006406003205,539753,322552,1.6733828964012005,56669.56366309386,55644.69859194935,➡️,2025-11-22 01:07:04
109610,에스와이,KOSDAQ,281110.3495951083,29.117928436893052,43.81345734782617,0.6645886948781903,182346,658932,0.2767296170166269,20136.936567274133,20428.911185757825,➡️,2025-11-22 01:07:04
226320,잇츠한불,KOSPI,532023.8279698715,33.534970498035754,28.885989251394427,1.1609424280463894,880244,189552,4.643812779606652,7992.48132133345,8216.555886755372,➡️,2025-11-22 01:07:04
223310,사토시홀딩스,KOSDAQ,280214.2994861285,67.83933940534511,34.72785892547398,1.9534558566057414,815427,911314,0.8947816010727367,85997.12806682642,89027.54734899907,⬇️,2025-11-22 01:07:04
232140,와이씨,KOSDAQ,638187.182566304,73.42615586443203,8.027457130056131,9.146876112176585,644388,387343,1.6636108048938538,74451.2312490079,76017.70508025214,➡️,2025-11-22 01:07:04
191410,육일씨엔에쓰,KOSDAQ,636712.8347896957,82.7287537332329,39.32439085735573,2.103751690225057,413504,897523,0.4607168841355598,76778.66377960997,78100.55501493737,➡️,2025-11-22 01:07:04
145020,휴젤,KOSDAQ,535746.8948311757,1.8662628343402448,43.231121446892836,0.043169429149157064,555866,902212,0.616114616076931,79796.12828923577,76303.06788616048,⬆️,2025-11-22 01:07:04
222980,한국맥널티,KOSDAQ,34538.63199030996,86.29802288202438,21.616594411490233,3.9922117813411413,724271,155915,4.645293910143347,68163.21215014598,67956.3035626917,➡️,2025-11-22 01:07:04
206560,덱스터,KOSDAQ,361984.7015352157,49.571233033934156,2.0588498242818867,24.07714853667109,76982,625715,0.12303045316158315,76279.85125856023,77981.48074349535,➡️,2025-11-22 01:07:04
013310,아진산업,KOSDAQ,474799.87663369265,60.47170435537934,1.6946130016293632,35.68466918242457,617343,419297,1.472328683486884,91238.4241052386,91637.58241193567,➡️,2025-11-22 01:07:04
047920,HLB제약,KOSDAQ,874459.4755681091,50.297184123493885,15.341509283223566,3.2785029943889206,204865,945955,0.2165694985490853,99985.17799925944,100753.16435076138,➡️,2025-11-22 01:07:04
217730,강스템바이오텍,KOSDAQ,137890.19376823358,83.50886711571633,22.30413810590642,3.7440974728183787,912286,104143,8.759935857426807,61006.71879196373,60112.65075570397,➡️,2025-11-22 01:07:04
133750,메가엠디,KOSDAQ,377436.2596127376,68.67428874058119,17.199506130666727,3.992805852613111,180593,40288,4.48255063542494,66175.06273017918,64024.871701067466,⬆️,2025-11-22 01:07:04
225530,HC보광산업,KOSDAQ,517059.6402477825,24.353577050720627,33.88797318198049,0.7186495610091648,830089,584569,1.4200017448752842,32111.432517227553,31699.81215044162,➡️,2025-11-22 01:07:04
140860,파크시스템스,KOSDAQ,239852.0310570642,67.87581187149581,14.232279475790905,4.769145517901929,715532,242695,2.9482766435237644,62416.24658613607,64349.70436672876,⬇️,2025-11-22 01:07:04
230240,에치에프알,KOSDAQ,105097.48081900757,25.778621751084994,32.745449821422824,0.7872428655483007,572987,44214,12.959401999366717,46705.44105193258,45968.37086827698,➡️,2025-11-22 01:07:04
122640,예스티,KOSDAQ,595000.3567697344,44.33254090377505,27.167069656225845,1.6318484645109823,223603,778573,0.28719593409994953,93479.78745957384,93463.52611688497,➡️,2025-11-22 01:07:04
222040,코스맥스엔비티,KOSDAQ,697929.2550060233,62.5698848449977,28.21499794652111,2.2176108239877625,816310,771198,1.0584960023236574,65302.896143036734,67975.57032908432,⬇️,2025-11-22 01:07:04
058110,멕아이씨에스,KOSDAQ,825862.4791963563,90.01424529183612,38.62290338084765,2.3305924053465237,342708,31313,10.944591703126497,26697.445545159604,26212.784377657015,➡️,2025-11-22 01:07:04
217820,원익피앤이,KOSDAQ,926601.9459151704,64.0233777585682,1.2108260552295227,52.875784661267474,678274,768348,0.8827692660096726,54425.06915919925,52931.07434884711,➡️,2025-11-22 01:07:04
075580,세진중공업,KOSPI,236585.29124310488,41.98892146293282,27.762485138831945,1.512433820422008,271012,246640,1.098816088225754,53529.362968921596,51255.64032325723,⬆️,2025-11-22 01:07:04
221840,하이즈항공,KOSDAQ,343472.46559760976,10.812150236966627,46.685821428321574,0.23159387381813365,385232,321552,1.198039508384336,71713.18690271906,73199.33884330072,➡️,2025-11-22 01:07:04
180400,DXVX,KOSDAQ,31677.312396032594,5.794764104132357,26.868297963295763,0.21567291355963322,65894,730197,0.09024140060832898,10397.229645502284,10445.796966090524,➡️,2025-11-22 01:07:04
221980,케이디켐,KOSDAQ,258008.85575296194,72.13511040186046,35.768183935603936,2.0167395283956977,643195,842530,0.7634090180765076,84639.6073874314,81361.25049412467,⬆️,2025-11-22 01:07:04
212560,네오오토,KOSDAQ,490030.7719825526,66.87671305850517,3.4693044854136796,19.276691722989774,197155,310348,0.6352707283436658,86121.40474381135,84762.71963009567,➡️,2025-11-22 01:07:04
227950,엔투텍,KOSDAQ,970779.4446359334,52.39440533835851,24.460617390326426,2.141990306388555,815594,695299,1.1730118984782087,44465.54637078366,44627.67237203293,➡️,2025-11-22 01:07:04
214370,케어젠,KOSDAQ,358273.84179491707,31.27584827745674,41.313512186843326,0.7570367809933338,82691,537738,0.15377563051151305,55614.57246768182,58007.27599330536,⬇️,2025-11-22 01:07:04
185490,아이진,KOSDAQ,743671.6321393225,41.39725171719674,12.459819658991295,3.3224599432563635,825453,703632,1.1731316938399619,36339.07614643703,37754.05166245064,⬇️,2025-11-22 01:07:04
190510,나무가,KOSDAQ,314399.34992845275,15.341905032763515,31.908984783191837,0.48080204171349616,959258,651696,1.4719409049618226,16531.28134161625,15799.846254421185,⬆️,2025-11-22 01:07:04
056090,시지메드텍,KOSDAQ,549409.1381860004,85.74409675307807,9.537540769843122,8.990168306718381,381417,399148,0.9555778808862878,24875.372906138007,24770.63011899188,➡️,2025-11-22 01:07:04
214330,금호에이치티,KOSPI,306407.8696556255,78.52301139721887,12.886732561586976,6.093322028834663,121894,508489,0.23971806666417564,50100.10143906369,47869.97034577807,⬆️,2025-11-22 01:07:04
089590,제주항공,KOSPI,804672.2452258045,46.08406720898907,20.146488369170086,2.2874491258491942,616034,170574,3.611535169486557,92810.45974809723,95978.21058347062,⬇️,2025-11-22 01:07:04
226340,본느,KOSDAQ,870357.0767074964,94.28262667959733,26.21313170831931,3.5967707990295064,491606,645546,0.7615351965622899,46979.57500630602,48620.36567464785,⬇️,2025-11-22 01:07:04
182400,엔케이맥스,KOSDAQ,397970.4933727016,23.533964656296895,41.81546425585616,0.562805294048625,933357,290370,3.2143713193511725,63820.07366483323,61647.008655334204,⬆️,2025-11-22 01:07:04
227840,현대코퍼레이션홀딩스,KOSPI,641300.4919440638,56.576276461061035,1.8193008454454211,31.097812438607104,103685,425376,0.24374905965545776,17456.14289985584,17914.330386580135,➡️,2025-11-22 01:07:04
226360,KH 건설,KOSDAQ,574118.2152383364,38.24291948730607,36.355342317257616,1.0519202144646684,684074,858265,0.7970428713742259,70745.80621693164,72226.87654351146,➡️,2025-11-22 01:07:04
092870,엑시콘,KOSDAQ,615087.278845084,67.62051282998598,34.18657084242314,1.9779846636759972,430891,973657,0.4425490701550957,30170.456062129622,28906.82571535404,⬆️,2025-11-22 01:07:04
225430,케이엠제약,KOSDAQ,394007.34349735617,13.189615685751134,17.440000178724116,0.7562852953316923,931888,978649,0.9522188241136506,49700.17902632906,49919.08184410463,➡️,2025-11-22 01:07:04
225590,패션플랫폼,KOSDAQ,584992.0788320932,82.23305610295978,21.151896690265115,3.8877391142330264,439251,615653,0.7134717121495388,75298.04392639309,77852.05960018052,⬇️,2025-11-22 01:07:04
079550,LIG넥스원,KOSPI,798229.7246076636,1.520724646343921,27.338651480960564,0.05562544470794392,735240,328738,2.2365531213306644,19217.253843599006,20084.00836343737,⬇️,2025-11-22 01:07:04
225570,넥슨게임즈,KOSDAQ,988030.9469916077,28.668970313564376,8.651692166458059,3.313683584895884,485739,820824,0.5917699774860384,33003.904842689764,34356.32856130145,⬇️,2025-11-22 01:07:04
217190,제너셈,KOSDAQ,496515.82145345386,72.95255970381874,16.600687749505987,4.394550443007381,817036,633139,1.2904528073614168,67006.43992222584,69822.67370264516,⬇️,2025-11-22 01:07:04
219130,타이거일렉,KOSDAQ,132663.78852390905,41.25356217926201,34.2571673926578,1.2042315614251202,732968,950909,0.7708077218745432,27177.978401140463,26040.90324248801,⬆️,2025-11-22 01:07:04
039570,HDC랩스,KOSPI,896309.6974808755,45.418816819952234,40.678177691222174,1.1165401057224111,977808,978487,0.9993060715165353,49959.89741844584,49106.170541697145,➡️,2025-11-22 01:07:04
002690,동일제강,KOSPI,263392.77522152226,74.17480867845313,38.92582361526372,1.905542434030027,25101,216448,0.11596780751034891,80674.35660253878,76746.18306012198,⬆️,2025-11-22 01:07:04
175140,휴먼테크놀로지,KOSDAQ,258780.5759400681,66.81373050320153,38.2129536368055,1.7484576339801345,846313,539636,1.5683034489915424,11133.338351553166,11399.982512154358,➡️,2025-11-22 01:07:04
222080,씨아이에스,KOSDAQ,34780.278635764844,0.56355297781477,35.131952078194416,0.016041037986174247,455152,462325,0.9844849402476613,63588.44637010307,60724.900451519534,⬆️,2025-11-22 01:07:04
224110,에이텍모빌리티,KOSDAQ,243241.12429878517,71.49925196095168,28.70172062933899,2.4911137866719013,59607,605472,0.09844716188362138,29123.86205871382,29449.601207866614,➡️,2025-11-22 01:07:04
196700,웹스,KOSDAQ,56749.16527784518,76.70435390331224,43.806970342496776,1.7509623081352874,685090,338869,2.021695699518103,55817.64951767766,56636.850411754254,➡️,2025-11-22 01:07:04
095570,AJ네트웍스,KOSPI,339455.20600938826,0.7172312020144677,24.298691812680733,0.029517276384408767,879586,399075,2.204061893127858,58370.477225003546,57204.71308142512,➡️,2025-11-22 01:07:04
131760,파인텍,KOSDAQ,426485.55192631495,67.62111968180751,14.666065266306795,4.6107199479847845,83348,715665,0.11646231127692426,79387.4125833642,80684.84079825904,➡️,2025-11-22 01:07:04
222810,세토피아,KOSDAQ,415847.25933852175,66.31457254588975,42.36945240865233,1.565150569006352,301461,653910,0.46101298343808783,99026.03680511296,103125.29060357243,⬇️,2025-11-22 01:07:04
222800,심텍,KOSDAQ,589496.2804104697,18.67702243359999,41.03343284175145,0.45516597418571697,445730,939826,0.47426864121656565,63986.6989299399,67010.73955813718,⬇️,2025-11-22 01:07:04
189980,흥국에프엔비,KOSDAQ,334292.7373048758,97.8330136921811,42.87703445035612,2.2817112924508365,437539,319439,1.3697106489814956,41185.35267081664,39268.70369260658,⬆️,2025-11-22 01:07:04
222420,쎄노텍,KOSDAQ,987714.2681779581,80.89778752855588,19.417602604615986,4.166208835138315,804667,523290,1.5377075808824934,16771.053869896008,15978.969591660065,⬆️,2025-11-22 01:07:04
094360,칩스앤미디어,KOSDAQ,91189.54687944372,16.208599023950725,23.006589866577553,0.7045198405304518,775043,964558,0.8035214056593797,53377.162844032384,51129.96299369275,⬆️,2025-11-22 01:07:04
127710,아시아경제,KOSDAQ,886936.8210110684,41.584852005961984,10.338756058652368,4.022229731512058,271773,418324,0.6496710683584972,23088.030600916878,22716.68938734878,➡️,2025-11-22 01:07:04
214430,아이쓰리시스템,KOSDAQ,799383.6405577536,1.362454387168696,21.71605003421187,0.06273951225118103,105107,134659,0.7805419615473158,36627.39137545615,37455.34165048295,➡️,2025-11-22 01:07:04
067730,로지시스,KOSDAQ,104957.07200208913,10.992976548940026,37.06381418776616,0.29659593298329595,401381,98658,4.068408035840986,35071.87145211249,34024.49870261457,⬆️,2025-11-22 01:07:04
220260,켐트로스,KOSDAQ,245012.27546528008,88.61299167586212,24.9125258341825,3.5569653701784083,613993,782467,0.7846886833566143,78417.56669788607,76008.62952613007,⬆️,2025-11-22 01:07:04
214450,파마리서치,KOSDAQ,66399.75542944821,22.36701512767856,29.585732953271545,0.7560067943223036,625224,144784,4.3183224665708915,45158.963798346325,46125.65552738568,➡️,2025-11-22 01:07:04
219550,디와이디,KOSDAQ,171331.29750972294,34.83659469718003,46.65021112887451,0.7467617799401052,116366,380307,0.3059791168713697,97378.79230091616,100718.18444625767,⬇️,2025-11-22 01:07:04
087010,펩트론,KOSDAQ,772651.4321225326,49.623121245610726,15.446057848553332,3.21267223858406,31497,116871,0.26950227173550323,46772.16770950991,46223.83279186246,➡️,2025-11-22 01:07:04
214320,이노션,KOSPI,394551.2391706292,14.737124685466329,38.304273787168086,0.38473839152651573,913073,983718,0.9281857198912696,74013.58154642167,75403.86133255775,➡️,2025-11-22 01:07:04
214420,토니모리,KOSPI,243155.13207729362,2.9382378695749334,34.492243047127374,0.08518546809380781,644198,466624,1.380550507474969,21884.772188510084,22951.16481456307,⬇️,2025-11-22 01:07:04
085620,미래에셋생명,KOSPI,418066.11538893625,57.21317656446544,3.9879746501264157,14.346424334129564,297395,903939,0.3289989700632454,77005.60411509253,77966.90491536152,➡️,2025-11-22 01:07:04
218410,RFHIC,KOSDAQ,876540.9571909372,30.060532049150304,40.92299717831263,0.7345633047884639,529873,106173,4.990656758309552,38807.99846884285,40338.03522865589,⬇️,2025-11-22 01:07:04
094170,동운아나텍,KOSDAQ,799046.8190678804,64.45659124116534,25.343256098615402,2.5433429307722952,311065,771677,0.4031025934425932,84436.9056544673,88449.76432184227,⬇️,2025-11-22 01:07:04
178780,일월지엠엘,KOSDAQ,191096.14069469937,97.82544345142746,13.173154457550394,7.426121341449642,503261,35587,14.14170905105797,46412.557639952465,45194.341201333715,➡️,2025-11-22 01:07:04
214180,헥토이노베이션,KOSDAQ,398207.84185520886,12.25722189096645,1.8082675852172339,6.778433673849186,976713,733075,1.332350714456229,80828.90193183089,82552.42748132844,➡️,2025-11-22 01:07:04
214390,경보제약,KOSPI,735527.7241994222,9.986970032501258,21.37962638067241,0.4671255640617588,169294,611872,0.2766820511479525,10200.906008724458,10217.103695638489,➡️,2025-11-22 01:07:04
166480,코아스템켐온,KOSDAQ,141350.03681622868,66.84678352150875,25.277133172580196,2.6445555777671004,667846,640173,1.0432273775994927,36525.7435101495,38003.36174309464,⬇️,2025-11-22 01:07:04
210980,SK디앤디,KOSPI,288181.0595435858,30.682196245563137,39.98955187887451,0.7672553155508548,790465,362867,2.1783876737206747,68091.76405525953,68724.75176775864,➡️,2025-11-22 01:07:04
177350,베셀,KOSDAQ,892229.1116808895,4.02674484205036,9.604332720590369,0.4192633636501964,70083,746306,0.09390652091769328,55826.54424118225,56517.136874895696,➡️,2025-11-22 01:07:04
217270,넵튠,KOSDAQ,915269.6510584427,46.68499329630859,6.628146609334737,7.0434460865062745,466450,101121,4.612790617181396,57764.589518343026,60532.09407873919,⬇️,2025-11-22 01:07:04
218150,미래생명자원,KOSDAQ,827846.408206109,73.68715578136135,6.9406781560538295,10.616708356818075,603506,155230,3.8878180764027572,96379.72990011291,99809.76794192,⬇️,2025-11-22 01:07:04
160980,싸이맥스,KOSDAQ,916192.2224516008,93.70426027363675,9.073826319806134,10.326873908651006,519535,494925,1.0497247057634995,71130.50029067883,69987.53381189347,➡️,2025-11-22 01:07:04
217500,러셀,KOSDAQ,433521.8525718546,82.21878723300898,32.997570366343,2.4916618502576435,292903,65670,4.460225369270596,3175.9473337500594,3251.4111010095717,➡️,2025-11-22 01:07:04
087600,픽셀플러스,KOSDAQ,481468.10348766303,4.1454802838269105,32.45984715795576,0.12771102290328784,259524,769544,0.33724387429438735,41216.74977720044,40831.672847133086,➡️,2025-11-22 01:07:04
217620,선샤인푸드,KOSDAQ,691109.7459139503,61.405042517468544,26.473423007213597,2.3194976524470077,455003,449042,1.0132749275123485,59908.83165734243,61404.15470555526,➡️,2025-11-22 01:07:04
187420,HLB제넥스,KOSDAQ,611869.1335241426,75.23033400678405,1.7304832317592362,43.47359894975909,243376,159679,1.5241578416698502,88008.67357555016,86737.58310127874,➡️,2025-11-22 01:07:04
215380,우정바이오,KOSDAQ,744434.2385005839,78.47877239175689,30.372992477950792,2.583834057468272,676427,891886,0.7584231617045227,73578.22718390815,73590.78518810922,➡️,2025-11-22 01:07:04
215480,토박스코리아,KOSDAQ,117770.25792109256,73.43701353116246,1.9472909018865834,37.71240006309015,360714,660602,0.5460383105107159,51998.38085766141,50891.70923700268,➡️,2025-11-22 01:07:04
215790,이노인스트루먼트,KOSDAQ,492315.7190407582,3.690743062858859,9.990722804814459,0.36941702166737284,441489,335682,1.3152001000947324,23997.383407373316,25172.60306100949,⬇️,2025-11-22 01:07:04
215360,우리산업,KOSDAQ,753669.2673632392,53.0237823085309,30.508342503796616,1.7380092773618345,327321,558818,0.5857381115139455,42745.786463380995,44499.979453495864,⬇️,2025-11-22 01:07:04
215200,메가스터디교육,KOSDAQ,255249.14471340555,35.06576080047215,10.481793138912458,3.3453971410954986,307203,858303,0.35791905655695017,99238.82477716843,100046.14313765099,➡️,2025-11-22 01:07:04
215090,솔디펜스,KOSDAQ,944833.0798982161,72.09598951810898,36.68029762186236,1.9655235696653126,438484,278010,1.5772238408690336,89085.04543216973,88497.80019001954,➡️,2025-11-22 01:07:04
215100,로보로보,KOSDAQ,222673.6358599635,11.822716925601682,39.807250778003265,0.29699908168827105,742777,400848,1.8530141100866164,26527.63245110453,27114.051397624266,➡️,2025-11-22 01:07:04
214680,디알텍,KOSDAQ,857675.4889946957,90.73674253165007,7.518121908380284,12.069070392501594,615201,103182,5.962289934290864,90014.08965833097,93872.8459497299,⬇️,2025-11-22 01:07:04
195990,에이비프로바이오,KOSDAQ,632809.644727359,95.75494650241293,48.485978960557084,1.9748997247288487,837618,431351,1.9418478223071234,81834.15705499556,83784.88674699403,➡️,2025-11-22 01:07:04
215000,골프존,KOSDAQ,854430.7590861336,73.59415297011205,2.747716065639472,26.783754657337415,280294,216440,1.295019404915912,67621.44723017227,69403.2575367533,➡️,2025-11-22 01:07:04
214150,클래시스,KOSDAQ,326794.87436138146,76.61549594363265,31.147530860236767,2.459761458698504,669748,545245,1.2283432218543957,87110.04616530082,84933.78704529499,➡️,2025-11-22 01:07:04
214270,FSN,KOSDAQ,591756.8534251286,90.51960435621486,27.749326878760638,3.262046850783204,637884,615767,1.0359178065729406,11747.601971448006,12204.126619450524,⬇️,2025-11-22 01:07:04
145210,다이나믹디자인,KOSPI,916259.7160772764,20.56025492817269,11.83501443683552,1.7372395308771713,102381,194733,0.5257506431883656,72992.7319730905,74677.41927188098,➡️,2025-11-22 01:07:04
189690,포시에스,KOSDAQ,941243.0848742216,61.507985410473346,4.4082029351968295,13.953074827696645,989786,678020,1.4598182944455915,53903.76193433162,53975.36889111831,➡️,2025-11-22 01:07:04
213420,덕산네오룩스,KOSDAQ,967044.9778069602,47.31638670784579,3.7370540880609977,12.661413400199486,264218,273157,0.9672752299959364,1353.8126503672045,1325.0939141983442,➡️,2025-11-22 01:07:04
213500,한솔제지,KOSPI,116599.43971486288,52.09162737376451,44.8304491396163,1.1619697855699502,943992,780371,1.2096707847933867,46644.91822593785,47900.807812205065,➡️,2025-11-22 01:07:04
210540,디와이파워,KOSPI,885095.0938388454,23.368575515948116,30.77522589437594,0.7593307550739583,88992,870140,0.10227319741650769,24738.749455007408,24580.864413993568,➡️,2025-11-22 01:07:04
060480,국일신동,KOSDAQ,427746.12206910865,31.776942727547024,18.891505907474542,1.682075684340986,663068,607893,1.0907643285907225,19889.752761247542,19905.805256111078,➡️,2025-11-22 01:07:04
193250,링크드,KOSDAQ,206431.53667912155,48.26518284326133,35.69533380678364,1.3521426387134354,241695,720965,0.3352381877067541,51235.14992836934,52298.15124779538,➡️,2025-11-22 01:07:04
206640,바디텍메드,KOSDAQ,328808.77560891927,33.98523751362631,37.41417950997248,0.9083518056187171,676399,838468,0.8067081868359913,64615.45180302889,61543.077159035645,⬆️,2025-11-22 01:07:04
204630,스튜디오산타클로스,KOSDAQ,709671.2213706244,60.471936779860265,5.282429565259875,11.44775070500827,462473,635138,0.728145694321549,87662.36560106094,91078.95958105342,⬇️,2025-11-22 01:07:04
208640,썸에이지,KOSDAQ,377704.8238821268,22.662840110184067,9.982538238353177,2.2702482644256583,547323,296316,1.8470922933624914,73401.56552280356,71379.22491658496,➡️,2025-11-22 01:07:04
200470,에이팩트,KOSDAQ,791018.4539534731,78.94643139454836,11.988972173712362,6.584920729706118,446166,137585,3.2428389722716866,89425.0096370094,88429.27341943479,➡️,2025-11-22 01:07:04
200670,휴메딕스,KOSDAQ,804479.7676586059,68.76429303067596,17.486726833267316,3.932370745327624,841827,629619,1.3370419253548576,94149.22163165182,96570.85055927951,➡️,2025-11-22 01:07:04
189860,서전기전,KOSDAQ,542554.656618396,5.885982383982232,28.622515872640168,0.20564168468532684,444457,195886,2.268957454846186,6727.419843976627,6669.2716925602235,➡️,2025-11-22 01:07:04
067390,아스트,KOSDAQ,265825.6728497796,95.74848452963863,9.191148359615475,10.417466978374877,994743,648345,1.534280359993522,44599.26966837419,46268.216955327436,⬇️,2025-11-22 01:07:04
080580,오킨스전자,KOSDAQ,479128.6043733096,41.23167904629136,2.530994561403175,16.290702348816055,495478,204792,2.4194206804953318,20375.692790240104,19753.429831140274,⬆️,2025-11-22 01:07:04
208350,지란지교시큐리티,KOSDAQ,766993.6747953808,66.53679276023144,37.93214057603962,1.7541006584337175,841688,564300,1.4915612262980684,6372.420804914242,6325.579064295545,➡️,2025-11-22 01:07:04
208710,포톤,KOSDAQ,225902.76913122073,32.60698647023958,17.089936640157898,1.907964152050731,201963,36129,5.590052312546708,81617.81305233337,77933.05905073907,⬆️,2025-11-22 01:07:04
160550,NEW,KOSDAQ,702527.0540385416,47.56257419375532,39.57695742228037,1.2017743983265206,373684,552315,0.6765776775934023,45600.80226380593,47293.037660722846,⬇️,2025-11-22 01:07:04
124500,아이티센글로벌,KOSDAQ,946958.9186101363,85.05446319088084,29.686656841230093,2.86507381567983,876040,238099,3.679309866904103,35283.75010204156,36867.6545770717,⬇️,2025-11-22 01:07:04
028260,삼성물산,KOSPI,937123.8021189866,1.269966626603235,18.0071292827215,0.07052576824790248,12243,692801,0.017671741235939325,52090.179608052356,51297.50083430217,➡️,2025-11-22 01:07:04
142280,녹십자엠에스,KOSDAQ,747747.8714517705,25.512835459759376,38.66506904946492,0.65984197330982,518201,512551,1.0110232932917895,38247.26540528957,37933.66552591006,➡️,2025-11-22 01:07:04
187220,디티앤씨,KOSDAQ,549650.8086615376,26.657097548996163,20.41408782559992,1.3058186962224836,158540,895595,0.1770219798011378,61824.57699750725,60310.31848076876,➡️,2025-11-22 01:07:04
208370,셀바스헬스케어,KOSDAQ,454333.3974700349,31.610677759211978,21.79524113979016,1.450347695465613,241798,206835,1.1690381221746804,36794.93563190325,36557.913332220116,➡️,2025-11-22 01:07:04
208140,정다운,KOSDAQ,478204.5698335244,47.73807078307738,17.821543021628923,2.6786721399567135,157673,472825,0.3334700999312642,37592.1773881666,35894.58723729602,⬆️,2025-11-22 01:07:04
149980,하이로닉,KOSDAQ,80700.43770958138,19.992657309881608,5.63312531844042,3.549123475814443,700200,394256,1.7760034089525587,28710.9857621977,28808.297370127646,➡️,2025-11-22 01:07:04
084650,랩지노믹스,KOSDAQ,792883.781008022,79.49881631433124,42.94265543601795,1.8512785366237967,918876,509354,1.8040027171672353,53951.210688831845,55883.47115005793,⬇️,2025-11-22 01:07:04
200710,에이디테크놀로지,KOSDAQ,91352.03715840438,14.169906192510204,24.519163800036257,0.5779114780614685,627954,889318,0.7061073766639155,60741.76362920942,62626.25884794886,⬇️,2025-11-22 01:07:04
200780,비씨월드제약,KOSDAQ,292009.331256321,30.828198312012017,2.2321112580207085,13.811228361147402,828284,743106,1.1146242931694805,92434.61369704314,88593.39980828091,⬆️,2025-11-22 01:07:04
207760,미스터블루,KOSDAQ,876146.221217907,91.61142928859714,40.354424123064405,2.2701706511588404,646122,637113,1.0141403487293463,63894.62210135071,61999.01717962081,⬆️,2025-11-22 01:07:04
196170,알테오젠,KOSDAQ,376598.30788451846,78.16157898892128,9.79702914343116,7.978089872410767,911968,837473,1.088952121441527,62801.03740017372,60137.99462411507,⬆️,2025-11-22 01:07:04
206400,베노티앤알,KOSDAQ,816809.8435362063,16.516881046781517,6.554458379344096,2.519945980408279,334601,894894,0.3739001490679343,47349.494938362106,48933.20571132836,⬇️,2025-11-22 01:07:04
140520,대창스틸,KOSDAQ,200030.2932128572,60.23141784338441,46.05500764207512,1.3078147399623479,343214,70687,4.855404812766138,36247.85032139187,34669.694710991425,⬆️,2025-11-22 01:07:04
173940,에프엔씨엔터,KOSDAQ,960562.7018755297,41.51662063144242,12.670405789544745,3.276660694300789,748466,719030,1.0409384865721876,24330.910227917888,24777.556891053126,➡️,2025-11-22 01:07:04
205470,휴마시스,KOSDAQ,937791.360165628,3.7902502067298545,28.350661170741358,0.13369177473157115,390011,411972,0.9466929791345043,76296.70140146666,76855.63664300731,➡️,2025-11-22 01:07:04
112610,씨에스윈드,KOSPI,544050.8768575481,24.064908756123465,17.942312383427097,1.3412378651010262,470343,604176,0.7784867323428935,87421.38064166182,91698.75061962994,⬇️,2025-11-22 01:07:04
200230,텔콘RF제약,KOSDAQ,716136.4667852148,62.76650840380028,10.82344280554458,5.7991259834298345,759042,132521,5.727711079753398,13269.649708812121,13608.2013660894,➡️,2025-11-22 01:07:04
204840,지엘팜텍,KOSDAQ,828068.1113017981,95.71513497612047,11.801406859611701,8.110485140859703,128332,636432,0.20164290921889536,54398.57075559433,56143.83060679539,⬇️,2025-11-22 01:07:04
204620,글로벌텍스프리,KOSDAQ,674373.4854911461,90.95607351656311,33.983640926098296,2.6764664126000666,998308,648643,1.539071569414917,10747.917389383978,10263.592131744452,⬆️,2025-11-22 01:07:04
196490,디에이테크놀로지,KOSDAQ,952391.3430326828,58.12072753106802,15.755201344390931,3.6889866565722946,310724,98822,3.144279613851167,20066.910767113797,20485.052449822364,➡️,2025-11-22 01:07:04
018260,삼성에스디에스,KOSPI,650397.3252177697,66.38117367864824,14.902636142233769,4.454324258144191,906712,335444,2.7030204743563755,81608.78899563823,80962.93083204122,➡️,2025-11-22 01:07:04
205500,넥써쓰,KOSDAQ,657671.6535293076,12.7136094233137,4.908565202731122,2.590086695036639,999817,447636,2.233549133671108,19027.218445232458,19377.486477749168,➡️,2025-11-22 01:07:04
205100,엑셈,KOSDAQ,530884.4542490672,85.25024851633835,43.89593843708836,1.9420987806996988,270686,568997,0.4757248280746647,1147.8618199894227,1121.5797820877283,➡️,2025-11-22 01:07:04
191420,테고사이언스,KOSDAQ,283983.19295867014,62.416327904536494,47.26898893950211,1.3204498193185583,385216,683037,0.5639753044124989,54929.10050571735,52198.189800182154,⬆️,2025-11-22 01:07:04
192440,슈피겐코리아,KOSDAQ,339156.1274037312,87.40158504857877,27.10225344409791,3.2248825814007103,356536,139276,2.559924179327379,91829.20483662283,90511.28714934303,➡️,2025-11-22 01:07:04
143540,영우디에스피,KOSDAQ,363755.87564766913,13.642206018835777,36.706493477831685,0.3716564761783845,176111,138248,1.2738773797812626,59613.55732677768,56921.02753871186,⬆️,2025-11-22 01:07:04
203650,드림시큐리티,KOSDAQ,478932.25578233704,22.393218939957677,36.62929347705313,0.6113472801212009,196361,89634,2.190697726309213,46438.63230567876,45706.675229592445,➡️,2025-11-22 01:07:04
041920,메디아나,KOSDAQ,944073.6454848186,58.027784817409604,26.6587838714576,2.1766853693404005,613004,907579,0.6754277038142135,44075.392873658275,45751.48851188214,⬇️,2025-11-22 01:07:04
204320,HL만도,KOSPI,842412.7541507648,9.574576081679151,43.418398330211424,0.22051886872614004,919507,223254,4.118658568267533,14455.254265158006,14252.419646621567,➡️,2025-11-22 01:07:04
194480,데브시스터즈,KOSDAQ,771323.6261046611,64.52842973776932,44.221877146844584,1.4591969835087313,913534,351458,2.5992693294789135,80386.49207809535,77755.23601902337,⬆️,2025-11-22 01:07:04
203690,아크솔루션스,KOSDAQ,370963.0352088579,11.300636476772798,31.904998696699916,0.3541964249615116,351667,527730,0.6663767456843461,51675.29511543222,52711.98274146789,➡️,2025-11-22 01:07:04
192410,오늘이엔엠,KOSDAQ,843156.786697137,80.70657272157978,35.21898784474943,2.291564228857071,829076,182052,4.554061476940654,4957.039743454996,5184.610975774157,⬇️,2025-11-22 01:07:04
198440,강동씨앤엘,KOSDAQ,990620.9639695083,54.159814555705616,13.456539135388535,4.02479523232493,37858,984859,0.03844002034809044,59573.08481494078,57218.216950089336,⬆️,2025-11-22 01:07:04
200880,서연이화,KOSPI,470571.5148626185,69.33494746808903,36.20567909298659,1.9150296087532828,469382,81091,5.788336560160807,42319.34935919973,42314.71972011293,➡️,2025-11-22 01:07:04
187270,신화콘텍,KOSDAQ,630546.5488825006,45.18734312766175,43.515178816078894,1.0384271501824782,248748,513067,0.484825568590457,15583.418835484223,16137.220355210522,⬇️,2025-11-22 01:07:04
192400,쿠쿠홀딩스,KOSPI,12871.758936291775,56.10350433981027,14.91312250684268,3.7620226290012675,90476,630464,0.14350700436503908,28181.887590540566,28441.929704280366,➡️,2025-11-22 01:07:04
177830,파버나인,KOSDAQ,440860.26454048586,29.4251459020643,9.107576149091521,3.230842698471366,187509,238509,0.7861715910091444,49158.21789496057,49984.482149123,➡️,2025-11-22 01:07:04
090410,덕신이피씨,KOSDAQ,487972.3186605616,38.27762008219477,13.674302530619272,2.7992374745610724,732429,207716,3.526107762521905,86068.87230756407,87745.2299947125,➡️,2025-11-22 01:07:04
004650,창해에탄올,KOSDAQ,268764.96735944634,43.596267206035215,13.857154705867146,3.1461196855640554,824279,317678,2.5946996644400935,93115.38577128813,93772.9089218472,➡️,2025-11-22 01:07:04
192390,윈하이텍,KOSDAQ,77142.05450611259,21.060496181007828,15.97785005986826,1.3181057590411183,477681,28312,16.872033060186492,96203.44016163716,99080.40989954911,➡️,2025-11-22 01:07:04
059120,아진엑스텍,KOSDAQ,122737.90369069924,0.17238906321013325,18.389412329305863,0.009374364994546856,531551,800531,0.6639980213133533,51328.271643429434,52146.442706099195,➡️,2025-11-22 01:07:04
200130,콜마비앤에이치,KOSDAQ,744677.4091622729,19.21319780365724,16.026664119090096,1.1988270085957262,70497,574530,0.12270377525977756,24306.668917439085,24272.646975415977,➡️,2025-11-22 01:07:04
133820,화인베스틸,KOSPI,414270.4486100357,69.73473703531369,27.190997210187096,2.5646259494001784,45866,744652,0.06159387203687092,45310.88169189661,47010.4778894345,⬇️,2025-11-22 01:07:04
105550,엣지파운드리,KOSDAQ,780006.336492381,5.071038133518419,3.0221205346803837,1.6779734875977497,155097,874459,0.17736337552704015,36320.20385455771,37045.39568971326,➡️,2025-11-22 01:07:04
196450,코아시아씨엠,KOSDAQ,608903.0197128231,25.628327084853037,47.141563968207294,0.5436460933315029,161089,21997,7.323225894440151,36449.40782811343,36065.328985625434,➡️,2025-11-22 01:07:04
071850,캐스텍코리아,KOSDAQ,880697.3781656709,98.1121429334025,17.89891174395244,5.481458556638335,553574,446354,1.24021292516702,48722.82972083081,48218.50057894567,➡️,2025-11-22 01:07:04
027410,BGF,KOSPI,143541.49126867592,45.951678956410454,36.14115933568385,1.2714500530988837,690054,988069,0.6983864487196745,34163.695901398074,32528.310726488733,⬆️,2025-11-22 01:07:04
187790,나노,KOSDAQ,731757.7496263105,82.12959120430357,38.04725510240265,2.158620667463529,392246,841247,0.4662673388434075,66386.35166440293,66428.3652962208,➡️,2025-11-22 01:07:04
192250,케이사인,KOSDAQ,590641.748438901,7.80317909399535,7.638391367266517,1.0215736165909242,404798,837844,0.4831424465652317,10859.99088709622,11114.690661500423,➡️,2025-11-22 01:07:04
192820,코스맥스,KOSPI,944762.917743581,74.37835827360402,36.846944204166206,2.01857602794628,85665,456419,0.18768938190566126,24231.706326603795,24922.304775667755,➡️,2025-11-22 01:07:04
138080,오이솔루션,KOSDAQ,263475.67153196764,1.297557207704817,10.687804625458151,0.12140540112550897,612341,493695,1.2403224663000436,22911.905190178844,23033.820488392787,➡️,2025-11-22 01:07:04
053300,한국정보인증,KOSDAQ,655627.6560903933,64.341209637824,5.919820049596377,10.86877795250058,496631,773002,0.6424705240089935,40424.94311894384,39956.350030740476,➡️,2025-11-22 01:07:04
154040,다산솔루에타,KOSDAQ,50799.87678530448,17.17474689048345,49.209760088013965,0.3490109860272761,316867,811423,0.39050778693726945,85997.20516710331,89683.68539322575,⬇️,2025-11-22 01:07:04
090850,현대이지웰,KOSDAQ,963211.6949200449,76.45638071112047,14.788107786703845,5.170126010297495,288274,683164,0.4219689562096363,58083.16729259477,56741.969636161266,➡️,2025-11-22 01:07:04
184230,SGA솔루션즈,KOSDAQ,774757.4291306592,37.45138869063862,45.02367417476955,0.8318154699072894,923140,425676,2.168644696905628,68113.19511419977,66075.97824327703,⬆️,2025-11-22 01:07:04
049080,기가레인,KOSDAQ,552858.8411658031,37.844146658019746,21.426366795729447,1.7662418934022253,259184,843805,0.3071610146894128,54144.45302385192,54725.224051619305,➡️,2025-11-22 01:07:04
150840,인트로메딕,KOSDAQ,959794.7183451994,51.70534362305718,36.23708526930785,1.4268626529642732,204886,517236,0.396117052950684,61181.7003939527,62255.74668710106,➡️,2025-11-22 01:07:04
085810,알티캐스트,KOSDAQ,947974.6607498397,50.85181906834314,2.0653703805272023,24.6211621643198,83681,706941,0.1183705570903371,54742.195100807185,52815.7499495213,⬆️,2025-11-22 01:07:04
185750,종근당,KOSPI,212804.35263224697,81.27045569225892,43.10240293293743,1.8855202996154705,345585,808838,0.42726108318352995,51524.41001773475,49665.98116926999,⬆️,2025-11-22 01:07:04
170030,현대공업,KOSDAQ,56363.180840714434,30.491610457010754,17.85471733497962,1.707762149629436,636538,620131,1.0264573130515973,21218.304541449546,20353.124484133663,⬆️,2025-11-22 01:07:04
067570,엔브이에이치코리아,KOSDAQ,188515.77367412084,43.609250593000105,16.103925069561186,2.7079889160331527,295310,969466,0.30461099203066433,79800.4794714635,79159.17190763658,➡️,2025-11-22 01:07:04
134580,탑코미디어,KOSDAQ,582775.8753492194,39.82185324475996,28.62027452871853,1.3913861379911432,325442,814906,0.39936139873801396,95769.49776051744,91544.80140784972,⬆️,2025-11-22 01:07:04
006880,신송홀딩스,KOSPI,147058.01426884255,7.167202804524678,49.403312685190166,0.14507534849324424,196424,65730,2.9883462650235812,59893.9723298442,57303.54051786758,⬆️,2025-11-22 01:07:04
182360,큐브엔터,KOSDAQ,126090.51618694894,70.41052461182491,41.845364557857316,1.6826361857708778,361938,995124,0.3637114570646472,93170.93403400326,91498.80617846553,➡️,2025-11-22 01:07:04
171120,라이온켐텍,KOSDAQ,897111.8803703561,12.832752979500434,31.16938362814727,0.4117101939709811,832622,53395,15.593632362580767,74754.05651291588,71764.1972898042,⬆️,2025-11-22 01:07:04
171010,램테크놀러지,KOSDAQ,699565.9975624529,6.380336951747924,34.979638093448074,0.18240145694769222,46554,722312,0.06445137281396406,82873.00305613173,84860.93909776198,➡️,2025-11-22 01:07:04
138360,협진,KOSDAQ,901843.7442897665,70.70063279472818,16.592458100010486,4.261010175139963,811375,860137,0.9433090310032006,81013.56341490253,81084.03438017622,➡️,2025-11-22 01:07:04
183190,아세아시멘트,KOSPI,554866.0286963343,83.98918503227252,18.12441584312121,4.6340354226726195,88642,983824,0.09009944868187805,99672.91207573826,101862.84020818361,➡️,2025-11-22 01:07:04
076610,해성옵틱스,KOSDAQ,827862.9352287976,77.65686732818935,34.13653207339209,2.2748903480069504,190746,688366,0.27709968243637834,39576.3272923032,37617.430160910975,⬆️,2025-11-22 01:07:04
168330,내츄럴엔도텍,KOSDAQ,275720.02869353315,26.973346363143946,4.149474384789743,6.500424839834433,870260,593116,1.4672677857282554,19518.0150631822,19185.910930028025,➡️,2025-11-22 01:07:04
064350,현대로템,KOSPI,613818.1816148331,47.00820480751631,19.142674230580486,2.4556759542206774,684456,46016,14.874304589707927,46559.81619674968,45522.78230064653,➡️,2025-11-22 01:07:04
131970,두산테스나,KOSDAQ,135824.23171589518,25.36246275014986,47.00875174070323,0.5395264032971416,227821,152321,1.4956637627116418,26439.01028462927,26148.302559239284,➡️,2025-11-22 01:07:04
150900,파수,KOSDAQ,489259.3478990832,89.2934488303245,4.84564860529407,18.427553482266077,790400,831341,0.9507530604168446,69305.55404895579,67557.85717122775,➡️,2025-11-22 01:07:04
170920,엘티씨,KOSDAQ,346780.5511455349,22.30772069337971,36.20687802105174,0.6161183154319283,198311,940593,0.21083614273123444,30364.02017765636,31683.59376141858,⬇️,2025-11-22 01:07:04
119850,지엔씨에너지,KOSDAQ,147074.20371157952,19.615846451623035,33.27702564102568,0.5894711463466729,506317,989493,0.5116933621561749,53622.38656257188,52786.7267189629,➡️,2025-11-22 01:07:04
180640,한진칼,KOSPI,445523.5748005009,62.76590778873519,24.212015798690558,2.592345400341665,592168,811440,0.7297742285319925,30773.508144386396,32058.76913184157,⬇️,2025-11-22 01:07:04
092040,아미코젠,KOSDAQ,654065.7353729918,91.06317954525619,30.614747819397117,2.974487331480147,589274,567197,1.0389229844304537,29019.95044769807,28093.184745672308,⬆️,2025-11-22 01:07:04
181710,NHN,KOSPI,607627.4957472141,74.56191809282794,37.925617947467586,1.9660040396996794,688378,172476,3.9911523922168883,35050.52162487147,35756.91315700551,➡️,2025-11-22 01:07:04
130500,GH신소재,KOSDAQ,887147.4673794397,49.40784567728256,4.014573285927212,12.307122615117798,244851,140247,1.7458555263214186,33727.256308761,33624.82468082197,➡️,2025-11-22 01:07:04
170790,파이오링크,KOSDAQ,950680.5285757263,3.4370215493815848,29.386936084565875,0.11695746502769035,256213,972970,0.2633308323997657,78018.91560346549,74938.897183055,⬆️,2025-11-22 01:07:04
151860,KG에코솔루션,KOSDAQ,375501.5766878803,74.12856486916083,14.616649359784773,5.071515574089981,532642,720095,0.7396829584985315,97598.89006386658,102167.81362993548,⬇️,2025-11-22 01:07:04
175330,JB금융지주,KOSPI,837875.4048835465,54.935815000251026,28.649439965128387,1.917517936375649,432501,672025,0.6435787359101224,5751.636798505469,5913.746986074087,➡️,2025-11-22 01:07:04
089600,KT나스미디어,KOSDAQ,866056.3917072963,14.074367090004335,36.2277062902309,0.3884973279083806,362573,601125,0.603157413183614,18279.202899510194,18146.342481590542,➡️,2025-11-22 01:07:04
950130,엑세스바이오,KOSDAQ,936423.6615657491,97.62374133791606,34.98941687054432,2.7900934073611316,278806,885099,0.31499979098383346,68117.06643588065,68469.76832830277,➡️,2025-11-22 01:07:04
155660,DSR,KOSPI,112323.47244719442,20.0525837182801,4.5042346571212635,4.451940283922966,343554,997394,0.3444516409763845,16357.702407974171,15969.067936347574,➡️,2025-11-22 01:07:04
141080,리가켐바이오,KOSDAQ,967304.3286863731,3.697022869163097,24.195969020501867,0.15279499101815325,120786,840645,0.14368252948628732,77762.57253661065,78267.58659939174,➡️,2025-11-22 01:07:04
170900,동아에스티,KOSPI,172575.1112513471,7.77190790354706,21.9218615747973,0.3545277337432928,304764,101099,3.0145105292831778,11431.94535059004,11906.63622373003,⬇️,2025-11-22 01:07:04
097800,윈팩,KOSDAQ,583375.6896165019,49.792422182943056,21.652202763950548,2.299646956283084,72150,61355,1.1759432809062016,82562.15269956994,82863.33247142681,➡️,2025-11-22 01:07:04
104540,코렌텍,KOSDAQ,455091.20618010213,22.592339511946076,19.379999226281676,1.1657554393143663,921179,158635,5.806908941910676,96675.81150191056,97332.52101328596,➡️,2025-11-22 01:07:04
159580,제로투세븐,KOSDAQ,266954.2251138834,71.74480634388003,30.998796413514054,2.3144384506684452,149368,610725,0.24457489049899708,3570.844510597819,3632.7741179754444,➡️,2025-11-22 01:07:04
114810,한솔아이원스,KOSDAQ,637261.7650713152,40.82694766604404,18.821094076700998,2.169212241310909,69437,97317,0.7135135690578214,75476.20798530104,76191.89079235194,➡️,2025-11-22 01:07:04
153490,우리이앤엘,KOSDAQ,505726.4934325354,63.00385940859844,24.70639828997222,2.550102959935294,565246,355110,1.5917490355101236,29730.195769564667,31091.00901823061,⬇️,2025-11-22 01:07:04
099190,아이센스,KOSDAQ,585893.7009781539,33.23788387854886,28.842176747541796,1.1524055264442448,953951,869086,1.0976485641236886,29664.474942505523,28808.24543387332,➡️,2025-11-22 01:07:04
159910,에코글로우,KOSDAQ,722527.1934370347,2.797151490605587,3.0914794597006483,0.9047938137931018,955325,414207,2.3063951116229324,46732.56573237972,48133.81269820622,➡️,2025-11-22 01:07:04
046970,우리로,KOSDAQ,888292.4203643828,67.67865408674834,10.984930643480096,6.161045188475337,361698,988585,0.3658744569258081,84235.70534487019,80811.25772997299,⬆️,2025-11-22 01:07:04
113810,디젠스,KOSDAQ,709931.0264805752,82.38596383855379,36.377292432628934,2.2647634919815247,61574,362981,0.1696342232789044,34601.668632042885,35100.139396295854,➡️,2025-11-22 01:07:04
013870,지엠비코리아,KOSPI,858418.0582824462,90.75307145627194,28.730437346952158,3.158777931582702,282766,991024,0.28532709601382006,95412.50745845682,95411.80187366843,➡️,2025-11-22 01:07:04
155650,와이엠씨,KOSDAQ,926474.8862921317,75.00579852138229,40.14812327037877,1.8682267665727097,426768,244927,1.7424293769163874,38679.401778780695,39832.93926072607,➡️,2025-11-22 01:07:04
037560,LG헬로비전,KOSPI,254507.81516664222,63.77607455310041,15.994747970613341,3.9873135025493514,398436,281323,1.4162937264283404,22387.539990448946,21920.750845749077,➡️,2025-11-22 01:07:04
149950,아바텍,KOSDAQ,626420.4821061878,99.74718711367166,33.17254228670718,3.006920188738206,835126,607770,1.374082300870395,70836.07051043386,73248.36637353011,⬇️,2025-11-22 01:07:04
163560,동일고무벨트,KOSPI,506148.62427720067,58.166259349256244,20.013339864680052,2.9063744353789365,884115,213578,4.139541525812584,3635.5774003603215,3459.303910520338,⬆️,2025-11-22 01:07:04
161890,한국콜마,KOSPI,870327.0452956323,14.130651095181001,24.526624501794256,0.5761351748238844,110309,956806,0.11528878372418233,66452.88882583406,68205.16109453459,➡️,2025-11-22 01:07:04
161390,한국타이어앤테크놀로지,KOSPI,380818.49080341135,89.38521221492755,22.884750219762527,3.905885419616133,281868,194753,1.4473101826416024,45854.53194982784,44805.61354025185,➡️,2025-11-22 01:07:04
121850,코이즈,KOSDAQ,282506.1176528908,4.682696002581172,42.01432316503336,0.11145475280388117,874954,417294,2.096732759157812,51693.2060735217,50900.56955931917,➡️,2025-11-22 01:07:04
161000,애경케미칼,KOSPI,812410.0659771977,84.67544052097031,32.888277746074124,2.5746389389781297,907019,531741,1.7057533648900498,65270.11596269331,66602.83671383832,➡️,2025-11-22 01:07:04
151910,퓨처코어,KOSDAQ,174919.0706920736,40.140661486125886,36.8390424405149,1.0896228247773325,189417,273103,0.693573486926178,30603.201223474385,31157.27169063713,➡️,2025-11-22 01:07:04
153460,네이블,KOSDAQ,396883.4060383251,18.105092195739648,23.587528269633424,0.7675705563031857,116043,155780,0.7449159070484016,37772.70377602828,39510.83210972309,⬇️,2025-11-22 01:07:04
106520,노블엠앤비,KOSDAQ,286376.99053010216,98.99183283904267,31.168360615347094,3.1760359186263956,233085,154395,1.5096667638200718,59607.912374091204,57372.8840688909,⬆️,2025-11-22 01:07:04
137400,피엔티,KOSDAQ,236836.70617428585,32.80861444050267,3.7007207514362466,8.865466119746992,660712,814859,0.8108298490904562,20694.130088118614,19991.696203585747,⬆️,2025-11-22 01:07:04
014710,사조씨푸드,KOSPI,870211.3232708641,1.5001344687316782,17.456938809128214,0.08593342080956712,858556,508051,1.6899012107052245,21441.694477108642,20511.110665439814,⬆️,2025-11-22 01:07:04
141000,비아트론,KOSDAQ,561498.2946829809,77.07885001912007,27.348308210171318,2.818413827530768,433525,433762,0.9994536174215353,31830.063235674286,32981.6635846413,⬇️,2025-11-22 01:07:04
072950,빛샘전자,KOSDAQ,881591.7727768327,12.448440066622162,17.287306309079817,0.7200913690112533,387932,963755,0.4025213876970807,35880.243283457006,34819.86970717638,⬆️,2025-11-22 01:07:04
152550,한국ANKOR유전,KOSPI,255188.44666224925,22.15738248217572,16.890094269863,1.311856649711609,860374,788337,1.0913784333349823,99608.87881325591,100050.03647016236,➡️,2025-11-22 01:07:04
079980,휴비스,KOSPI,796702.2427944395,42.721523746089346,45.099921503125124,0.9472638160385496,141754,694970,0.20397139444868123,79708.92755222355,77876.72848901892,➡️,2025-11-22 01:07:04
143240,사람인,KOSDAQ,939674.0762593487,49.96978432050277,25.911517148200705,1.9284777512139102,291065,305777,0.9518865055252684,66785.11895524249,66168.09280232094,➡️,2025-11-22 01:07:04
147830,제룡산업,KOSDAQ,825420.5528757604,21.340765348196488,30.384597957350238,0.7023547054383195,819103,378212,2.165724514293571,35846.85070061196,34669.91870902333,⬆️,2025-11-22 01:07:04
091590,남화토건,KOSDAQ,918664.2760236849,83.86386616403172,4.075945933127626,20.575313691582714,166532,15251,10.919415120319979,51702.85674992554,51741.202760476066,➡️,2025-11-22 01:07:04
145270,케이탑리츠,KOSPI,229912.8565773089,54.860197006592756,26.717941529001383,2.053309269617345,387762,273580,1.417362380290957,27444.511671054235,26988.954766959712,➡️,2025-11-22 01:07:04
140410,메지온,KOSDAQ,112346.16079648653,62.53178812918865,1.228555488221211,50.89862747650622,254227,176583,1.4397025761256745,71895.31039209601,72512.55407862914,➡️,2025-11-22 01:07:04
104830,원익머트리얼즈,KOSDAQ,745565.3997398516,93.36104206301954,34.20204571528206,2.729691751195579,383160,289770,1.3222900921420437,42082.15771235077,41991.57196532952,➡️,2025-11-22 01:07:04
127120,제이에스링크,KOSDAQ,614220.9963641838,98.45339472015047,41.54926013980952,2.3695583119618413,110764,182145,0.6081089242087347,12396.566271936403,13002.408986789498,⬇️,2025-11-22 01:07:04
007070,GS리테일,KOSPI,681348.4350955387,39.06378849263049,46.520887998516464,0.8397042742149768,478242,713411,0.6703597225161934,3876.59776965493,3903.5350716388725,➡️,2025-11-22 01:07:04
130580,나이스디앤비,KOSDAQ,464332.1675796248,83.16615924452168,7.923242903673847,10.496479819640417,263187,513313,0.5127222571803168,49618.96961289335,50811.183067094826,➡️,2025-11-22 01:07:04
131090,시큐브,KOSDAQ,791758.6241836464,45.68545438721368,26.638679445773054,1.7150044723580662,453754,717214,0.6326619391144066,91331.42097040528,91150.91673227829,➡️,2025-11-22 01:07:04
100660,서암기계공업,KOSDAQ,931549.8305711001,31.198662033326116,9.817298519469261,3.177927407570852,361417,600476,0.6018841718903004,93884.10709410057,96886.48863108722,⬇️,2025-11-22 01:07:04
129260,인터지스,KOSPI,900963.4456093841,45.464698081561,13.666948060547538,3.3266167311196724,475809,775575,0.6134919253457113,42393.9385105569,43886.46300042282,⬇️,2025-11-22 01:07:04
115480,씨유메디칼,KOSDAQ,464265.41549007024,36.11327515648015,8.572646208707152,4.212617000314355,565080,967015,0.5843549479584081,64874.50894794337,61643.338121728826,⬆️,2025-11-22 01:07:04
145990,삼양사,KOSPI,132868.29791250097,47.79885148622451,29.147242892767203,1.6399098762814937,785964,52552,14.955929365200182,15587.25473530016,15065.017284966281,⬆️,2025-11-22 01:07:04
139670,키네마스터,KOSDAQ,226634.43245282595,81.37812687960444,27.244361563042556,2.986971329509709,206453,62004,3.329672279207793,83248.99750436824,81013.5776896805,➡️,2025-11-22 01:07:04
121800,비덴트,KOSDAQ,439199.10037579417,79.69462689769234,43.97707445360765,1.8121857328586943,136774,981433,0.1393615254428983,57475.62955932165,57612.562141656585,➡️,2025-11-22 01:07:04
138070,신진에스엠,KOSDAQ,941434.4596843219,8.633809730562577,38.99470394014932,0.22140980333673269,834700,134369,6.2119983031800485,9685.633532496706,9540.077237120864,➡️,2025-11-22 01:07:04
123570,이엠넷,KOSDAQ,109173.60801630603,2.437345239151494,20.042595317917552,0.12160826482249888,303809,396708,0.7658252417395163,2725.916970872371,2709.2601074238764,➡️,2025-11-22 01:07:04
122870,와이지엔터테인먼트,KOSDAQ,984846.8548736464,5.684529243190628,31.06323362762806,0.18299863147971598,215721,94659,2.278927518777929,37507.44812514787,37336.58179089672,➡️,2025-11-22 01:07:04
089030,테크윙,KOSDAQ,625172.6714984364,23.178797516917207,25.203051339546594,0.9196821926298626,750575,444362,1.689107079363222,77067.24536719553,78498.77052635126,➡️,2025-11-22 01:07:04
101240,씨큐브,KOSDAQ,820919.3257451213,85.71230805175878,18.850559195920027,4.546937157721568,663992,261789,2.5363632543766164,32555.675040657046,33755.149959864335,⬇️,2025-11-22 01:07:04
007820,에스엠코어,KOSDAQ,917354.032505194,32.27071311174668,15.511803958531795,2.0803971735342333,466284,101088,4.612654320987654,58482.2575054431,60270.06123398053,➡️,2025-11-22 01:07:04
115530,씨엔플러스,KOSDAQ,812482.96487307,39.06639365053614,47.203294023118666,0.8276200731119033,407732,125014,3.2614907130401396,63508.467375142616,64595.00980571463,➡️,2025-11-22 01:07:04
039130,하나투어,KOSPI,307811.4304123321,31.410504213608878,31.78368008447218,0.9882588841231882,758322,754175,1.005498723771008,68831.56496916387,67757.36295042724,➡️,2025-11-22 01:07:04
090360,로보스타,KOSDAQ,8480.69866424943,66.77568613692574,22.549562895869222,2.961285167490238,686635,369023,1.8606834804334689,35929.073379917885,36104.04834724905,➡️,2025-11-22 01:07:04
131220,대한과학,KOSDAQ,240290.4641106877,41.63155252035518,43.16286412241871,0.9645224747430935,334213,18262,18.301007556675064,64272.14690789871,64581.676511878715,➡️,2025-11-22 01:07:04
143160,아이디스,KOSDAQ,647191.9060260553,48.53141372554651,24.500884619052528,1.9808025089758274,43134,350160,0.12318368745716245,55822.241828715836,57808.79385180436,⬇️,2025-11-22 01:07:04
078520,에이블씨엔씨,KOSPI,592311.7209388061,69.79949513198518,38.466420029084325,1.8145565685397818,860721,988524,0.870713305898491,70397.38129972681,67951.38364581512,⬆️,2025-11-22 01:07:04
137950,제이씨케미칼,KOSDAQ,26234.82422480408,1.769418703832664,39.381850987334964,0.044929800389567814,862462,43642,19.76220154896659,89862.41348647098,89724.08752027179,➡️,2025-11-22 01:07:04
040910,아이씨디,KOSDAQ,972389.3550178148,37.5849814377185,39.856364459570116,0.9430107825274509,333717,190654,1.7503802700179383,7682.866398921448,7576.058531173528,➡️,2025-11-22 01:07:04
123330,제닉,KOSDAQ,275192.0204374572,24.44642298064792,16.062124049358957,1.5219919174776628,877635,922539,0.9513256350138043,14753.521278387832,15340.157279625642,⬇️,2025-11-22 01:07:04
139050,BF랩스,KOSDAQ,557613.317909676,35.666883924143384,29.21131919926355,1.220995316262286,238775,669403,0.3566984312887752,21130.684789143615,20708.660889167037,➡️,2025-11-22 01:07:04
023000,삼원강재,KOSPI,934278.8337156404,7.649285611827117,42.59145882094013,0.17959670374254327,245997,906728,0.2713018678148243,67571.84665280956,69858.69557286521,⬇️,2025-11-22 01:07:04
089980,상아프론테크,KOSDAQ,508596.5779286426,72.0461720253546,22.350511400168752,3.2234686148975826,527967,457949,1.1528947546560862,13541.542085137226,14034.816428620119,⬇️,2025-11-22 01:07:04
031430,신세계인터내셔날,KOSPI,574402.7545241917,28.12175402346921,6.4396851330448985,4.3669455015997505,304150,623823,0.48755816954488695,87285.3200397601,84565.7756382028,⬆️,2025-11-22 01:07:04
140910,에이리츠,KOSPI,390300.70215267234,48.920416867633676,2.7649664090512465,17.6929516060269,199681,992143,0.20126231803278358,42167.10537359797,41373.363007914915,➡️,2025-11-22 01:07:04
138610,나이벡,KOSDAQ,89626.25952426222,23.988604809952637,8.901723793638979,2.694826908367398,424275,465755,0.9109403012313341,95526.61196121605,92273.63047541853,⬆️,2025-11-22 01:07:04
109080,옵티시스,KOSDAQ,184341.92485033962,37.664072402047374,8.414142696230599,4.476281632223836,475997,81682,5.827440562180162,64295.90875229782,61416.2936724847,⬆️,2025-11-22 01:07:04
108380,대양전기공업,KOSDAQ,50379.24478840577,62.80730352872273,25.938966478966027,2.421349500553668,166961,410740,0.40648828942883575,21730.908025183107,21852.82745566328,➡️,2025-11-22 01:07:04
047810,한국항공우주,KOSPI,846461.5131533823,74.34332697386766,29.77602712473116,2.4967510495085525,628569,250109,2.5131802534095136,34687.96345615636,35284.82306246148,➡️,2025-11-22 01:07:04
071840,롯데하이마트,KOSPI,266158.6802128422,43.77028771060241,31.279542348003254,1.399326346390631,378015,479610,0.7881716394570588,22395.65220892124,22567.40433040223,➡️,2025-11-22 01:07:04
019770,서연탑메탈,KOSDAQ,434370.25455147255,47.33931271046713,7.3958466202374815,6.400796979879371,676696,165860,4.079922826480164,72076.0576336012,72776.78751124555,➡️,2025-11-22 01:07:04
069640,한세엠케이,KOSPI,534285.5514440008,66.6307999264239,9.807346321937333,6.793968290625402,69053,394184,0.17517961155196557,51137.74196966355,48585.48432963905,⬆️,2025-11-22 01:07:04
138490,코오롱ENP,KOSPI,874685.2964992739,6.572471788468338,2.746697428683876,2.3928634147437355,592090,95382,6.2075653687278525,44124.74369572605,42359.41025605831,⬆️,2025-11-22 01:07:04
137940,넥스트아이,KOSDAQ,38194.986886489336,17.230784412362446,14.64170099105043,1.1768294150313932,790317,621355,1.2719250669906896,9897.457869463002,10253.14550485743,⬇️,2025-11-22 01:07:04
131100,티엔엔터테인먼트,KOSDAQ,950065.7621362794,31.51086383766445,4.524611350469218,6.964324976640626,776709,423595,1.833612294762686,97000.0432229077,92384.76298053948,⬆️,2025-11-22 01:07:04
139480,이마트,KOSPI,844804.625016611,49.77996553930613,7.622977478089512,6.530252212129335,244973,613118,0.3995527777687166,85272.71087601081,82074.71215128279,⬆️,2025-11-22 01:07:04
139130,iM금융지주,KOSPI,676291.0265349548,15.395464624482079,45.10179743634831,0.3413492476926121,897290,653933,1.3721436293932252,25772.553676239735,25559.40199101934,➡️,2025-11-22 01:07:04
053210,케이티스카이라이프,KOSPI,3130.7049180133436,36.311017538361355,46.81775688848888,0.7755821712015677,273394,489244,0.5588091013890819,69763.92203567074,68400.5912412344,➡️,2025-11-22 01:07:04
019440,세아특수강,KOSPI,261766.9403296216,27.61313394271824,19.103542362562358,1.4454457408293198,773422,441678,1.751099217076694,66120.81839418832,68226.557962397,⬇️,2025-11-22 01:07:04
122450,KX,KOSDAQ,925475.1512011379,11.701292752277789,29.687088564773887,0.3941542710308855,63441,230154,0.27564587189447065,62037.73805124729,59908.32670488291,⬆️,2025-11-22 01:07:04
121440,골프존홀딩스,KOSDAQ,423999.66926810914,12.418898237644093,13.71254606540045,0.9056595455295867,280535,41864,6.701103573476018,56299.83920186188,56858.16096723524,➡️,2025-11-22 01:07:04
138040,메리츠금융지주,KOSPI,214112.68389159447,3.5383673534485425,23.25087006765125,0.1521821481584659,671445,511801,1.311925924333872,49942.74453687356,47588.79602791358,⬆️,2025-11-22 01:07:04
136540,윈스테크넷,KOSDAQ,658614.2484178849,79.29459753833889,8.810100867978532,9.000418806389098,730948,100554,7.2692085844421905,15375.420070816226,15242.009547474814,➡️,2025-11-22 01:07:04
136480,하림,KOSDAQ,24750.567257932646,57.748443870227014,45.71816134391759,1.2631401214018845,547949,92920,5.896997417133018,45445.51048471432,47043.92028189441,⬇️,2025-11-22 01:07:04
023350,한국종합기술,KOSPI,939236.360204455,37.17234245376085,11.859116261494268,3.1344951541167427,389002,115838,3.358155354892177,92787.23863680889,94773.67397078568,➡️,2025-11-22 01:07:04
134060,이퓨쳐,KOSDAQ,472043.8094885606,18.451145126755893,41.956272821822125,0.43977083486689406,698477,844312,0.8272735671173689,14932.457790123162,14499.238642184146,➡️,2025-11-22 01:07:04
104480,티케이케미칼,KOSDAQ,946705.1022830786,43.70798431187662,46.49980966753849,0.9399604992875735,528629,17639,29.969329327059356,20755.029284413995,21229.709640198573,➡️,2025-11-22 01:07:04
138930,BNK금융지주,KOSPI,263228.98995280603,62.3186932294748,37.52664634088597,1.6606518116055964,305187,494179,0.6175636763197141,69810.06027307929,67031.33468775204,⬆️,2025-11-22 01:07:04
020150,롯데에너지머티리얼즈,KOSPI,969123.0492357538,95.9048709519633,38.46911703326781,2.493035409911423,203139,494626,0.4106921188938713,18498.893764519642,18519.539602903296,➡️,2025-11-22 01:07:04
008470,부스타,KOSDAQ,997915.6160186158,37.098370670155,23.53703466328885,1.5761701166212758,892253,237094,3.7632879786076407,90106.91140387226,94476.40231743884,⬇️,2025-11-22 01:07:04
011210,현대위아,KOSPI,231957.24092647224,78.6090087654514,9.293304261783792,8.458671593128589,624687,36050,17.328349514563108,37264.021614157056,36481.09556293819,➡️,2025-11-22 01:07:04
136490,선진,KOSPI,409560.6807994899,26.192324647104574,21.949585730157345,1.1932947149484454,750054,984154,0.7621307234436887,48865.76659399435,47880.1487867629,➡️,2025-11-22 01:07:04
134380,미원화학,KOSPI,689252.7049796999,23.332678968995648,46.56453939201279,0.5010825678434156,88694,827944,0.107125602697767,61163.74831746969,58338.587140500415,⬆️,2025-11-22 01:07:04
121600,나노신소재,KOSDAQ,939659.1301761855,30.15935269969947,29.875576805071653,1.0094985913235872,187356,434781,0.4309203944054593,18309.350397404465,18719.57162667811,➡️,2025-11-22 01:07:04
093320,케이아이엔엑스,KOSDAQ,611739.7842176862,95.72987874917416,7.105786018473642,13.472102663983316,130970,922446,0.14198121082426504,65435.77186919729,65071.33832831527,➡️,2025-11-22 01:07:04
130740,티피씨글로벌,KOSDAQ,202933.08258118902,24.854251654359192,1.9017233254489965,13.069331022950518,230027,951183,0.2418325390592557,6277.129789326812,6385.702809577325,➡️,2025-11-22 01:07:04
061970,LB세미콘,KOSDAQ,128273.0626037487,48.68445236133734,35.38441300730667,1.3758728271480523,383473,601586,0.6374367089659666,30846.971551950377,30231.866791071647,➡️,2025-11-22 01:07:04
131180,딜리,KOSDAQ,797311.9564303723,27.470648684446175,36.23899121055856,0.7580412082895495,319501,887216,0.36011636399704244,45811.314605046995,47930.448140023,⬇️,2025-11-22 01:07:04
126880,제이엔케이글로벌,KOSDAQ,29125.941843943943,96.2593774439761,13.39861390701212,7.184278770328555,666407,357748,1.8627832999765197,6424.085967743158,6516.773729223609,➡️,2025-11-22 01:07:04
033560,블루콤,KOSDAQ,595958.2158231732,31.8153877925056,49.80639423819117,0.6387811902293823,64364,213488,0.3014876714382073,69979.57396634205,70752.78701353853,➡️,2025-11-22 01:07:04
048530,인트론바이오,KOSDAQ,202481.21870106843,91.9034737331809,49.7278774559497,1.848127819543303,572790,141202,4.05652894434923,90425.93150663779,92650.1935754629,➡️,2025-11-22 01:07:04
134790,시디즈,KOSPI,199939.5945625855,16.280410026926283,28.226760525331702,0.576772173778697,653440,293814,2.223992049391792,80918.1721489638,83184.84477478325,➡️,2025-11-22 01:07:04
131370,알서포트,KOSDAQ,946526.6521134656,46.06885983342855,7.251605368584234,6.352918766513461,837100,154618,5.413988022093158,68152.81917307708,71556.4965868116,⬇️,2025-11-22 01:07:04
064290,인텍플러스,KOSDAQ,570620.8273469104,57.54585328892488,26.95865063520992,2.1345969450624467,581164,89878,6.466142993836089,67502.93850824,69234.51554811069,➡️,2025-11-22 01:07:04
131290,티에스이,KOSDAQ,21549.738823853422,8.662615452280162,22.829401081557837,0.3794499654779836,174832,164841,1.0606099210754607,1969.8449556484143,1959.1433384853312,➡️,2025-11-22 01:07:04
082740,한화엔진,KOSPI,681949.3433672765,2.9175088472645205,12.237017691116987,0.2384166568119272,255774,773683,0.3305927621519408,52712.154913176004,52591.14549857905,➡️,2025-11-22 01:07:04
131400,이브이첨단소재,KOSDAQ,148978.74573457576,28.94774669388611,27.586836437313572,1.049331871005397,836222,197759,4.2284902330614536,70307.28892607879,68552.16687830749,➡️,2025-11-22 01:07:04
117580,대성에너지,KOSPI,574508.5389278664,42.047375062046896,44.149066945081415,0.9523955537803577,162851,999145,0.16299035675502554,88853.73273955124,84664.03841004318,⬆️,2025-11-22 01:07:04
126560,현대퓨처넷,KOSPI,493143.0107470737,37.77389168867258,46.28588061020646,0.816099665614725,925749,425563,2.175351240591875,80648.87731738045,81719.31573570646,➡️,2025-11-22 01:07:04
120240,대정화금,KOSDAQ,311327.4761405741,10.834451263351934,28.286341457825202,0.3830276629979189,188777,596389,0.3165333364632815,97396.59517221515,92818.82259047758,⬆️,2025-11-22 01:07:04
058860,KTis,KOSPI,9514.433758806867,78.58045713952177,33.41802523482832,2.3514392782738427,658426,104642,6.292177137287132,39580.181787101916,37930.29366967683,⬆️,2025-11-22 01:07:04
130660,한전산업,KOSPI,332669.338639656,81.07301029423105,41.67669210979157,1.9452841909970986,36917,879908,0.04195552262281966,57053.82119685001,58401.82267414749,➡️,2025-11-22 01:07:04
128660,피제이메탈,KOSDAQ,201854.57241421615,7.52544660853935,17.202074490421552,0.4374732020100055,861905,353609,2.4374521010494643,9024.681792410054,9411.786175658917,⬇️,2025-11-22 01:07:04
131030,옵투스제약,KOSDAQ,237510.22701908014,38.292711778672974,35.77118247887946,1.0704905212815459,690650,749124,0.9219434966707781,63994.0632721832,67183.9184672519,⬇️,2025-11-22 01:07:04
096690,에이루트,KOSDAQ,930220.8809611818,52.093892152343464,15.363281033226171,3.3908051307321654,787767,146713,5.36944238070246,49129.82128690171,47733.07120015555,➡️,2025-11-22 01:07:04
900140,엘브이엠씨,KOSPI,309755.76116140035,74.15526695245016,30.10124562193103,2.4635281836450797,861621,259257,3.3234242469827238,71130.59946455139,70236.92203381742,➡️,2025-11-22 01:07:04
033830,티비씨,KOSDAQ,255302.28738142198,28.71223150526057,10.980389519639102,2.6148645686846517,364112,914404,0.3981959833946483,84167.17347017123,85090.84537348444,➡️,2025-11-22 01:07:04
033170,시그네틱스,KOSDAQ,244296.65846792635,34.836618684440694,47.442550919824036,0.7342905895450932,17950,813955,0.02205281618762708,97680.20094574428,102050.72099976728,⬇️,2025-11-22 01:07:04
041460,한국전자인증,KOSDAQ,967055.5236568871,32.598622334401746,18.382820816524667,1.7733199197099405,348411,669246,0.5206022897409921,99435.20569446939,95644.50088605855,⬆️,2025-11-22 01:07:04
126600,BGF에코머티리얼즈,KOSDAQ,490565.379645625,62.96902768598032,12.341052986936452,5.10240315414218,16878,920365,0.01833837662231832,20203.855708063853,20517.086355857347,➡️,2025-11-22 01:07:04
105740,디케이락,KOSDAQ,145086.71373496295,71.18333868924016,11.520745855992848,6.1787092241265,272210,64930,4.192361004158324,31030.02270659121,30543.47455030342,➡️,2025-11-22 01:07:04
123420,위메이드플레이,KOSDAQ,420813.9055083628,25.01142239921992,29.897440697633012,0.8365740282645692,159009,755287,0.210527918526335,93716.80069749625,91308.44308820508,➡️,2025-11-22 01:07:04
111870,KH 미래물산,KOSDAQ,512761.48831147345,7.915913567824611,43.33949966637309,0.18264893754568493,601102,504228,1.192123404491619,71698.05639360717,69368.21329646322,⬆️,2025-11-22 01:07:04
123860,아나패스,KOSDAQ,293862.1114115372,33.21269691453644,9.244882591512528,3.5925493467086427,827228,145017,5.704351903569926,17066.00843465139,16477.610652878928,⬆️,2025-11-22 01:07:04
058400,KNN,KOSDAQ,234492.06874398407,54.19008293268353,36.17575849197821,1.4979667377174666,814740,950704,0.8569859809151955,79049.6595548031,79955.03881955624,➡️,2025-11-22 01:07:04
069140,누리플랜,KOSDAQ,392691.7375795963,77.03204299033958,42.55101141890428,1.8103457572836046,310535,745049,0.4167980897900675,79959.03095566318,79200.66724351291,➡️,2025-11-22 01:07:04
119830,아이텍,KOSDAQ,276861.42393269046,7.850460923852276,35.129849066117806,0.22346981648218703,535617,544159,0.9843023822081414,33257.36021247177,32677.9522949644,➡️,2025-11-22 01:07:04
101930,인화정공,KOSDAQ,868450.0492904405,93.99779717027295,12.749217074577192,7.37282898396255,472801,540024,0.8755184954742752,76231.02066439138,76604.16766110454,➡️,2025-11-22 01:07:04
068940,셀피글로벌,KOSDAQ,517452.540818329,42.50248573676107,26.963857484765995,1.5762761600699775,380315,932084,0.40802652979774356,69385.85159652733,67204.93662390842,⬆️,2025-11-22 01:07:04
123840,뉴온,KOSDAQ,307734.86644876364,53.53894264404788,38.15155970168559,1.4033225132256506,665558,874353,0.7612005677340845,33767.82396174176,32666.548855384528,⬆️,2025-11-22 01:07:04
081660,미스토홀딩스,KOSPI,940711.0535270893,3.189107510808775,2.4514329237694987,1.3009156725793563,80651,397470,0.2029109115153345,36362.67782129526,37104.569412433455,➡️,2025-11-22 01:07:04
117670,알파칩스,KOSDAQ,363314.4120823082,28.516346725235028,20.264743719268168,1.4071900992323458,895483,948570,0.9440347048715435,79149.31846004026,76526.47359123784,⬆️,2025-11-22 01:07:04
119500,포메탈,KOSDAQ,135855.9395391783,84.70948732517179,20.1322607433773,4.207649026850488,16877,976711,0.017279420422212918,7358.70058563542,7417.175274507559,➡️,2025-11-22 01:07:04
058850,KTcs,KOSPI,785527.5999522429,15.209236618439498,25.347893479120817,0.600019746452202,572615,547884,1.0451391170393733,87900.39939977416,84638.5783504056,⬆️,2025-11-22 01:07:04
068240,다원시스,KOSDAQ,891094.9377052237,6.832882317000959,43.04828422204663,0.15872600825985037,348801,741792,0.4702140222596092,14655.002769844872,14046.128650479366,⬆️,2025-11-22 01:07:04
057050,현대홈쇼핑,KOSPI,947647.0225781846,73.32464259864405,43.30056638358913,1.6933876095078981,228171,362016,0.6302787722089631,9269.70832702658,9562.40677616637,⬇️,2025-11-22 01:07:04
096530,씨젠,KOSDAQ,589542.2459509091,42.630399850375156,29.172232822597092,1.4613348285549552,703246,221376,3.176703888407054,29460.667456627136,30428.192664187824,⬇️,2025-11-22 01:07:04
122990,와이솔,KOSDAQ,305953.15893743763,10.264338593442906,48.691785363835464,0.21080226401117902,57028,998702,0.05710211854987774,54759.375258683205,54944.583802264184,➡️,2025-11-22 01:07:04
126700,하이비젼시스템,KOSDAQ,538158.7758108926,85.95332399650881,2.097068153665112,40.987377470915995,109720,49662,2.2093351053119084,46219.14427374897,48267.61647852966,⬇️,2025-11-22 01:07:04
126640,화신정공,KOSDAQ,910564.4236902143,30.85327842737826,12.602181878021963,2.448248940224071,314977,458602,0.6868199440909547,88131.43317675883,91462.48629049328,⬇️,2025-11-22 01:07:04
123410,코리아에프티,KOSDAQ,132752.67871862356,47.56256340620615,33.14450039288681,1.4350061953691002,213461,212995,1.002187844785089,6783.675736920266,7028.171158249141,⬇️,2025-11-22 01:07:04
002150,도화엔지니어링,KOSPI,900816.1636024809,87.53306253559661,2.16928401449642,40.3511305807122,188404,107059,1.7598146816241511,75929.93770805607,77079.99693803287,➡️,2025-11-22 01:07:04
123040,엠에스오토텍,KOSDAQ,35600.81909828262,76.263830375823,37.84078769435092,2.0153869679411582,592956,257220,2.3052484254723584,71303.29874948514,69737.60612842793,➡️,2025-11-22 01:07:04
067920,이글루,KOSDAQ,703954.0430030884,91.18868563125339,9.225321340987616,9.884608054367371,937462,718124,1.305431930975709,53225.05957698098,52788.98262206053,➡️,2025-11-22 01:07:04
128820,대성산업,KOSPI,434292.8426304919,55.865406186332905,6.9414543146818595,8.048083824188264,434206,500872,0.8669001261799422,1806.5248007346368,1784.0558855798467,➡️,2025-11-22 01:07:04
122900,아이마켓코리아,KOSPI,918498.8168234879,74.00520515609071,24.45943707509505,3.0256299410685896,743330,506151,1.4685933644307727,33676.5057302595,32709.52103415464,➡️,2025-11-22 01:07:04
128940,한미약품,KOSPI,360376.0206613883,73.4222457198631,21.439695293292182,3.4245937134579822,84429,540542,0.15619322827828364,65360.779686553025,62432.950976363456,⬆️,2025-11-22 01:07:04
119610,인터로조,KOSDAQ,624187.6602409576,93.24585028373049,9.935438358561264,9.385177273369273,21583,198644,0.10865165824288678,41679.19091600988,41577.315865365286,➡️,2025-11-22 01:07:04
106190,하이텍팜,KOSDAQ,64380.23296700837,53.388827144670365,5.382472963348733,9.919014458263852,563362,435206,1.2944720431244054,17744.103364352042,17987.141502231596,➡️,2025-11-22 01:07:04
105840,우진,KOSPI,322493.57582626154,69.41779046358829,1.0236327769259939,67.81513060968253,12495,341894,0.03654641497072192,39513.8917208959,39003.51944573105,➡️,2025-11-22 01:07:04
033920,무학,KOSPI,998815.6665697952,68.5390876019936,42.43390476927672,1.6151963382737693,432352,91808,4.709306378529104,6961.30489731696,6625.522762070799,⬆️,2025-11-22 01:07:04
121890,에스디시스템,KOSDAQ,134352.2106191278,65.89836927312062,12.370368245700405,5.327114598712537,253006,158909,1.592143931432455,99242.05527721399,99066.8527447042,➡️,2025-11-22 01:07:04
123750,알톤,KOSDAQ,732474.545656686,9.066888936380295,42.64577436430455,0.2126093164336929,567593,41129,13.800311215930366,11474.535665585798,11076.978860674097,⬆️,2025-11-22 01:07:04
089850,유비벨록스,KOSDAQ,764762.6149143131,38.37336169168774,39.51963166779267,0.9709949225807408,23064,161241,0.14304054179768172,68525.3561329758,70556.3110601931,➡️,2025-11-22 01:07:04
046120,오르비텍,KOSDAQ,928050.5631953189,80.04315381411405,27.358968440490568,2.925664174371876,283240,321397,0.8812776721624658,48916.60355781205,49086.128669843114,➡️,2025-11-22 01:07:04
102460,이연제약,KOSPI,555117.553821443,4.8282596935861575,47.234206633460474,0.102219557344398,336260,759786,0.44257198737539255,85766.5597954013,87922.97748132632,➡️,2025-11-22 01:07:04
070300,엑스큐어,KOSDAQ,261169.2477510319,70.08308768145929,25.451655014066233,2.753576835876757,815891,346271,2.356220994538959,66444.44695501734,66024.41607871867,➡️,2025-11-22 01:07:04
079970,투비소프트,KOSDAQ,869438.6267636784,77.63602958965038,7.160569150105804,10.842159046603612,822967,950032,0.8662518736210991,57471.36627113805,58561.77560575724,➡️,2025-11-22 01:07:04
123690,한국화장품,KOSPI,60994.24046875624,64.30237773329807,11.44678917331119,5.617503455311517,544402,559131,0.9736573361162232,15240.017252635533,15496.925260125083,➡️,2025-11-22 01:07:04
123700,에스제이엠,KOSPI,9167.023920038271,37.44854429489562,24.598444877673487,1.5223947888220115,21305,259605,0.08206698638315903,6327.280144222117,6115.208755550145,⬆️,2025-11-22 01:07:04
071200,인피니트헬스케어,KOSDAQ,547491.058946102,34.44871723231272,24.163025032543434,1.42567899449329,512956,993492,0.516316185736775,7625.0750017410965,7377.421780236573,⬆️,2025-11-22 01:07:04
122690,서진오토모티브,KOSDAQ,99018.0614078093,28.035137090113434,10.561699647852208,2.6544152953463853,365962,238468,1.5346377711055572,26930.28608647049,27759.116877046876,➡️,2025-11-22 01:07:04
100030,인지소프트,KOSDAQ,430259.74712106097,39.22862325574863,29.880947247866303,1.3128306452383236,341333,800527,0.4263853686384094,69838.9359112689,70377.59512184298,➡️,2025-11-22 01:07:04
060980,HL홀딩스,KOSPI,391696.0893123684,32.01363034718121,41.313710612369164,0.7748911892120496,90755,649103,0.13981602303486504,2578.9748644906526,2629.577608205409,➡️,2025-11-22 01:07:04
032830,삼성생명,KOSPI,541967.3315855748,18.95832329017645,6.732874073395317,2.815784623848752,396719,237913,1.6674961015161005,27741.01472063263,26590.90241644348,⬆️,2025-11-22 01:07:04
031440,신세계푸드,KOSPI,493457.39771014825,6.539149969452009,35.13641645240675,0.1861074813451585,978727,348451,2.808793775882405,31346.6195267309,30398.7001025583,⬆️,2025-11-22 01:07:04
900110,이스트아시아홀딩스,KOSDAQ,243660.81248792465,44.61365700371425,10.048557851217184,4.43980695183142,860614,880275,0.9776649342535003,51164.83185784493,51938.545066647974,➡️,2025-11-22 01:07:04
900100,애머릿지,KOSDAQ,738744.7488592607,96.95958283409409,1.124534435158238,86.22197756038524,852947,478085,1.784090695169269,57266.992395709916,58175.886305807435,➡️,2025-11-22 01:07:04
115500,케이씨에스,KOSDAQ,766407.130655348,7.914439159831477,29.653959507192297,0.26689316675946434,744807,803180,0.9273226424960781,88889.79704112533,91769.4637436163,⬇️,2025-11-22 01:07:04
900120,씨엑스아이,KOSDAQ,385157.3505264125,86.3905265750471,32.43036188539551,2.663877969673588,24299,447032,0.05435628769305106,97610.26415722375,94693.62264745687,⬆️,2025-11-22 01:07:04
115450,HLB테라퓨틱스,KOSDAQ,367220.0896058349,69.12915014948445,19.27429924146539,3.5865973275316176,131217,439511,0.2985522546648434,94102.16730298231,89767.82034139722,⬆️,2025-11-22 01:07:04
122350,삼기,KOSDAQ,553828.1507246766,45.795661090131006,10.357825286844106,4.421358714005143,935396,497870,1.8787956695522927,79759.86907189715,77905.68567226677,➡️,2025-11-22 01:07:04
088350,한화생명,KOSPI,337266.71952668234,50.40038495471443,28.9300860701218,1.7421443141424515,206910,337182,0.6136448564870011,84939.41828472832,87049.93391611754,➡️,2025-11-22 01:07:04
115610,이미지스,KOSDAQ,365467.72198821633,83.17485113443297,35.679232042248984,2.3311838953243953,961033,197200,4.873392494929006,53288.46618740776,54771.61276234176,➡️,2025-11-22 01:07:04
120030,조선선재,KOSPI,97517.96366345747,48.05815649154932,7.788348649460176,6.170519407201976,170543,960780,0.1775047357355482,35060.61740524957,35736.27880761246,➡️,2025-11-22 01:07:04
115310,인포바인,KOSDAQ,931591.8252538316,73.14957260283528,14.389149546280125,5.08366198902602,307150,244687,1.255277149991622,89322.0376190659,91991.33572424567,➡️,2025-11-22 01:07:04
106080,케이이엠텍,KOSDAQ,661474.2803194154,31.45708527462612,10.990047669583229,2.862324734194629,570058,974844,0.5847684347444309,7193.449697399747,7427.571629242085,⬇️,2025-11-22 01:07:04
101330,모베이스,KOSDAQ,920042.6410756509,77.72219397688133,7.210072364207518,10.779669058900497,313765,815479,0.38476159410604077,95224.68757097526,94221.95275563854,➡️,2025-11-22 01:07:04
120110,코오롱인더,KOSPI,385465.59747881035,38.848521032608275,22.197743015421732,1.7501113066143044,559627,59895,9.343467735203273,97058.35465601912,98882.02058538106,➡️,2025-11-22 01:07:04
119650,KC코트렐,KOSPI,484779.7398671943,2.850728062975722,9.159870944423838,0.31121923881592795,435920,695214,0.6270299504900649,34598.888262131826,33674.288151751156,➡️,2025-11-22 01:07:04
071320,지역난방공사,KOSPI,260747.92235718324,19.08625547350154,1.6161994701343128,11.809343974055007,645648,192922,3.3466789687023772,92784.98858120247,95874.04078516387,⬇️,2025-11-22 01:07:04
115570,스타플렉스,KOSDAQ,558544.2175793583,62.72137021526067,49.18703344396515,1.27516066376953,424832,89656,4.738467029535112,64317.9485102795,65676.98246889786,➡️,2025-11-22 01:07:04
115440,우리넷,KOSDAQ,536000.3244792776,18.686262478822787,21.91548921596973,0.8526509399208931,264776,851721,0.31087175260443267,96906.54925052774,94513.14476331412,➡️,2025-11-22 01:07:04
050860,아세아텍,KOSDAQ,635913.4274204732,64.12691779884935,8.740024449935902,7.337155424012532,277394,470626,0.5894149494503066,84669.58852141649,85344.28681750313,➡️,2025-11-22 01:07:04
012160,영흥,KOSPI,617588.6411282308,69.0954957882694,45.582777559729905,1.5158246049778197,354190,989256,0.3580367468077019,21166.35377043523,21704.090171486365,➡️,2025-11-22 01:07:04
114630,폴라리스우노,KOSDAQ,546206.1431431678,86.52587471929668,40.8182723865521,2.11978287321644,607809,676904,0.8979249642489925,96957.19771528168,94713.85668076729,➡️,2025-11-22 01:07:04
080530,코디,KOSDAQ,983730.1143429012,5.0010749272295705,40.67505819118512,0.12295188131564558,368263,147343,2.4993586393652905,51298.187328901884,49418.861121818954,⬆️,2025-11-22 01:07:04
118000,메타케어,KOSPI,346909.6230549481,83.40348334980499,6.993738796728465,11.925450145324202,55084,607006,0.09074704368655334,97635.10150987987,97320.80028414617,➡️,2025-11-22 01:07:04
900070,글로벌에스엠,KOSDAQ,477437.11494422046,7.655692972994778,36.640701925801864,0.20893958277594424,462579,755865,0.6119862673890178,30412.712025083863,30747.694440305262,➡️,2025-11-22 01:07:04
099520,DGI,KOSDAQ,683987.5682562223,21.006004440200975,36.76111142217649,0.571419188037087,768824,342254,2.246355046252199,35508.06855308831,35838.94077306387,➡️,2025-11-22 01:07:04
114450,그린생명과학,KOSDAQ,145969.55571737295,57.07212317154333,36.26336721215703,1.5738230495156644,512755,230217,2.227268186102677,83401.50890222852,84692.37056289178,➡️,2025-11-22 01:07:04
104460,디와이피엔에프,KOSDAQ,305164.71749241074,62.966711591760394,3.345244003729945,18.822755984780947,940221,642563,1.46323551153739,85949.29630139339,89643.65215830987,⬇️,2025-11-22 01:07:04
112040,위메이드,KOSDAQ,865950.4844436983,47.06103621437916,27.285062813639364,1.7247911993390794,998760,223842,4.461897231082639,63919.71873700776,63051.13151023469,➡️,2025-11-22 01:07:04
052690,한전기술,KOSPI,695421.696512649,27.379301061196806,25.896107513983733,1.0572747678936751,673498,140634,4.789012614303796,59003.88447161245,60501.43772910672,➡️,2025-11-22 01:07:04
108860,셀바스AI,KOSDAQ,799302.0606790887,64.7863349372647,19.35826616913599,3.346701319798842,102875,42489,2.4212149026806937,68234.00144154095,67561.28655650213,➡️,2025-11-22 01:07:04
088290,이원컴포텍,KOSDAQ,34723.4742398191,36.887155122551185,18.791408554633026,1.9629797849005124,864486,827484,1.0447162724596488,50031.518728148585,47858.364047846546,⬆️,2025-11-22 01:07:04
114190,강원에너지,KOSDAQ,229069.2722510255,51.27237234417921,12.389632716377736,4.138328675102915,943801,210065,4.492899816723395,32296.13857465459,33584.066935022216,⬇️,2025-11-22 01:07:04
114090,GKL,KOSPI,545613.6462694195,60.02612103943845,20.331007514268926,2.9524420271504144,695870,555150,1.2534810411600468,44237.66000902791,45313.638388668485,➡️,2025-11-22 01:07:04
115160,휴맥스,KOSDAQ,371374.30021199404,20.07969268827722,39.466966563592564,0.5087721311422071,972157,902619,1.0770402572957138,24876.982429291817,24657.253717296117,➡️,2025-11-22 01:07:04
109960,앱토크롬,KOSDAQ,666988.3001278059,15.821439924932216,48.1369645768726,0.32867547972756106,828933,997394,0.8310988435863861,62000.20989942922,62204.92574377737,➡️,2025-11-22 01:07:04
034730,SK,KOSPI,838174.7078730598,64.94054719431115,43.94275739041228,1.4778441556896997,458929,929184,0.4939054051727107,35314.34126665287,35155.981030273695,➡️,2025-11-22 01:07:04
099410,동방선기,KOSDAQ,555078.5274904184,18.161161288532465,28.786929032158586,0.6308822058874076,441781,216967,2.0361667903413885,26781.767418981082,27779.496940961064,⬇️,2025-11-22 01:07:04
101000,KS인더스트리,KOSDAQ,940012.1213348148,9.338384218167363,40.36194406790523,0.23136606607591542,488019,310076,1.573868986958036,21741.19470384336,22542.67771984947,⬇️,2025-11-22 01:07:04
109820,진매트릭스,KOSDAQ,584669.573433417,98.84376971151782,39.75165937226195,2.4865319152057683,539548,371821,1.4510960919367115,83212.98087954149,81170.0457028925,➡️,2025-11-22 01:07:04
032560,황금에스티,KOSPI,685673.3766915177,42.57474197994092,35.50463177388144,1.199132052716021,135071,965672,0.13987254471497568,15275.822238508856,15941.66180638878,⬇️,2025-11-22 01:07:04
082920,비츠로셀,KOSDAQ,436149.2777700029,20.151973568427074,17.0808432412046,1.1797996904399837,579506,492095,1.1776303356059297,48803.33981013881,49490.82443742058,➡️,2025-11-22 01:07:04
000080,하이트진로,KOSPI,837409.9528916941,85.39607438805908,7.70447528004295,11.08395721760081,732300,574323,1.2750664695650358,34843.748655892894,34584.517070378024,➡️,2025-11-22 01:07:04
042520,한스바이오메드,KOSDAQ,421575.8293904122,16.082800269012115,18.98139903479176,0.8472926700257084,997398,170971,5.833726187482088,83949.5552560363,87783.2002733112,⬇️,2025-11-22 01:07:04
082640,동양생명,KOSPI,537642.1162365329,28.528286339590927,32.08404170354005,0.8891737083250084,969262,433192,2.2374882269293983,59753.43153885672,62696.5144773318,⬇️,2025-11-22 01:07:04
104200,NHN벅스,KOSDAQ,914810.926440319,45.24361744948921,10.047813503138551,4.502832127144561,240976,489241,0.49255070609372475,14329.21297796519,14526.987905353373,➡️,2025-11-22 01:07:04
052860,아이앤씨,KOSDAQ,215221.9573318959,93.29748645893717,21.40489070709237,4.358699501699565,541469,291905,1.854949384217468,35020.67201271577,35619.52290056445,➡️,2025-11-22 01:07:04
047400,유니온머티리얼,KOSPI,578978.7956603031,61.03828256206643,3.407837610485881,17.911147636334626,734341,930063,0.7895604921387046,83940.65523366207,80629.90407831156,⬆️,2025-11-22 01:07:04
105330,케이엔더블유,KOSDAQ,902916.460267808,38.779531702372815,19.968913583256793,1.941995068519303,816839,425595,1.9192871156850997,52007.464197192094,49898.562184953975,⬆️,2025-11-22 01:07:04
093240,형지엘리트,KOSPI,335329.72165487474,0.5446963191880416,11.87372773290638,0.045874078591047,81603,525590,0.15525980326870756,81548.89530117213,82081.65506187074,➡️,2025-11-22 01:07:04
109740,디에스케이,KOSDAQ,897157.8692098603,25.213135999922045,5.553853807329928,4.539755073611402,599281,616879,0.971472525406117,98801.11855853202,99450.73946766202,➡️,2025-11-22 01:07:04
095700,제넥신,KOSDAQ,869440.7161899538,6.309459196610209,7.3072684159666546,0.8634497650070997,196906,156842,1.2554417821756927,5955.316853073361,5994.1648856303445,➡️,2025-11-22 01:07:04
108230,톱텍,KOSDAQ,727322.8079224447,18.70995080457413,41.47969782319672,0.45106285210474584,195078,124951,1.5612360045137694,99927.15671272276,98229.11765725055,➡️,2025-11-22 01:07:04
100130,동국S&C,KOSDAQ,320216.12186239276,82.39829025927344,35.95694924486234,2.2915817940546446,597449,327801,1.8225966363738977,53666.536208204336,54947.22509253979,➡️,2025-11-22 01:07:04
103230,에스앤더블류,KOSDAQ,428903.1610309019,74.37115213983269,14.558426251309202,5.108460959723905,163268,494377,0.33024999140332173,35712.52449375596,34916.12965360289,➡️,2025-11-22 01:07:04
039490,키움증권,KOSPI,74863.8984043013,7.369437779753213,16.795780111005016,0.43876722194788514,49775,929864,0.05352933332186212,41328.24519417555,42084.97796636142,➡️,2025-11-22 01:07:04
111770,영원무역,KOSPI,177566.8858693932,75.51390423321878,21.033145202578233,3.5902335816120514,560145,754528,0.7423780164553204,49009.1515814785,48099.97163543763,➡️,2025-11-22 01:07:04
063080,컴투스홀딩스,KOSDAQ,314610.4562812802,70.02154816360822,10.998721529892007,6.366335212079484,678029,935304,0.7249290070394224,87233.46305018003,91434.75351472662,⬇️,2025-11-22 01:07:04
109860,동일금속,KOSDAQ,527933.8654182323,83.88270224905979,33.59886797530599,2.4965931087532676,583654,72027,8.103266830494121,7706.942264365449,7572.500554672508,➡️,2025-11-22 01:07:04
053690,한미글로벌,KOSPI,375149.0326139948,36.353058285239754,44.74609765848455,0.8124296908011296,674346,713083,0.9456767304787802,90089.57960431777,94095.3923100206,⬇️,2025-11-22 01:07:04
028100,동아지질,KOSPI,869111.1555491376,18.927204072702587,11.978295113260875,1.580125042314974,762533,169123,4.508748070930625,70464.13722536275,69048.20481886531,➡️,2025-11-22 01:07:04
102120,어보브반도체,KOSDAQ,392822.26623381616,41.48925563553191,6.979341527752842,5.944580225878461,341821,457877,0.7465345496716367,38043.07763777418,36890.54316048704,⬆️,2025-11-22 01:07:04
101730,위메이드맥스,KOSDAQ,757646.1552431652,79.13394183241437,23.545228927011774,3.360933209769288,31550,620984,0.050806462002241606,12334.841262451639,12158.09357810004,➡️,2025-11-22 01:07:04
102710,이엔에프테크놀로지,KOSDAQ,911832.9910573399,79.30898199365467,37.394651319720204,2.120864326707354,15192,596571,0.025465535535585872,35129.46940466191,35519.946569950844,➡️,2025-11-22 01:07:04
099440,스맥,KOSDAQ,587800.0133414943,80.3891061662036,8.630119271691674,9.314947295096392,675613,86275,7.830924369747899,30241.665576623305,30576.08490285373,➡️,2025-11-22 01:07:04
099220,SDN,KOSDAQ,533640.3455630895,88.80795465013078,42.283593709990456,2.1002934438173804,942263,825726,1.1411327728568557,85387.07154579327,86611.82291574437,➡️,2025-11-22 01:07:04
101680,한국정밀기계,KOSDAQ,505764.48184223776,15.462701747897352,34.30168736130792,0.45078545510094,539493,773986,0.6970319876586915,4595.687301457702,4554.268760923588,➡️,2025-11-22 01:07:04
071970,HD현대마린엔진,KOSPI,53138.56041420871,7.197255954846178,21.45180069392906,0.3355082427594542,73861,133840,0.5518604303646145,50532.50184094361,50372.07155776364,➡️,2025-11-22 01:07:04
010240,흥국,KOSDAQ,830480.7674594641,37.0067639962344,42.83230463554178,0.8639918937615743,868665,316272,2.7465757322810744,95703.6490322472,99259.40149834969,⬇️,2025-11-22 01:07:04
101170,우림피티에스,KOSDAQ,101944.892953284,93.45054121139027,24.484265420411766,3.816759033067967,311538,595622,0.5230464959319837,86240.86422361147,88982.28751988031,⬇️,2025-11-22 01:07:04
081150,티플랙스,KOSDAQ,809640.5861795885,87.88981275422312,18.64835249088165,4.7130068351720595,767233,98688,7.774329199092088,57925.58907805188,56366.18831006069,➡️,2025-11-22 01:07:04
108670,LX하우시스,KOSPI,87074.23190394626,41.710161830690346,49.66481133935183,0.8398332885167203,540183,313902,1.7208651107670547,83150.14431513447,86147.35856552492,⬇️,2025-11-22 01:07:04
098660,에스티오,KOSDAQ,811417.307887348,65.40294917662526,23.531764684207047,2.779347407826127,801864,385418,2.0805048025779804,93565.313336623,91639.27460940114,➡️,2025-11-22 01:07:04
071670,에이테크솔루션,KOSDAQ,898162.8204043767,83.16834656741037,29.529456484241624,2.816453686229989,734532,723255,1.0155920111164112,46955.18516187582,45633.30959887172,➡️,2025-11-22 01:07:04
101490,에스앤에스텍,KOSDAQ,790449.312389398,51.730626487912325,4.912140042011363,10.531179088031516,889858,748813,1.1883581080990848,70111.81844009252,68835.19970719029,➡️,2025-11-22 01:07:04
100120,뷰웍스,KOSDAQ,42873.74039736155,16.14360452023518,23.494000530115482,0.6871373182928854,316533,894871,0.3537191394066854,71987.74647852745,70325.09923382617,➡️,2025-11-22 01:07:04
102940,코오롱생명과학,KOSDAQ,613724.2123872834,22.665289263202453,22.07556043651817,1.0267141044224062,403414,466966,0.8639044384387728,93667.80377867527,97283.74356345677,⬇️,2025-11-22 01:07:04
101400,엔시트론,KOSDAQ,149372.23180369628,65.13518395563905,41.31816816256244,1.5764296156444013,392081,624553,0.6277785872455981,73282.11065427435,73682.48706343102,➡️,2025-11-22 01:07:04
105630,한세실업,KOSPI,419295.13668636343,49.15946189020297,11.085736546012715,4.434478637135257,205153,929507,0.2207116245493579,30634.334575641155,32079.71661582763,⬇️,2025-11-22 01:07:04
109070,주성코퍼레이션,KOSPI,342755.04656127305,11.31633055013135,19.561464386865005,0.5785011963485699,917465,292549,3.1361071136801013,57056.76140509284,56098.61569918274,➡️,2025-11-22 01:07:04
106240,파인테크닉스,KOSDAQ,33246.35384501725,84.15265818249105,13.214261455531364,6.368320958812689,145841,461298,0.3161535493325356,17353.638217335298,18027.976598873785,⬇️,2025-11-22 01:07:04
107590,미원홀딩스,KOSPI,974640.1511182656,36.13236780690508,12.891262383176105,2.802857216998395,878761,445786,1.971261995666082,64688.02924259681,65813.53800929394,➡️,2025-11-22 01:07:04
086890,이수앱지스,KOSDAQ,868274.9695970746,32.293914261359326,28.065625875395614,1.1506571919948003,603661,408901,1.4763011095595266,44522.193169959195,46640.663754881854,⬇️,2025-11-22 01:07:04
104040,대성파인텍,KOSDAQ,558385.587712535,46.74018781012587,5.410861898380075,8.638214888485535,747178,848763,0.8803140570453707,71311.90265135361,74611.95715606188,⬇️,2025-11-22 01:07:04
078070,유비쿼스홀딩스,KOSDAQ,669149.0272039964,4.751771979402288,46.53373799880271,0.10211455566979272,861007,538732,1.5982102418271051,88047.18043092062,88290.07901427167,➡️,2025-11-22 01:07:04
086900,메디톡스,KOSDAQ,714505.93099631,27.202558888559224,45.242011480516666,0.6012676713163808,601775,905428,0.6646304289242215,17636.2322320353,18030.721621243003,➡️,2025-11-22 01:07:04
058630,엠게임,KOSDAQ,456862.01675686776,70.59996400678793,6.556040112458288,10.768690062257015,79633,121082,0.6576782676202904,52997.39750720312,52566.70074237601,➡️,2025-11-22 01:07:04
059100,아이컴포넌트,KOSDAQ,307406.6083081167,7.487545525610518,28.412886555558252,0.26352639359501373,753232,951706,0.7914545038068479,73358.37545626303,69763.83135936418,⬆️,2025-11-22 01:07:04
035420,NAVER,KOSPI,2841.4739024075334,40.69973553270189,37.23573986568544,1.0930287857717227,646623,142089,4.5508308173046474,49573.149514281504,51056.618624981835,➡️,2025-11-22 01:07:04
067630,HLB생명과학,KOSDAQ,88031.1040115474,94.11792899746196,33.36338234235458,2.8209948269537377,499389,21162,23.598383895662035,41481.07744949461,40045.60127974345,⬆️,2025-11-22 01:07:04
092130,이크레더블,KOSDAQ,346573.55465794937,48.736501636670816,30.937777592409404,1.575307130290714,732049,477894,1.5318229565552193,75261.90279184224,76131.85583583348,➡️,2025-11-22 01:07:04
026940,부국철강,KOSPI,753212.0221035756,91.86839929801091,15.457594795972437,5.943253171699633,760398,705303,1.0781153631843337,77175.34161761198,79267.35364454017,➡️,2025-11-22 01:07:04
105560,KB금융,KOSPI,423445.24059747986,66.77018424373917,12.7032085024786,5.256166914894866,749144,104544,7.165824915824916,82955.69009995168,78900.9261178942,⬆️,2025-11-22 01:07:04
100700,세운메디칼,KOSDAQ,154256.3579753711,44.27062746921241,40.00194279786104,1.1067119337908662,37221,808403,0.046042629727994576,25737.139069291636,24486.24836781897,⬆️,2025-11-22 01:07:04
104700,한국철강,KOSPI,412582.8724575417,53.43180470933812,9.675574262698476,5.522339373212171,206538,274649,0.7520071072532578,11783.665355320985,11560.31648824276,➡️,2025-11-22 01:07:04
098120,마이크로컨텍솔,KOSDAQ,677106.1811798523,20.189152534742167,43.55064698011293,0.46357870513293153,101969,627749,0.16243594175379014,50328.63417709245,52432.90523515759,⬇️,2025-11-22 01:07:04
083470,이엠앤아이,KOSDAQ,599927.1359660021,16.44996194490988,37.499732343340206,0.4386687828674949,628152,900755,0.6973616577204679,90287.99074213288,93365.22474896397,⬇️,2025-11-22 01:07:04
103590,일진전기,KOSPI,705403.5831717666,23.636256269264933,40.29557079539976,0.5865720674184693,21137,761663,0.02775111827671818,19383.750725458485,18680.821588209725,⬆️,2025-11-22 01:07:04
103140,풍산,KOSPI,122156.92550348281,25.703977474306487,22.08207041652118,1.1640202657390089,53825,678819,0.07929212352630083,40423.44578542692,39188.11962116603,⬆️,2025-11-22 01:07:04
011070,LG이노텍,KOSPI,283907.2243271673,3.9203439641711815,34.790571888166305,0.11268409087304054,103396,189956,0.5443155257006885,4571.209525993389,4791.023536624219,⬇️,2025-11-22 01:07:04
101390,아이엠,KOSDAQ,725709.5778980944,62.357023336942184,36.26282461944246,1.7195853878274339,520460,96325,5.403166363872307,8480.743180881831,8492.295414339318,➡️,2025-11-22 01:07:04
076080,웰크론한텍,KOSDAQ,500004.0821874223,78.05731320469806,8.5216168314998,9.159918211314368,875434,188221,4.65109631762662,62419.75536227352,63431.40270585336,➡️,2025-11-22 01:07:04
101670,하이드로리튬,KOSDAQ,467145.89476306044,2.6098035207833963,21.014744732741764,0.12418916118058879,788613,196469,4.013930950938825,20791.416997841563,20721.859659778223,➡️,2025-11-22 01:07:04
094840,슈프리마에이치큐,KOSDAQ,875468.8094604386,21.9308665362083,36.751916658134796,0.5967271514084163,810017,48023,16.867271932199156,2806.16233771708,2941.0651540381814,⬇️,2025-11-22 01:07:04
017180,명문제약,KOSPI,447658.3553067306,4.448359717651303,47.54220573213231,0.09356654049066962,373520,72712,5.136978765540763,62374.64617396351,61875.83934226587,➡️,2025-11-22 01:07:04
063170,서울옥션,KOSDAQ,33797.47883089855,98.50250603991798,44.37440744866397,2.2198044256449827,872919,976730,0.8937157658718377,26844.233966108583,26372.218859832323,➡️,2025-11-22 01:07:04
047560,이스트소프트,KOSDAQ,484384.85232889664,39.73993324786505,47.18020038375499,0.8423010696145378,822734,30164,27.275361357910093,78591.70929040515,77195.42564261699,➡️,2025-11-22 01:07:04
100220,비상교육,KOSPI,767356.3758469883,85.52302913880787,46.934490740915,1.8221786960661197,848018,168221,5.04109475035816,15267.58908950039,15158.823704912556,➡️,2025-11-22 01:07:04
096240,크레버스,KOSDAQ,564233.0501796991,59.7515620766925,4.731491256470282,12.628484094730737,11199,705149,0.015881749814578197,7140.064455324844,6887.444623562191,⬆️,2025-11-22 01:07:04
102260,동성케미컬,KOSPI,125713.00738352898,59.459464554765354,30.085620523044025,1.9763416383325878,497126,95158,5.224216566132117,80645.52311856656,77959.40270212562,⬆️,2025-11-22 01:07:04
101160,월덱스,KOSDAQ,213868.43593693292,33.49956802649772,28.68633573389404,1.167788327420175,710455,139687,5.086049525009486,11592.834452070343,11300.501422303782,➡️,2025-11-22 01:07:04
099320,쎄트렉아이,KOSDAQ,587409.336493263,98.04097276709028,14.103469837325491,6.9515497886640825,736888,458091,1.6086061503063802,13445.67296064959,13398.011984327843,➡️,2025-11-22 01:07:04
102280,쌍방울,KOSPI,576424.3748216389,43.33897486302702,46.02655356547546,0.9416080828510176,840130,500097,1.6799340927859996,19449.95983819296,19022.48429378216,➡️,2025-11-22 01:07:04
064480,브리지텍,KOSDAQ,967495.4993996879,97.69670316907106,24.935783558400985,3.9179319527000214,476296,844107,0.5642602181950866,3972.333442264891,4144.947808543253,⬇️,2025-11-22 01:07:04
098460,고영,KOSDAQ,110822.39503677747,64.22950907048998,43.80142835268558,1.46637932793696,459907,892895,0.5150740008623634,17441.383984957778,18021.265815991675,⬇️,2025-11-22 01:07:04
067000,조이시티,KOSDAQ,509557.89630257373,78.91063526982575,29.177167726139206,2.704533764568635,664150,902198,0.7361466108326553,40778.700287115695,41664.34723852295,➡️,2025-11-22 01:07:04
018620,우진비앤지,KOSDAQ,979679.9483201688,38.786864021651006,3.5041121606394947,11.068956198757196,960859,284743,3.3744780380904884,86226.74109377906,85682.5230604543,➡️,2025-11-22 01:07:04
095610,테스,KOSDAQ,90164.95835270883,31.477462605712837,19.315804374731513,1.6296221474934238,88870,619593,0.1434328664139201,48345.207680247935,48638.71411804057,➡️,2025-11-22 01:07:04
053280,예스24,KOSDAQ,753908.7521454527,30.971819999749574,4.893753283351448,6.328847861030454,915254,648235,1.4119169745539812,4639.728859735451,4614.52312849699,➡️,2025-11-22 01:07:04
096870,엘디티,KOSDAQ,403958.04092306294,54.50047027519463,43.55723675051271,1.25123801097307,580707,722143,0.8041440545709091,25165.20156692068,24942.157536713104,➡️,2025-11-22 01:07:04
032640,LG유플러스,KOSPI,492863.7413934728,33.8271049989682,45.44552238545594,0.7443440678722176,718142,184042,3.9020549657143477,77842.55261881089,75363.38600747004,⬆️,2025-11-22 01:07:04
059210,메타바이오메드,KOSDAQ,150680.8953194378,41.073484212667736,49.51171591368995,0.8295710107132633,632903,323020,1.9593306915980435,93097.18323887112,90605.46991426004,➡️,2025-11-22 01:07:04
097870,효성오앤비,KOSDAQ,962057.5558675785,84.46987010793077,44.71630109883847,1.8890173836432307,949615,998228,0.9513007048489924,94105.622165054,97036.33090772877,⬇️,2025-11-22 01:07:04
101140,인바이오젠,KOSPI,152178.6537758887,17.269680907504103,17.48144578580709,0.9878863063789086,955404,349545,2.7332789769557566,20887.376469434043,21928.654883657167,⬇️,2025-11-22 01:07:04
020560,아시아나항공,KOSPI,750504.068795676,40.976004298677346,12.081215802018976,3.391711974206235,96519,513785,0.18785873468474168,94761.91827149228,94407.87485040275,➡️,2025-11-22 01:07:04
100840,SNT에너지,KOSPI,743056.7195364201,48.71033380237994,41.11211960201317,1.1848168927781262,706754,741090,0.9536682454222833,4702.048134623061,4491.501669515125,⬆️,2025-11-22 01:07:04
100250,진양홀딩스,KOSPI,580463.9339163458,96.57602180461572,14.393434736627976,6.709727286903382,449240,385248,1.1661059888695073,69210.49972025242,69714.78452870464,➡️,2025-11-22 01:07:04
091440,한울소재과학,KOSDAQ,370691.1049165379,13.351609877966872,29.956405220017547,0.44570133765733094,766015,771613,0.9927450677995316,7135.216723865909,7257.822478141083,➡️,2025-11-22 01:07:04
085310,엔케이,KOSPI,898972.2877833279,63.643413449622145,34.967394600294575,1.8200787956070938,267651,542378,0.493476874062001,60536.62966804804,60853.666622806406,➡️,2025-11-22 01:07:04
097780,에코볼트,KOSDAQ,64640.655216742714,5.506615714950655,49.87865895151245,0.11040023590657665,608449,89819,6.774168049076476,46491.14799791278,48035.05866367905,⬇️,2025-11-22 01:07:04
096630,에스코넥,KOSDAQ,576517.0695859122,39.84443613658768,25.50874126168417,1.5619914651153985,880931,672847,1.309259014307859,5382.24589606519,5157.558222549231,⬆️,2025-11-22 01:07:04
068330,일신바이오,KOSDAQ,13514.03111037596,80.84896209229547,22.743160821748937,3.5548692077567705,551112,212562,2.5927117735060827,67407.4028242138,67243.55545173063,➡️,2025-11-22 01:07:04
093920,서원인텍,KOSDAQ,192158.51285269202,95.84486995054417,10.963367607406287,8.742283701752033,983919,548811,1.7928193859088102,80506.70907771606,77033.9061338433,⬆️,2025-11-22 01:07:04
067010,이씨에스,KOSDAQ,394043.2235838937,32.1800207284778,24.64384899572907,1.3058033562068487,515270,622429,0.8278373918953005,82656.47945794566,84590.26321947947,➡️,2025-11-22 01:07:04
096350,대창솔루션,KOSDAQ,642280.4982005889,79.49108486566553,22.274561399316802,3.568693607053634,752139,985954,0.7628540479576126,39888.44535944374,41145.573193334836,⬇️,2025-11-22 01:07:04
051600,한전KPS,KOSPI,312309.73763994523,11.72984056950474,11.413770999406523,1.02769194949808,790896,161882,4.8856327448388335,31576.570855418686,31767.798516187693,➡️,2025-11-22 01:07:04
069920,엑시온그룹,KOSDAQ,192087.69426689929,50.1190737858517,23.98317651111926,2.0897596180645674,113991,167379,0.6810352553187676,19801.4306817729,20060.377313036537,➡️,2025-11-22 01:07:04
096610,알에프세미,KOSDAQ,678067.8316849587,2.2256986223376765,43.81010832706186,0.05080331246208867,446835,627291,0.712324901839816,38637.21515970059,40367.70995993347,⬇️,2025-11-22 01:07:04
092070,디엔에프,KOSDAQ,756891.1792797829,0.10814927950886459,32.36634019822094,0.00334141206100309,651657,635542,1.0253563100471723,28759.86218744999,29351.869094231042,➡️,2025-11-22 01:07:04
094820,일진파워,KOSDAQ,595862.245334737,21.64759276472114,23.88372307153965,0.9063742993451833,955556,801790,1.1917783958393096,13349.927621019071,13453.996127436338,➡️,2025-11-22 01:07:04
086670,비엠티,KOSDAQ,503933.3566600766,16.511378563016052,1.8153557879606357,9.095395333806646,685369,840792,0.8151469091047489,5151.194153773276,4961.230055148201,⬆️,2025-11-22 01:07:04
092440,기신정기,KOSPI,391119.4695267984,71.67839873015201,10.831599162157332,6.6175268911885965,641789,461431,1.3908666734571367,71906.65910238579,71374.76239810056,➡️,2025-11-22 01:07:04
095190,이엠코리아,KOSDAQ,389357.7640915127,36.399690032755245,48.490146409841735,0.7506615823574299,523048,585818,0.8928506805868034,28140.06084930832,27237.259075304355,⬆️,2025-11-22 01:07:04
044450,KSS해운,KOSPI,493625.13012470386,18.288428718652813,24.77702933356381,0.7381203158959287,329441,904248,0.36432593713229117,77792.98926275656,80990.22238962086,⬇️,2025-11-22 01:07:04
094280,효성 ITX,KOSPI,200637.3943564004,30.185495790104255,5.783829086144534,5.218946711688835,192788,260242,0.740802791248146,40980.42941495873,41200.604303498105,➡️,2025-11-22 01:07:04
092300,현우산업,KOSDAQ,803486.5731368174,27.849650295022343,31.36116090041214,0.8880299547411317,162688,222166,0.7322812671605916,55230.44274936989,55494.73748069011,➡️,2025-11-22 01:07:04
033270,유나이티드,KOSPI,769205.3635294501,40.00708474846221,48.86575253081672,0.8187141848113794,858518,717803,1.1960356810991317,41856.73492869505,41007.02104996646,➡️,2025-11-22 01:07:04
093640,케이알엠,KOSDAQ,473660.5605201196,9.630677526229805,20.57952717665037,0.46797370238694397,260547,561793,0.4637775835583569,5041.841334128198,5208.209876232653,⬇️,2025-11-22 01:07:04
092200,디아이씨,KOSPI,105550.57990979952,81.27208479690177,28.61178844877711,2.84051047498834,678978,625409,1.085654347794803,92962.57556490168,91460.74150390574,➡️,2025-11-22 01:07:04
095910,에스에너지,KOSDAQ,822127.956627545,69.55521228674915,20.231446010275455,3.437975330652213,633394,190349,3.327540465145601,61250.372118010004,62402.2489671354,➡️,2025-11-22 01:07:04
081580,성우전자,KOSDAQ,173959.62604470114,25.679808771781058,2.661700271488306,9.64789651444189,955648,211146,4.526005702215529,19055.98148827323,19609.721562019167,➡️,2025-11-22 01:07:04
073110,엘엠에스,KOSDAQ,194470.8814101658,19.21185605103045,3.9824716692973476,4.824103633716525,639288,140347,4.555052833334521,16088.027858807283,16304.952912504152,➡️,2025-11-22 01:07:04
094970,제이엠티,KOSDAQ,488430.2072279146,65.44889896648019,22.646909919341528,2.889970384462197,134346,307690,0.4366277747083103,42670.26894360654,43516.17052790359,➡️,2025-11-22 01:07:04
080520,오디텍,KOSDAQ,329343.08915423957,69.69778849257509,35.55911383751801,1.9600541456417777,487064,229586,2.1214882440566933,83429.63730399762,83097.8877179846,➡️,2025-11-22 01:07:04
095340,ISC,KOSDAQ,598003.1005321456,21.401791602414068,46.50407205087134,0.46021328151656055,621509,230509,2.6962461335566075,5759.941222450633,5819.844876417468,➡️,2025-11-22 01:07:04
085910,네오티스,KOSDAQ,917975.1380640742,5.427587556321444,7.020402195574638,0.773116326546471,485144,319889,1.5166010709965019,76190.4216712629,75914.83117839937,➡️,2025-11-22 01:07:04
095500,미래나노텍,KOSDAQ,582554.4898046525,39.27698481526769,20.57722496274035,1.9087600435135166,383208,288987,1.3260388875624163,97921.61637299875,93279.84500902957,⬆️,2025-11-22 01:07:04
027580,상보,KOSDAQ,593241.200525451,24.3713701002654,8.215499932522668,2.966510900181077,614163,116474,5.272962206157597,9434.413903391798,9604.721612447142,➡️,2025-11-22 01:07:04
097950,CJ제일제당,KOSPI,791373.2886361171,21.6634221206958,19.980289780542662,1.0842396360933773,360565,873150,0.41294737444883467,59088.97364157662,56148.289059637966,⬆️,2025-11-22 01:07:04
086040,바이오톡스텍,KOSDAQ,159365.3853810837,4.287895464162748,40.65862887708621,0.10546089680312011,42900,952587,0.04503525662222978,52745.98245003887,53901.80765305936,➡️,2025-11-22 01:07:04
028670,팬오션,KOSPI,709646.9847941122,47.67110276878141,47.459641812710984,1.004455595280405,262170,948640,0.27636405801990216,33519.79100141836,34397.28791701134,➡️,2025-11-22 01:07:04
057540,옴니시스템,KOSDAQ,873510.5417713963,11.841238073242188,20.988659731336593,0.5641731403917576,795618,136392,5.833318669716699,5763.679739351629,5831.654930834712,➡️,2025-11-22 01:07:04
094940,푸른기술,KOSDAQ,651753.0943226357,7.407483986702365,22.466528151608138,0.32971200252728605,194387,497841,0.39046000630723465,65875.16377119438,64283.41669997724,➡️,2025-11-22 01:07:04
095270,웨이브일렉트로,KOSDAQ,178321.19559856883,75.94464807006109,24.15379377841473,3.1442119928145513,217668,932020,0.23354434454196263,38253.80500894074,38853.95726469421,➡️,2025-11-22 01:07:04
097230,HJ중공업,KOSPI,631423.2489466898,76.02132905182135,46.823730292748415,1.6235641324714098,313458,518253,0.6048358620210592,19958.287964153667,20220.486248797035,➡️,2025-11-22 01:07:04
093190,빅솔론,KOSDAQ,976842.5201485854,55.599345512881705,27.467780261981574,2.024165949435576,850634,568054,1.497452706960958,10399.768414971377,10324.837143981476,➡️,2025-11-22 01:07:04
096760,JW홀딩스,KOSPI,745966.9266409234,18.093866238063836,10.768888782982959,1.6801980782507324,984679,149065,6.6057022104451075,13235.846004786206,12695.12084260495,⬆️,2025-11-22 01:07:04
091340,S&K폴리텍,KOSDAQ,663704.1938554834,93.59453373868065,33.49710784804298,2.7941079021885997,239497,285636,0.8384692405719167,49384.975168078694,50487.156885364435,➡️,2025-11-22 01:07:04
096770,SK이노베이션,KOSPI,69639.01008946066,91.22095564307956,3.3871944734554176,26.93112437386014,490439,369446,1.327498470683131,1969.429077864525,2019.0241675453428,➡️,2025-11-22 01:07:04
072770,율호,KOSDAQ,337680.0956832365,58.4692845224787,45.17407768337057,1.2943105320776112,456633,836167,0.5461026326080795,4376.461607236248,4189.188108139551,⬆️,2025-11-22 01:07:04
094480,갤럭시아머니트리,KOSDAQ,600912.7154483454,5.5457882659925195,13.2720463370743,0.41785479986615515,307665,872646,0.352565645175707,60498.69272208098,57487.00376039803,⬆️,2025-11-22 01:07:04
086520,에코프로,KOSDAQ,408096.1095518833,2.447643085679093,47.01736016811981,0.052058283938678486,578030,852882,0.6777373657786189,38457.403650366046,38279.063886732794,➡️,2025-11-22 01:07:04
065150,대산F&B,KOSDAQ,79955.70467900146,59.62399645689763,2.9739134243065553,20.04900208915816,325185,692095,0.46985601687629586,76803.94995533364,79015.43860051098,➡️,2025-11-22 01:07:04
078340,컴투스,KOSDAQ,142379.02070146624,7.083409454757516,24.283272176545914,0.29169913359530897,189648,101805,1.8628554589656696,45182.840826637424,43718.53538984665,⬆️,2025-11-22 01:07:04
095660,네오위즈,KOSDAQ,486643.2315144202,15.147572263348582,36.17980538278992,0.4186747856458622,590663,370809,1.5929036242378152,71722.33406535184,74593.60592464147,⬇️,2025-11-22 01:07:04
029780,삼성카드,KOSPI,830242.6971345049,66.98037118752708,13.147853151903895,5.094396051862496,633421,738262,0.8579894400632838,75253.72024542624,78847.09078543086,⬇️,2025-11-22 01:07:04
092600,앤씨앤,KOSDAQ,868973.3317723647,37.639120938592015,43.955243672028395,0.8563055916476299,936242,65083,14.385354086320545,41385.788075715405,41399.209930302655,➡️,2025-11-22 01:07:04
069410,엔텔스,KOSDAQ,159074.95799819357,66.5714515883988,43.515708719833846,1.5298257467666263,36636,23536,1.5565941536369816,29905.971098508955,29452.973930832835,➡️,2025-11-22 01:07:04
001780,알루코,KOSPI,715660.2396622557,84.70757121346254,42.09159208959235,2.0124582371025945,356060,352298,1.0106784597130838,85641.1452380882,82462.73019016461,⬆️,2025-11-22 01:07:04
093380,풍강,KOSDAQ,670613.9752783419,75.04664921740337,9.59412188956858,7.822148819997741,725783,80712,8.99225641788086,37517.941918295735,36618.61796008318,➡️,2025-11-22 01:07:04
095720,웅진씽크빅,KOSPI,397051.78235965635,73.11188871630043,23.122693657787522,3.1619105368235063,837333,57429,14.580316564801755,31834.392807171796,32454.414676692442,➡️,2025-11-22 01:07:04
086450,동국제약,KOSDAQ,621240.6824191263,10.882743176397286,5.704515165747674,1.9077420008876278,349799,647893,0.5399024221592146,12855.077251673298,13429.65688148614,⬇️,2025-11-22 01:07:04
064820,케이프,KOSDAQ,340357.6120893936,98.40601469548243,37.92111942767915,2.595018717291729,231823,896216,0.25866866916011316,14916.52530741596,15465.722565914679,⬇️,2025-11-22 01:07:04
091580,상신이디피,KOSDAQ,381211.84067458595,8.74734656365368,44.816521043417985,0.1951812938621296,313983,684192,0.45891065665778025,35754.055152640896,36025.7149919384,➡️,2025-11-22 01:07:04
092460,한라IMS,KOSDAQ,983464.2377528216,61.78825114554698,8.2649664473665,7.475922804893518,593607,695463,0.8535421726245681,39114.69021642083,40720.86537987608,⬇️,2025-11-22 01:07:04
073540,에프알텍,KOSDAQ,720560.0113102861,65.67036726019994,1.6477727806271352,39.854018728969464,448011,992262,0.45150474370680327,7902.207828538235,8128.434933813305,➡️,2025-11-22 01:07:04
091120,이엠텍,KOSDAQ,891055.4848121727,32.52231083322814,40.7576737714265,0.7979432539652981,680960,762276,0.8933247275265127,18124.128768522434,18777.137544814334,⬇️,2025-11-22 01:07:04
094850,참좋은여행,KOSDAQ,453779.44331697095,38.421311915898265,27.802065594687484,1.3819588974439347,544408,750035,0.7258434606385036,35059.64727985953,36779.028790361685,⬇️,2025-11-22 01:07:04
094860,네오리진,KOSDAQ,273497.60446213366,43.260891337781985,11.268736145578426,3.8390189262490177,884581,868269,1.0187868045502027,12690.459459953883,12479.563911992454,➡️,2025-11-22 01:07:04
094800,맵스리얼티,KOSPI,365639.17816527624,16.5602550362062,41.18893418189912,0.40205592509562355,276839,599565,0.46173308982345534,91233.70615409336,88281.89070915004,⬆️,2025-11-22 01:07:04
078020,LS증권,KOSDAQ,770010.7334878418,19.956314456146178,28.953817510747932,0.6892463989848041,389003,531499,0.7318978963271803,2572.7597172919805,2663.5262276844032,⬇️,2025-11-22 01:07:04
093520,매커스,KOSDAQ,66552.33154493946,7.931586730725729,20.504290586834507,0.3868257083626429,397541,535142,0.7428701167166846,65044.73672610619,64907.73788724459,➡️,2025-11-22 01:07:04
091970,나노캠텍,KOSDAQ,343864.50901971845,43.10324896099334,2.659401964121005,16.20787287612611,937506,47018,19.93929984261347,98649.57973110079,95975.52938585819,➡️,2025-11-22 01:07:04
092730,네오팜,KOSDAQ,868571.2479231028,36.78839255376523,33.313625440406575,1.104304682165996,637939,519952,1.226919023294458,45046.40326328695,47101.78238494847,⬇️,2025-11-22 01:07:04
039200,오스코텍,KOSDAQ,739061.0432029951,94.52933216068436,47.95624611520681,1.971157874484036,760006,588853,1.2906548833070393,23878.7458929226,24282.467379982776,➡️,2025-11-22 01:07:04
089010,켐트로닉스,KOSDAQ,71037.703728157,53.872402512587904,22.946683915357017,2.347720599251115,456619,208411,2.1909544121951336,94492.53909659272,94765.41394814501,➡️,2025-11-22 01:07:04
090470,제이스텍,KOSDAQ,57800.1083318319,59.54258047831549,26.440222511593287,2.251969719702917,171758,901538,0.19051665043514526,79935.760194067,81786.58850881086,➡️,2025-11-22 01:07:04
088130,동아엘텍,KOSDAQ,151691.18321643022,48.650531707681736,39.224658960790855,1.240304772472669,714932,602175,1.1872495537011667,33024.932687688066,32841.13215479336,➡️,2025-11-22 01:07:04
090370,메타랩스,KOSPI,572459.9924352575,13.860552895865258,33.89586223780396,0.40891577852846656,698435,392975,1.777301355048031,56511.93776564722,58949.49052917797,⬇️,2025-11-22 01:07:04
093370,후성,KOSPI,851806.0234496044,61.43646658547374,9.402769223237387,6.533869451314798,819792,156188,5.248751504597024,91210.35484066067,88414.95557298012,⬆️,2025-11-22 01:07:04
084110,휴온스글로벌,KOSDAQ,788293.3531679144,29.31352706582321,25.368824167348812,1.1554941164183503,131128,680264,0.19276045770465583,47803.96464637041,50013.03380103503,⬇️,2025-11-22 01:07:04
089150,케이씨티,KOSDAQ,767510.3325001142,24.677563896224505,23.0469906345046,1.0707499424796358,795332,460749,1.7261719504545858,29642.968301702986,28491.025481877263,⬆️,2025-11-22 01:07:04
091700,파트론,KOSDAQ,51637.19518736294,59.61447257701394,24.858097056979247,2.3981913193261257,673443,651554,1.033595066563938,46650.39955245073,45010.38253529424,⬆️,2025-11-22 01:07:04
086390,유니테스트,KOSDAQ,195820.332799989,87.55203940010028,26.386747937153835,3.318030687549136,786012,974780,0.806348099058249,35845.619202424474,36601.574156316135,➡️,2025-11-22 01:07:04
090710,휴림로봇,KOSDAQ,84100.18869898425,51.79810355184627,8.433145079390677,6.142204724834268,890311,471313,1.8890015764470744,57928.469326797596,57733.94939130571,➡️,2025-11-22 01:07:04
093050,LF,KOSPI,965816.9950906322,26.04407181227676,47.822902688209126,0.5445941243273382,292523,912596,0.32053942818070646,80115.4026276402,78409.90186270975,➡️,2025-11-22 01:07:04
060540,에스에이티,KOSDAQ,967332.127736781,60.944109473999426,8.416120024172821,7.241354602709498,606669,280403,2.163561017535476,95207.92121028133,95483.67488510562,➡️,2025-11-22 01:07:04
066310,큐에스아이,KOSDAQ,524626.4878815247,9.633941831914283,15.923187056593306,0.6050259786356753,443591,609455,0.7278486516641918,47844.96282819521,47893.70768889906,➡️,2025-11-22 01:07:04
067280,멀티캠퍼스,KOSDAQ,503156.0035115057,76.49403334576543,24.526423796238173,3.11884170237236,133642,973799,0.13723776672598761,25145.153441922357,24868.015067493594,➡️,2025-11-22 01:07:04
044380,주연테크,KOSPI,415861.59899397334,23.046137703409634,49.83340553670908,0.46246363167841337,479731,700374,0.6849640335021003,61220.81245311914,60435.513290874565,➡️,2025-11-22 01:07:04
044820,코스맥스비티아이,KOSPI,535110.2960599137,59.54794896247329,49.32250621630863,1.2073179878840703,599876,536229,1.118693692433643,5989.6374136648365,6113.0063992035075,➡️,2025-11-22 01:07:04
089890,코세스,KOSDAQ,925684.8375275501,96.11041327147771,42.38634796465813,2.267485119303387,422525,405888,1.0409891398612425,15161.74846720364,15321.878646640791,➡️,2025-11-22 01:07:04
034590,인천도시가스,KOSPI,5130.426379611981,41.68078929022268,11.23433729543429,3.710124433166345,838945,450343,1.8629022767090861,8908.532182456482,8752.371308525515,➡️,2025-11-22 01:07:04
080470,성창오토텍,KOSDAQ,178560.12051391866,53.120038316299315,3.6529369611721547,14.541734193861958,967984,708204,1.3668152114362528,18379.24533158706,18901.725872615705,➡️,2025-11-22 01:07:04
089140,넥스턴앤롤코리아,KOSDAQ,699005.470542433,10.206978540020382,39.2688334215949,0.2599256878969904,615278,451019,1.3641952999762759,4560.2004036550825,4497.051207238344,➡️,2025-11-22 01:07:04
089790,제이티,KOSDAQ,475879.66962796997,57.0824541749138,6.584481386210005,8.66924072326525,567784,729700,0.7781060709880773,7258.220518102249,7431.884127229535,➡️,2025-11-22 01:07:04
090150,아이윈,KOSDAQ,876731.6840098576,62.50337142459886,43.43876500797805,1.4388846324963283,406472,972431,0.41799572411821506,2621.9565303882664,2709.3380750448428,⬇️,2025-11-22 01:07:04
088390,이녹스,KOSDAQ,214083.96976885435,39.32816177101464,39.361031442622796,0.9991649184382765,765482,721019,1.0616668908863705,1853.3493418824235,1828.5870793620634,➡️,2025-11-22 01:07:04
009770,삼정펄프,KOSPI,80036.75818711332,5.651783523667191,9.725153114003579,0.5811511096446385,760254,593305,1.2813881561759972,61347.551725927246,63726.39021623535,⬇️,2025-11-22 01:07:04
092220,KEC,KOSPI,972707.5650600637,10.031265516820438,30.009986229770064,0.33426424924078674,725912,649383,1.1178487887733433,49678.542030517376,51660.48401666686,⬇️,2025-11-22 01:07:04
092230,KPX홀딩스,KOSPI,73453.8263970836,68.08359534547571,12.819645925128992,5.310879547150258,340693,151987,2.241593030982913,62310.27629251934,63144.13681856181,➡️,2025-11-22 01:07:04
089230,THE E&M,KOSDAQ,918298.2745462668,46.27782195942767,9.677394906205468,4.7820536836574465,900330,434491,2.072148790193583,79830.08145583738,79559.34677750409,➡️,2025-11-22 01:07:04
043150,바텍,KOSDAQ,108272.1133214712,86.46319934680962,33.4565579353308,2.5843423437024504,887056,740079,1.198596366063623,88990.9796569442,87768.71927985662,➡️,2025-11-22 01:07:04
086960,MDS테크,KOSDAQ,265325.2845727785,76.94581570084068,34.59092419801564,2.2244509935717414,88920,832697,0.10678554143944316,89086.6015769992,87422.80125769923,➡️,2025-11-22 01:07:04
089470,HDC현대EP,KOSPI,497915.0449160344,99.45261854792875,5.196492439054026,19.138413018846457,476925,39404,12.103466653131662,23346.407499134748,22661.693693471654,⬆️,2025-11-22 01:07:04
038060,루멘스,KOSDAQ,221293.56316752924,88.40038370757723,7.319344901985966,12.077636030458335,14875,108906,0.1365856793932382,85367.5555182562,87030.903215447,➡️,2025-11-22 01:07:04
083660,CSA 코스믹,KOSDAQ,977943.4009044726,73.70223576239488,46.21826512731326,1.5946560425704863,661600,128331,5.155418410204861,44023.33423858292,44628.03368552288,➡️,2025-11-22 01:07:04
063570,NICE인프라,KOSDAQ,907611.1582067341,38.724888050400125,46.494837941807695,0.8328857517229691,916006,668812,1.3696016219804668,1856.8731093854292,1782.1733055022971,⬆️,2025-11-22 01:07:04
086980,쇼박스,KOSDAQ,109507.06251087897,48.18744970214361,11.568762832020635,4.165307077500788,400617,831502,0.4817992019261529,76135.7668348516,79724.7780039339,⬇️,2025-11-22 01:07:04
068050,팬엔터테인먼트,KOSDAQ,361491.47277568025,5.038287594042228,48.41873417542574,0.1040565739655239,176771,137289,1.287583127563024,77478.97900607921,77147.82124620481,➡️,2025-11-22 01:07:04
039290,인포뱅크,KOSDAQ,830529.2310682145,48.416587047830205,8.464732942173807,5.719800893729845,758855,623365,1.2173525943869161,6501.614394614687,6445.622665174506,➡️,2025-11-22 01:07:04
090350,노루페인트,KOSPI,402717.1720087368,15.829329474634818,23.52819703165785,0.6727812357800307,910236,855790,1.0636207480807207,72893.08121252651,71777.51759790421,➡️,2025-11-22 01:07:04
090430,아모레퍼시픽,KOSPI,341511.718752471,66.55022800647157,12.855084525911195,5.176957636671343,928739,175652,5.2873807300799305,2119.4157786430023,2117.6902402344103,➡️,2025-11-22 01:07:04
078860,엔에스이엔엠,KOSDAQ,284478.44976013026,58.42445562644853,20.54543703631618,2.8436706176255715,286115,441070,0.648683882376947,21164.112567573193,20828.2247448034,➡️,2025-11-22 01:07:04
088910,동우팜투테이블,KOSDAQ,621160.3784934827,53.23699872683058,26.882742652272427,1.9803410468734446,448147,367778,1.2185258498333233,66684.11795558769,65447.10860546288,➡️,2025-11-22 01:07:04
032350,롯데관광개발,KOSPI,731393.0965145502,36.29556822465552,44.508817885290725,0.8154691575542939,574909,356803,1.611278492613571,14811.335954351776,14591.257088283593,➡️,2025-11-22 01:07:04
054950,제이브이엠,KOSDAQ,49809.86609200747,56.57173280335114,21.50771871992887,2.6302990819259806,971731,928565,1.0464867833700386,29276.479119368323,29368.71756601347,➡️,2025-11-22 01:07:04
090080,평화산업,KOSPI,778724.9441331296,17.65684173056407,38.86334432848662,0.45433150532085587,987836,665770,1.4837496432701984,8571.665975400276,8266.593629372981,⬆️,2025-11-22 01:07:04
049800,우진플라임,KOSPI,796484.4043720727,88.1738981236308,23.432910829124893,3.762823098103501,473023,161463,2.9296061636412056,75623.52703027465,77554.99436681884,➡️,2025-11-22 01:07:04
084730,팅크웨어,KOSDAQ,1416.017709486166,69.52806556704188,24.623023415517345,2.8237013949808265,817104,59699,13.687063434898407,74327.2270315889,76592.64031832627,➡️,2025-11-22 01:07:04
035510,신세계I&C,KOSPI,475011.6185883299,15.140383668140034,31.374238242150394,0.48257374573637807,360838,829555,0.4349777892966711,83313.58244504857,82755.23527505585,➡️,2025-11-22 01:07:04
086060,진바이오텍,KOSDAQ,200137.91228514112,26.33213281842759,18.25727838575963,1.4422813883895318,634652,869928,0.7295454336450833,10554.006712262792,10067.351025716514,⬆️,2025-11-22 01:07:04
022220,티케이지애강,KOSDAQ,871568.8727959662,89.19544901120801,9.246839406085714,9.646047162071932,190533,569417,0.3346106631870843,41912.13496979449,42782.25786241681,➡️,2025-11-22 01:07:04
088790,진도,KOSPI,95861.47535360398,4.2311580099762836,7.249097926249658,0.5836806252340538,410492,182474,2.2495917226563784,2925.7264885098166,2890.037194093178,➡️,2025-11-22 01:07:04
088800,에이스테크,KOSDAQ,114554.84757341594,77.74784044463863,19.338306876006875,4.02040576474152,393964,276028,1.427261002506992,53344.803703043064,52833.860169314794,➡️,2025-11-22 01:07:04
088980,맥쿼리인프라,KOSPI,903141.3562385371,96.95265387365515,30.623943525175214,3.1659101576500976,436545,998552,0.4371780337929322,27042.400185741728,26765.08073107082,➡️,2025-11-22 01:07:04
023530,롯데쇼핑,KOSPI,150927.6435797157,98.60372695677385,38.00543060738619,2.5944641431745983,469522,711882,0.659550318732599,81090.42627070769,84537.21021094007,⬇️,2025-11-22 01:07:04
068760,셀트리온제약,KOSDAQ,753097.6872644754,88.54886667610916,8.71018645427992,10.166127572688062,853238,865115,0.9862711893794467,90124.72196926617,92141.34436862977,➡️,2025-11-22 01:07:04
083450,GST,KOSDAQ,289589.2988485713,23.768037713812706,40.76497721624859,0.5830504353707564,240794,258038,0.9331726334880909,2574.346105846886,2672.9520728165994,⬇️,2025-11-22 01:07:04
019990,에너토크,KOSDAQ,844031.7513624717,63.38239979272409,24.296930709716207,2.6086587046724308,662106,51542,12.845950875014552,67358.05201390413,68428.84343916959,➡️,2025-11-22 01:07:04
079370,제우스,KOSDAQ,629419.4323788893,94.94497613769923,28.50719948119283,3.330561327160097,719853,215728,3.3368547430097157,73477.50975102573,71448.21113602103,➡️,2025-11-22 01:07:04
085670,뉴프렉스,KOSDAQ,374700.8511995701,13.679030809139732,37.35180263446766,0.3662214362986845,167225,650138,0.2572146221263793,87315.00274406568,86717.37393304885,➡️,2025-11-22 01:07:04
084370,유진테크,KOSDAQ,305773.45139664836,91.05919589908933,24.716355756498228,3.684167552700352,249479,366349,0.6809872553221109,93117.88566479873,88645.23520448177,⬆️,2025-11-22 01:07:04
083790,CG인바이츠,KOSDAQ,135782.30404959817,98.08697254614499,30.897714330157637,3.174570503760773,240940,264648,0.9104168555968682,37521.27014642129,38045.210450543585,➡️,2025-11-22 01:07:04
064550,바이오니아,KOSDAQ,251349.81912901637,99.83581343109026,10.21041250650424,9.777843291590113,217252,250152,0.8684799641817775,17309.60038476323,18103.640318450725,⬇️,2025-11-22 01:07:04
084990,헬릭스미스,KOSDAQ,89871.21869287005,50.9604743503618,24.253123709456062,2.1011921994399754,391184,621453,0.6294667496978854,91540.55158226535,93505.59431298602,➡️,2025-11-22 01:07:04
083640,인콘,KOSDAQ,448811.5231262523,56.40475175382968,5.624064654967078,10.029179110523554,928670,911064,1.0193246577627917,23079.597886147923,22878.170279808688,➡️,2025-11-22 01:07:04
085660,차바이오텍,KOSDAQ,412258.71625730966,83.46537655293415,48.70969063677089,1.7135271331394215,322349,176917,1.822035191643539,25422.82644941078,25313.529495010596,➡️,2025-11-22 01:07:04
086280,현대글로비스,KOSPI,64035.50637813481,67.14231399841081,14.355247176548797,4.677196649605358,892739,60925,14.653081657775955,68429.606543575,69784.00001836965,➡️,2025-11-22 01:07:04
078140,대봉엘에스,KOSDAQ,665504.1715853777,1.1593848350268137,46.077975405491074,0.025161366679505862,853909,62996,13.55497174423773,81361.92438265494,84168.34099803887,⬇️,2025-11-22 01:07:04
067900,와이엔텍,KOSDAQ,666206.3082561805,51.51935874635139,17.36557859662308,2.966751638000122,154059,766513,0.20098680648599568,47654.87055001835,45635.43116275291,⬆️,2025-11-22 01:07:04
083550,케이엠,KOSDAQ,188343.8299858818,73.69379567127781,9.482912479414995,7.771219636503912,579178,317651,1.8233155255295908,67931.37431846674,69831.58441303716,➡️,2025-11-22 01:07:04
084870,티비에이치글로벌,KOSPI,418200.8602459889,38.84653257758531,29.912571783317297,1.298669096692335,777755,896629,0.8674211965037937,39034.73267803916,40516.85218627998,⬇️,2025-11-22 01:07:04
084180,수성웹툰,KOSDAQ,835678.1201817357,54.21585057767311,12.341942537137866,4.392813401499269,577432,959919,0.6015424218085068,1757.9256248796105,1739.4604428072896,➡️,2025-11-22 01:07:04
086790,하나금융지주,KOSPI,21217.079209290245,26.349730867035756,32.00543583382341,0.8232892376109844,994960,433417,2.295618307542159,43302.68363620183,45021.560850554764,⬇️,2025-11-22 01:07:04
001560,제일연마,KOSPI,922172.2346109386,24.89688376392029,22.70392867945822,1.0965892341991976,116078,585553,0.19823653879324332,43871.60241224692,45144.78208152759,➡️,2025-11-22 01:07:04
080420,모다이노칩,KOSDAQ,782333.6002287588,50.712897719015515,42.932662841777756,1.1812194809791023,850618,929570,0.9150661058338802,22391.815898050285,23120.724274947705,⬇️,2025-11-22 01:07:04
083650,비에이치아이,KOSDAQ,164670.8915546374,65.3319595564439,40.36692175237447,1.6184528500145279,802341,398324,2.014292385093542,51035.68980405604,51517.894780532646,➡️,2025-11-22 01:07:04
079190,케스피온,KOSDAQ,457264.1294117762,7.682460948254763,13.237085291303135,0.5803740611463913,473130,135448,3.4930748331462995,58498.21671532081,61098.00240714461,⬇️,2025-11-22 01:07:04
079430,현대리바트,KOSPI,319048.07586229674,62.581789592053525,30.47692884268254,2.053415221562894,318951,115061,2.7720165825084084,82400.70683159618,81627.3331326856,➡️,2025-11-22 01:07:04
082800,비보존 제약,KOSDAQ,675150.2678680377,93.45310127460002,38.1123697069103,2.4520412137389522,978023,18437,53.04675381027282,71161.19042448589,68524.14060312194,⬆️,2025-11-22 01:07:04
043910,자연과환경,KOSDAQ,555360.4960208598,95.01325252438035,4.711650580031256,20.16559821457517,407647,368036,1.1076280581247486,27292.987733593047,26058.48539350185,⬆️,2025-11-22 01:07:04
079000,와토스코리아,KOSDAQ,495991.2646178932,46.91277934134739,41.03852298547011,1.1431400530169442,717630,560841,1.27956051715192,8365.041267949797,8582.57926048448,➡️,2025-11-22 01:07:04
084010,대한제강,KOSPI,123945.20074586167,43.54934566324076,8.095949727643532,5.379152184522835,498805,134491,3.7088355354633395,97557.18695440395,101483.1139180391,⬇️,2025-11-22 01:07:04
041020,폴라리스오피스,KOSDAQ,193712.0619878963,55.92847612411237,39.24189175127874,1.4252237501340612,133586,604998,0.22080403571582055,64822.42372250252,63923.497633505445,➡️,2025-11-22 01:07:04
078590,휴림에이텍,KOSDAQ,87850.69278964092,18.983795760993786,9.06757406787212,2.0935914742903994,91242,868462,0.10506159164131533,23404.38566516838,23321.85422885955,➡️,2025-11-22 01:07:04
038070,서린바이오,KOSDAQ,693476.0057576237,80.26866464105414,49.59822579592149,1.6183777414000706,816493,858188,0.951415074552429,93361.01327740584,89189.759564542,⬆️,2025-11-22 01:07:04
075180,새론오토모티브,KOSPI,445101.6551776103,33.15867608938593,45.97223487051802,0.7212761394519581,999349,423605,2.3591529845020713,5644.820780419242,5886.428960716927,⬇️,2025-11-22 01:07:04
083420,그린케미칼,KOSPI,86210.57556822621,38.93116706722406,11.566086150528564,3.3659758850615966,542640,71806,7.557028660557614,39780.89568888369,38369.88499770596,⬆️,2025-11-22 01:07:04
079940,가비아,KOSDAQ,128333.11995702803,46.263980976578395,18.624954987971847,2.483978136132735,494893,87339,5.666346076781277,71523.14080903685,70729.89646684329,➡️,2025-11-22 01:07:04
077360,덕산하이메탈,KOSDAQ,56783.5340839357,35.7566337866616,21.346928236203972,1.6750247806623086,583321,813639,0.7169285149802308,14556.664583052217,13999.60223959798,⬆️,2025-11-22 01:07:04
083930,아바코,KOSDAQ,407195.4881195917,52.18840206925433,12.320630970526356,4.23585465664059,478183,546734,0.8746172727505515,72867.72140499891,73949.46379317337,➡️,2025-11-22 01:07:04
067310,하나마이크론,KOSDAQ,836088.5182471969,33.535389843760754,42.576098874833505,0.7876576466610786,626654,196548,3.1883000590186623,4695.2292323850015,4692.863420658443,➡️,2025-11-22 01:07:04
083310,엘오티베큠,KOSDAQ,776193.7468786526,73.64316751890301,37.291885917349944,1.974777239266431,10624,484898,0.02190976246550821,77010.92315160747,73218.01520530248,⬆️,2025-11-22 01:07:04
082660,코스나인,KOSDAQ,850457.2215055879,22.937218716051607,43.887702007983954,0.5226343068014571,868547,690701,1.257486234998936,92921.49080500443,90201.03145245864,⬆️,2025-11-22 01:07:04
080010,이상네트웍스,KOSDAQ,832360.1235593437,39.98930161938584,28.5260047746498,1.401854270701207,960543,242206,3.9658100955385085,80380.41566938465,79063.68238111131,➡️,2025-11-22 01:07:04
084690,대상홀딩스,KOSPI,823775.6874475887,65.19706889802515,28.238018060266675,2.3088401161469276,124675,409500,0.30445665445665443,43680.88608726805,42880.06653899985,➡️,2025-11-22 01:07:04
071950,코아스,KOSPI,601730.7209105366,11.376455697000704,36.71562710732262,0.3098532312616218,213671,885622,0.24126659003502623,28538.18178761467,27283.398307770392,⬆️,2025-11-22 01:07:04
078160,메디포스트,KOSDAQ,703458.2776723738,15.55503560704095,49.12806829951295,0.3166221702878385,461494,510894,0.9033067524770304,16945.369819729436,17608.11885086169,⬇️,2025-11-22 01:07:04
082850,우리바이오,KOSDAQ,479076.60092729056,14.234449802619398,21.119963255690518,0.6739808033891393,515842,811072,0.636000256450722,58143.259643139,58813.75042970863,➡️,2025-11-22 01:07:04
080160,모두투어,KOSDAQ,225136.6314660146,46.84715704558427,41.62481165122208,1.125462318919799,580886,514377,1.129300104786956,72016.41773491284,72471.74598820682,➡️,2025-11-22 01:07:04
084680,이월드,KOSPI,695269.3958483842,81.75616610125128,46.194148000741166,1.7698381643479935,979982,706617,1.386864454152674,12670.061348678722,12256.484262998018,⬆️,2025-11-22 01:07:04
084670,동양고속,KOSPI,573618.2608147556,31.029190374874624,9.7971454579897,3.167166447403301,462561,677062,0.6831885410789559,21801.692741420415,20962.650162769176,⬆️,2025-11-22 01:07:04
042700,한미반도체,KOSPI,259792.1310318926,33.226114396416534,42.92281481326877,0.77408982940572,262655,469849,0.5590200255826872,46315.21727891584,47620.6450647046,➡️,2025-11-22 01:07:04
078890,가온그룹,KOSDAQ,17369.13191566969,9.914793019384561,45.728075836136185,0.2168206914044148,542230,910102,0.5957903619594287,36058.345402946725,35359.565562574295,➡️,2025-11-22 01:07:04
050890,쏠리드,KOSDAQ,176303.0441120359,8.279284349149101,28.719873168192684,0.28827719052458856,948996,425773,2.2288778292658296,52963.5691541671,53008.389930054414,➡️,2025-11-22 01:07:04
004890,동일산업,KOSPI,12513.8264045286,21.67846327646566,42.859429322323436,0.5058038247180856,159570,172368,0.9257518796992481,42103.37148794861,40714.029457921126,⬆️,2025-11-22 01:07:04
082210,옵트론텍,KOSDAQ,159284.51097432166,86.69074111784543,7.635514280867569,11.353621763902376,567395,836013,0.6786915992933125,71820.33319413356,74220.33364987964,⬇️,2025-11-22 01:07:04
082270,젬백스,KOSDAQ,705674.0225608473,62.26761173419962,15.036277869937626,4.141158621356198,944329,699007,1.3509578587911137,91548.22537252563,95210.42745399069,⬇️,2025-11-22 01:07:04
075130,플랜티넷,KOSDAQ,413036.1763707294,49.9392054076781,45.08985815450926,1.1075485142701404,573665,364100,1.575569898379566,9382.510225252074,9589.160966190631,➡️,2025-11-22 01:07:04
010960,삼호개발,KOSPI,498277.7547322028,26.838651162709716,33.77470512345848,0.7946376160681481,751454,975362,0.7704360022227644,35536.32730123369,36011.22489054781,➡️,2025-11-22 01:07:04
073240,금호타이어,KOSPI,304770.55906711164,5.726908039233115,46.31582913399895,0.1236490449661232,359793,396338,0.9077933481018726,74068.50237229056,75449.9347781506,➡️,2025-11-22 01:07:04
073490,이노와이어리스,KOSDAQ,378089.0861040805,41.79983683087018,9.099371917106259,4.593705720752996,702157,720949,0.9739343559669269,73267.45388339277,70931.22425329222,⬆️,2025-11-22 01:07:04
079950,인베니아,KOSDAQ,773647.6846603112,46.28801616408092,12.506408464558135,3.701143801216501,166696,244625,0.68143484925907,32101.976954510934,30601.43774193527,⬆️,2025-11-22 01:07:04
079960,동양이엔피,KOSDAQ,901187.8215476752,36.527331017852646,45.16897651140882,0.8086818395946284,925772,282609,3.275805087594521,1702.4062093443608,1786.819996364,⬇️,2025-11-22 01:07:04
080220,제주반도체,KOSDAQ,830517.9070179767,95.40008056352737,41.505858536782654,2.298472647638006,553321,760972,0.7271239940497154,80059.18563342527,78977.35575205112,➡️,2025-11-22 01:07:04
079170,한창산업,KOSDAQ,268546.4197453047,97.43687450939903,15.056905227682542,6.47124180142003,676511,141566,4.778767500671065,46698.157278783154,48681.09258229444,⬇️,2025-11-22 01:07:04
079810,디이엔티,KOSDAQ,500573.520037433,92.04458331752683,40.013939866796015,2.3003129315417996,869294,808667,1.0749715272170126,4644.0454129224145,4801.601889423985,⬇️,2025-11-22 01:07:04
052220,iMBC,KOSDAQ,191985.39273696064,13.685317444129586,47.51814523160815,0.28800192805139996,273376,529223,0.5165610716087548,96090.43571569699,94634.40082791212,➡️,2025-11-22 01:07:04
079650,서산,KOSDAQ,413747.33947669214,70.4223274301396,41.47090648786812,1.6981140127896872,203598,856125,0.23781340341655716,94666.18241782456,93636.40192868066,➡️,2025-11-22 01:07:04
052900,KX하이텍,KOSDAQ,903550.2125254597,64.19447509254186,10.529493745761297,6.096634524179635,426508,604996,0.704976561828508,23415.140949833298,23788.183608218766,➡️,2025-11-22 01:07:04
066910,손오공,KOSDAQ,327989.27857735235,52.69722371255703,7.763681870469218,6.787658818556426,820349,614341,1.335331680613861,92949.85543213459,95052.72366362622,➡️,2025-11-22 01:07:04
049950,미래컴퍼니,KOSDAQ,567213.7880700692,45.23338985757214,27.301646540115584,1.6568008010472413,490934,759062,0.6467640324505771,3766.0946111309836,3875.1333364636844,➡️,2025-11-22 01:07:04
052460,아이크래프트,KOSDAQ,72039.98623343205,32.50983581629469,40.92905045490657,0.7942973378312863,416299,347417,1.1982689390559471,56055.42145016108,54940.95204962017,➡️,2025-11-22 01:07:04
079160,CJ CGV,KOSPI,515734.6239459177,32.9301526722833,17.812039629136013,1.848758107320728,105177,817770,0.12861440258263326,29083.109959863887,28258.844077015856,➡️,2025-11-22 01:07:04
081000,일진다이아,KOSPI,397522.9812997189,81.11131569150402,7.109262465650552,11.409244782198614,929460,275533,3.3733164448541553,1918.7260492629312,1917.103126006568,➡️,2025-11-22 01:07:04
072870,메가스터디,KOSDAQ,108975.957574784,95.23105767597738,31.358305942013075,3.0368686960346665,20320,490686,0.04141141177861198,5080.756587879387,5084.4310364228195,➡️,2025-11-22 01:07:04
073010,케이에스피,KOSDAQ,788297.1708295877,35.12898926324739,49.236111570393156,0.7134801702003472,392502,615447,0.637751097982442,73770.65874057714,71838.30978347214,➡️,2025-11-22 01:07:04
046440,KG모빌리언스,KOSDAQ,921449.5790073219,71.8673350636125,26.704900989728777,2.6911665050267017,23231,287997,0.08066403469480585,7775.859333452519,7925.134591703956,➡️,2025-11-22 01:07:04
078600,대주전자재료,KOSDAQ,152771.58186639237,62.83467498876591,46.884455986274986,1.3402027104070529,192521,61415,3.1347553529268093,7665.562734389491,7421.857923247453,⬆️,2025-11-22 01:07:04
054450,텔레칩스,KOSDAQ,291840.22358034237,35.81232930542265,15.407697856529213,2.3243140953888,849369,547645,1.5509481507180747,32154.889536907656,32420.224250152718,➡️,2025-11-22 01:07:04
078150,HB테크놀러지,KOSDAQ,198944.5435241227,26.98881368211264,19.649703440615994,1.3734972521939788,206838,646547,0.31991177748872085,8215.565451020728,8566.350947825997,⬇️,2025-11-22 01:07:04
067990,도이치모터스,KOSDAQ,600334.850050896,40.024423123743176,36.92071815102152,1.084064046642489,997708,690720,1.4444463747973129,14118.855879434812,13672.989673507185,⬆️,2025-11-22 01:07:04
014830,유니드,KOSPI,946219.1411366806,46.576704545036364,5.090597923782829,9.149554775762994,560156,688471,0.8136232317701109,40579.90537775566,39614.99550737773,➡️,2025-11-22 01:07:04
051360,토비스,KOSDAQ,264482.981129653,70.77274807867236,20.302243068387988,3.485957085641955,532553,875185,0.6085033450070556,74752.20223155912,77724.7051697136,⬇️,2025-11-22 01:07:04
041650,상신브레이크,KOSPI,827731.0442974834,81.92044592770391,37.50346588463799,2.1843433398847494,955994,647600,1.4762106238418777,65411.487183017016,63543.585002131185,➡️,2025-11-22 01:07:04
078130,국일제지,KOSDAQ,884343.479007508,69.3347689978508,15.216519564422697,4.556545845080134,467387,779824,0.5993493403639796,19712.271159142078,19898.445751473202,➡️,2025-11-22 01:07:04
068790,DMS,KOSDAQ,895416.5979963979,45.05714693878422,4.909369120055529,9.177787580632069,183526,14987,12.245679588977113,53729.274319096396,52017.11159270451,⬆️,2025-11-22 01:07:04
023810,인팩,KOSPI,2049.931449567969,38.98445795614813,10.56711884964849,3.689223004948499,75596,228755,0.3304670936154401,35836.02054533791,36624.78886682357,➡️,2025-11-22 01:07:04
048870,시너지이노베이션,KOSDAQ,372277.4175697537,30.42292369598042,27.717182545776147,1.0976196316395297,993373,901701,1.1016656297375738,33781.811217623166,35198.26143486725,⬇️,2025-11-22 01:07:04
065350,신성델타테크,KOSDAQ,834490.5243673219,28.268463577330607,5.85785468835356,4.825736567609514,926319,95026,9.748058426114959,93840.53390860831,93088.89715814292,➡️,2025-11-22 01:07:04
078930,GS,KOSPI,148771.95642055513,15.049939858159194,38.607194925761995,0.38982215328253744,222773,306344,0.7271988352962683,43930.455404261804,41919.49443138816,⬆️,2025-11-22 01:07:04
077500,유니퀘스트,KOSPI,385289.2174319961,60.894310423010275,36.83079299045314,1.6533532264373076,958276,320129,2.9934057832936096,87455.33432936143,90118.8118213488,➡️,2025-11-22 01:07:04
058730,다스코,KOSPI,849362.7459292907,95.1342713390261,42.41173318536719,2.243112087007308,109958,319317,0.3443537299924526,75631.90864285614,79256.07890471235,⬇️,2025-11-22 01:07:04
039340,한국경제TV,KOSDAQ,502408.12267633475,26.569670522466012,14.306957494271916,1.8571153603485384,106561,433130,0.24602544270773208,56197.28874099654,57656.969242779596,➡️,2025-11-22 01:07:04
034220,LG디스플레이,KOSPI,283327.0450651085,12.67684323215335,25.198992056292383,0.5030694562637416,263152,47460,5.544711335861779,14918.181034030491,15520.066390871245,⬇️,2025-11-22 01:07:04
064260,다날,KOSDAQ,863228.3899761277,72.25253937133778,33.39201474394551,2.163766994156538,172326,837401,0.20578671389214964,37532.59128561967,38280.74776819121,➡️,2025-11-22 01:07:04
078000,텔코웨어,KOSPI,94834.34770901431,57.88546319804648,37.77603493325111,1.532332953956867,93787,880019,0.10657383533764613,55826.637463651816,57405.942495235184,➡️,2025-11-22 01:07:04
011080,형지I&C,KOSDAQ,814038.3372491372,8.284795822228586,21.66423436648912,0.38241812205668135,56451,641384,0.08801435645416786,4275.396043925843,4279.202185494623,➡️,2025-11-22 01:07:04
050090,비케이홀딩스,KOSDAQ,560264.2124604227,97.3211597724278,30.6155111556324,3.1788187130928702,655608,272295,2.4077122238748414,26702.009713467174,25838.10299565832,⬆️,2025-11-22 01:07:04
057030,YBM넷,KOSDAQ,166756.33410095808,34.25657900648484,27.10451835348779,1.2638696825275528,519604,425112,1.2222755415043565,37778.53368833535,38121.339453645574,➡️,2025-11-22 01:07:04
065770,CS,KOSDAQ,762952.2217418145,13.715636572011642,45.86384240740254,0.29905118830161304,516101,835608,0.6176353026778106,25484.028667001094,26711.4816814142,⬇️,2025-11-22 01:07:04
074430,아미노로직스,KOSDAQ,803411.0859608887,29.14294232042368,16.922828031839973,1.7221082827049827,149573,991882,0.1507971714377315,86186.81197562521,87661.60227486034,➡️,2025-11-22 01:07:04
066700,테라젠이텍스,KOSDAQ,497176.8780992454,41.67706982433792,43.039386480915006,0.9683472101262136,535422,350208,1.528868558114035,35875.103411542004,36889.297838052844,➡️,2025-11-22 01:07:04
066900,디에이피,KOSDAQ,574908.7109914994,21.801606864960235,23.097856798613122,0.9438800774914009,53879,203349,0.26495827370678,43363.316069689536,42055.609195367004,⬆️,2025-11-22 01:07:04
078350,한양디지텍,KOSDAQ,738716.0226192606,92.02248081412071,22.07197923846507,4.169199319187116,125029,75670,1.6522928505352188,49641.49142923222,49643.46316739409,➡️,2025-11-22 01:07:04
077970,STX엔진,KOSPI,717451.7207737437,49.42865534536533,44.857814988615964,1.1018961881649687,176565,912704,0.1934526418203492,60370.54244883013,61620.031449420836,➡️,2025-11-22 01:07:04
075970,동국알앤에스,KOSDAQ,972080.9799300833,26.434167100290757,38.881029923223565,0.6798731194232507,836863,362806,2.3066404634983986,72645.56178455551,69647.18259810316,⬆️,2025-11-22 01:07:04
069540,빛과전자,KOSDAQ,609801.5401198084,29.352819906221278,26.037974785501557,1.1273081008806218,515267,985072,0.5230754706254974,73040.81089221315,71977.22652322146,➡️,2025-11-22 01:07:04
073190,듀오백,KOSDAQ,613357.9607661095,61.67202441364705,19.56105805269803,3.1527959401531818,182819,945978,0.19325925127222832,24778.451952363823,24034.33011401395,⬆️,2025-11-22 01:07:04
054090,삼진엘앤디,KOSDAQ,682411.8926065672,64.09638932335015,47.73157756484539,1.3428508461986715,109082,337462,0.32324232061683983,44269.97190045262,44100.360361804866,➡️,2025-11-22 01:07:04
041910,폴라리스AI파마,KOSDAQ,232885.80628868955,82.42508756062381,38.93432227200711,2.1170289541648337,738887,688947,1.0724874337213168,22573.74528180501,23699.10258061891,⬇️,2025-11-22 01:07:04
034310,NICE,KOSPI,102277.06439701989,94.07111897140126,27.20491470772661,3.4578722257373458,969825,812746,1.1932694839470142,60134.31214387421,62192.760521125536,⬇️,2025-11-22 01:07:04
019680,대교,KOSPI,552060.9421303342,21.19271795044331,22.398097511311683,0.9461838417187164,589973,845603,0.6976950176383007,41058.360065962996,40745.173985677306,➡️,2025-11-22 01:07:04
067770,세진티에스,KOSDAQ,260442.25902754517,77.49325480691313,45.07986446172654,1.719021468502995,608577,773779,0.7864997628521839,56534.16201168144,54641.24263047301,⬆️,2025-11-22 01:07:04
070590,한솔인티큐브,KOSDAQ,238902.50735639854,78.25243506714169,6.270579086751905,12.47929959650276,500977,340812,1.4699511754280952,1662.8029930798186,1702.9483253887786,➡️,2025-11-22 01:07:04
073570,리튬포어스,KOSDAQ,765778.8770468272,6.777910208841482,30.85282286967162,0.2196852533550238,146464,433537,0.3378350636739194,31467.0332660956,32546.862757864434,⬇️,2025-11-22 01:07:04
073640,테라사이언스,KOSDAQ,719283.5686610906,48.8640188873212,38.67699583324501,1.263387133219894,449320,935340,0.48038146556332456,22796.270993608967,23799.01654416045,⬇️,2025-11-22 01:07:04
065680,우주일렉트로,KOSDAQ,381049.2586633483,18.26366718884786,2.108537079998017,8.66177188065625,616611,927819,0.6645811305868925,47270.24674122025,46332.077383445554,➡️,2025-11-22 01:07:04
057880,푸른소나무,KOSDAQ,393811.566250009,21.705435960989107,21.20332707118331,1.0236806652144792,337580,299432,1.1274012129632103,83545.13669544038,84735.25210986713,➡️,2025-11-22 01:07:04
024110,기업은행,KOSPI,620241.4505557343,97.91129053840943,10.112135537476005,9.682553222862373,196343,980020,0.2003459113079325,75476.88767835377,74050.05223718149,➡️,2025-11-22 01:07:04
074610,이엔플러스,KOSPI,837376.7633081143,61.693266894789275,3.532339065176367,17.46527322447427,903498,964477,0.9367750604731891,29427.428041587864,28397.45091018773,⬆️,2025-11-22 01:07:04
067160,SOOP,KOSDAQ,932485.9611987162,94.18108014271037,45.62232999861842,2.0643636601980315,830355,114226,7.269404513858491,42753.71238983628,42694.07126358661,➡️,2025-11-22 01:07:04
060570,드림어스컴퍼니,KOSDAQ,592299.0670973822,47.84160425271151,37.35771162465514,1.2806353005074667,959625,882436,1.0874726325761868,99838.84383976809,101659.2674571283,➡️,2025-11-22 01:07:04
066410,버킷스튜디오,KOSDAQ,428949.46441858466,49.439462430046106,48.08284691122431,1.0282141263666547,393250,223961,1.7558860694495917,32456.263043878258,32756.25423909087,➡️,2025-11-22 01:07:04
074600,원익QnC,KOSDAQ,370105.5707478712,91.30024101442541,11.463842609189564,7.964191774688006,879036,466000,1.886343347639485,80686.78222546665,84609.28284077466,⬇️,2025-11-22 01:07:04
071280,로체시스템즈,KOSDAQ,998808.6728931145,30.836872254367332,5.212440776244678,5.9160139324563925,14969,997513,0.015006320719629719,1416.8409882390786,1364.3094171207556,⬆️,2025-11-22 01:07:04
069510,에스텍,KOSDAQ,296856.7683462281,63.19525601607821,47.49335173424409,1.3306126796376976,696256,893207,0.7795012802183592,46462.08220398681,47173.68465659288,➡️,2025-11-22 01:07:04
067170,오텍,KOSDAQ,634947.9796684001,78.00154957053893,21.10247870685377,3.6963216811684396,192045,669073,0.28703145994532736,67788.78904214881,69832.00820306422,➡️,2025-11-22 01:07:04
054780,키이스트,KOSDAQ,289070.9599178192,2.091278491465093,28.79046636061364,0.07263788176512607,574333,820653,0.6998487789601695,62435.67992999093,60473.38983800914,⬆️,2025-11-22 01:07:04
041440,현대에버다임,KOSDAQ,911795.8789450508,33.67232714895455,30.61590519284272,1.0998311804553913,795209,171991,4.6235500694803795,45568.67575963966,45640.34350922089,➡️,2025-11-22 01:07:04
025750,한솔홈데코,KOSPI,668959.0433210947,55.750463534136344,24.23668805821807,2.3002509006271885,652450,554320,1.1770277096262087,34022.67736779052,34555.37793583345,➡️,2025-11-22 01:07:04
072020,중앙백신,KOSDAQ,156286.65929043875,54.33796032392613,29.018194883554877,1.8725479149194224,229125,946349,0.24211469552987322,14138.37120513353,13545.65919501306,⬆️,2025-11-22 01:07:04
065510,휴비츠,KOSDAQ,357532.5866540446,55.488826105794516,47.39877524345288,1.170680588702745,461933,848514,0.544402331605607,49259.97186576339,48967.87979079741,➡️,2025-11-22 01:07:04
072470,우리산업홀딩스,KOSDAQ,404702.4745243273,30.265799839691354,15.025064008739207,2.0143541366670714,536797,965099,0.5562092593609568,73879.40001064124,76225.67896377084,⬇️,2025-11-22 01:07:04
068930,디지털대성,KOSDAQ,966642.3804604338,85.57217310548572,20.329564110762522,4.209247804786114,173689,535725,0.3242129824070185,34361.374382241665,33077.06040686727,⬆️,2025-11-22 01:07:04
007660,이수페타시스,KOSPI,638946.9557906435,41.11284079311904,3.670782824435921,11.20001993020024,769484,688143,1.1182036291875381,45413.44556440522,46672.096107167126,➡️,2025-11-22 01:07:04
035250,강원랜드,KOSPI,889587.6780793469,45.8912620452793,29.915830882107414,1.5340126178052018,127970,795703,0.16082633847050973,99950.17560023088,104486.52617909823,⬇️,2025-11-22 01:07:04
069330,유아이디,KOSDAQ,109635.04149116912,69.50557483638079,42.56818886136658,1.6328055455387638,173691,39734,4.371344440529521,14381.920490183367,14351.641470527582,➡️,2025-11-22 01:07:04
064760,티씨케이,KOSDAQ,770057.6083085682,21.713055564481976,24.582398846772808,0.8832765142175081,921433,767254,1.2009490989945963,41881.65069371858,43771.29719338586,⬇️,2025-11-22 01:07:04
037270,YG PLUS,KOSPI,756846.4669721749,92.0741142200078,49.738656113210936,1.8511580612559468,461159,53963,8.5458369623631,19408.468537787398,18865.88177723952,➡️,2025-11-22 01:07:04
052710,아모텍,KOSDAQ,224217.45892692954,58.59066653308874,20.167991288294868,2.9051314875911163,748659,815766,0.9177374394127727,9173.54224059087,9371.526486650542,➡️,2025-11-22 01:07:04
072710,농심홀딩스,KOSPI,918520.9598053901,95.46878425078748,14.147768138334706,6.7479748973342195,576685,916195,0.629434781896867,62995.363654724664,64572.22257888461,➡️,2025-11-22 01:07:04
065950,웰크론,KOSDAQ,509777.14425136166,49.402968157733056,6.006757872038711,8.224564600431538,884395,156748,5.64214535432669,19498.844326708124,18940.238823478358,➡️,2025-11-22 01:07:04
047310,파워로직스,KOSDAQ,961489.3637563032,61.35065461775759,41.063300770262835,1.4940507330620247,940882,121014,7.774984712512602,6396.613444530382,6689.5326349125135,⬇️,2025-11-22 01:07:04
071050,한국금융지주,KOSPI,589080.6006670137,8.41616463429385,12.015287425617172,0.7004547070884197,661960,859168,0.7704663115944728,95648.44531385608,91053.18297097768,⬆️,2025-11-22 01:07:04
041520,이엘씨,KOSDAQ,322404.3943724085,10.973387467279629,46.793555137066654,0.23450638523054346,131377,950394,0.1382342481118357,57306.305747517436,59581.25903175953,⬇️,2025-11-22 01:07:04
072130,유엔젤,KOSPI,270180.0610777805,99.27882768077976,46.71339460687209,2.125275384422066,323627,615642,0.525674011844546,74230.7655865535,73953.71057631624,➡️,2025-11-22 01:07:04
034120,SBS,KOSPI,339053.72312286973,77.57886835789517,21.1828795431075,3.662338172674821,262097,439174,0.5967953476298687,70244.10424742907,69757.7048802231,➡️,2025-11-22 01:07:04
064240,홈캐스트,KOSDAQ,132436.6528650373,56.30405835773029,12.392832738493071,4.543275903566878,803060,824106,0.9744620230892628,24841.857383503542,23600.99097975957,⬆️,2025-11-22 01:07:04
066790,씨씨에스,KOSDAQ,136625.62886273584,74.33054124296521,4.046064754570198,18.371070596189984,54911,881255,0.06231000107800807,80331.18657034029,84261.17382817839,⬇️,2025-11-22 01:07:04
069080,웹젠,KOSDAQ,330353.1213569937,94.69761253084505,2.8944696191995423,32.7167408849962,905462,158719,5.704811648258873,16838.866693813394,17577.521194333287,⬇️,2025-11-22 01:07:04
036570,엔씨소프트,KOSPI,494233.5384367588,56.121472333519776,13.797377716337628,4.067546274903072,143744,502082,0.2862958640222115,68345.27125490966,70794.7876439287,⬇️,2025-11-22 01:07:04
071090,하이스틸,KOSPI,167081.01710773114,5.353908984440581,35.3447292298569,0.151476870840418,975665,433724,2.249506598666433,15637.307153759653,16174.539161304583,⬇️,2025-11-22 01:07:04
067080,대화제약,KOSDAQ,900847.0365086251,42.951955994063,32.32935900938851,1.3285743148074685,185480,972131,0.1907973308124111,38454.94114541586,39229.06173495038,➡️,2025-11-22 01:07:04
066590,우수AMS,KOSDAQ,324149.2717734594,94.62722511459044,8.065039850633813,11.733013954934632,980358,933547,1.0501431636543206,70773.67218986995,73984.12221121122,⬇️,2025-11-22 01:07:04
067290,JW신약,KOSDAQ,117209.58321848193,75.88119442945963,22.08938424675857,3.4351883050155436,776383,390554,1.9879018010313554,99898.65111968428,104428.73372316321,⬇️,2025-11-22 01:07:04
066130,하츠,KOSDAQ,739008.3348239174,55.323929642587586,32.072044456789435,1.7249891791939034,106184,82599,1.2855361445053815,54292.39313044364,52520.93648016673,⬆️,2025-11-22 01:07:04
065450,빅텍,KOSDAQ,251625.38450003526,70.5959820124735,16.01773072941904,4.40736476377475,397430,217083,1.8307744042601217,33390.04454039909,34618.54638320015,⬇️,2025-11-22 01:07:04
065130,탑엔지니어링,KOSDAQ,523676.72332314827,95.86124588838685,31.093804843933516,3.082969304320749,336224,501500,0.6704366899302093,27359.699151114888,28126.00443868682,➡️,2025-11-22 01:07:04
069730,DSR제강,KOSPI,522962.77054950496,91.88770818781445,3.4932099833968175,26.304662080022545,589007,31098,18.94034986172744,33166.29150384286,32320.433656378864,➡️,2025-11-22 01:07:04
065440,이루온,KOSDAQ,442588.7860257593,25.155152764787896,1.7016038155138287,14.78320190366514,226295,254089,0.8906131316192358,16928.45062004756,17411.647221723244,➡️,2025-11-22 01:07:04
006890,태경케미컬,KOSPI,99296.53576554947,93.10001562031138,38.236461493157286,2.434849146199691,316471,552797,0.5724904440508903,76255.35796570286,75093.6863308126,➡️,2025-11-22 01:07:04
049630,재영솔루텍,KOSDAQ,831799.9432153555,96.5558650829421,17.299912537549982,5.581292094590923,600570,833904,0.7201908133310309,11461.976857772464,11729.983761056976,➡️,2025-11-22 01:07:04
021650,한국큐빅,KOSDAQ,608693.5730954619,8.75943153418452,14.905169355641602,0.587677424199751,272943,373938,0.7299151196187603,1408.5559616046555,1341.392194110857,⬆️,2025-11-22 01:07:04
051370,인터플렉스,KOSDAQ,900795.5930370879,63.54968966525746,3.2021775014950613,19.845773582378495,723459,723489,0.9999585342693531,20968.831188968725,20126.98956277638,⬆️,2025-11-22 01:07:04
065570,삼영이엔씨,KOSDAQ,138645.26297763298,43.09395627733896,10.178244039696065,4.233928377946988,721391,718344,1.0042417003552615,95574.37400829843,92419.16778511176,⬆️,2025-11-22 01:07:04
065650,하이퍼코퍼레이션,KOSDAQ,724510.5791265848,51.72851270030178,15.839274395898704,3.2658385357410027,777283,806551,0.9637121521143734,11384.533079932666,10946.586593954962,⬆️,2025-11-22 01:07:04
066980,한성크린텍,KOSDAQ,974998.4402256792,90.5163422838086,7.993741273357456,11.32340154484269,807999,278523,2.9010135608190346,54735.06219288558,52834.67008479546,⬆️,2025-11-22 01:07:04
016100,리더스코스메틱,KOSDAQ,245726.66126515897,96.70917742548428,1.6274425883340022,59.42401785397823,103544,635614,0.16290390079513667,61038.73741102293,62703.616175205796,➡️,2025-11-22 01:07:04
011500,한농화성,KOSPI,431004.3742462145,73.78211137323434,20.275341846950326,3.639007022923864,626600,55304,11.330102705048459,26540.95924185956,26515.11465402834,➡️,2025-11-22 01:07:04
042040,케이피엠테크,KOSDAQ,401827.1501311389,53.378250031088356,38.2854898685225,1.3942161955977688,159045,442608,0.3593360264613383,40811.955044281836,39112.188525661106,⬆️,2025-11-22 01:07:04
066670,디티씨,KOSDAQ,822654.3772497368,43.754751017256815,3.280402529739269,13.338226214797642,241480,702905,0.3435457138589141,4382.623845742299,4425.594346030941,➡️,2025-11-22 01:07:04
066430,아이로보틱스,KOSDAQ,153479.98971909937,57.330748752711585,37.02692132361104,1.5483531091242348,54141,577985,0.09367198110677613,73244.19016738553,74885.04036750198,➡️,2025-11-22 01:07:04
047820,초록뱀미디어,KOSDAQ,191366.78216062454,35.98587297702494,3.479205142215058,10.343130544499687,971719,745521,1.303409293634921,77071.31110999937,74608.36730307592,⬆️,2025-11-22 01:07:04
064090,인크레더블버즈,KOSDAQ,783186.7246790478,74.70520502546489,46.71601825556143,1.599134682600468,181483,983320,0.18456148557946547,16436.686169842862,17014.484539365483,⬇️,2025-11-22 01:07:04
049960,쎌바이오텍,KOSDAQ,63901.77562631441,56.7076363879611,21.039193782520904,2.6953331469893627,98897,503731,0.1963289930538323,15992.489081696589,16268.243550028308,➡️,2025-11-22 01:07:04
053290,NE능률,KOSDAQ,779388.424057142,28.343288714437662,13.975212935914064,2.0281114029826295,248771,353514,0.7037090468835746,84208.40714873558,86002.29663306591,➡️,2025-11-22 01:07:04
064520,테크엘,KOSDAQ,203852.72437648076,38.74592843911403,36.532204216907054,1.0605965139432367,38199,497584,0.07676894755458374,66085.94257867447,63198.914648667494,⬆️,2025-11-22 01:07:04
069960,현대백화점,KOSPI,456737.24849400396,63.325962162642384,41.101381780395585,1.54072586904724,517645,765938,0.6758314641655069,52240.74733788907,51218.72367525347,➡️,2025-11-22 01:07:04
035600,KG이니시스,KOSDAQ,817378.8525470764,86.76835931078567,34.84033737249959,2.490456920181096,119734,814465,0.1470093865298079,35646.62785310064,34620.29222478961,➡️,2025-11-22 01:07:04
065170,비엘팜텍,KOSDAQ,164626.5604457661,93.25298685259423,30.83904952843539,3.0238606013654725,157438,703688,0.22373267698184424,71010.58563911948,73434.87013627197,⬇️,2025-11-22 01:07:04
069460,대호에이엘,KOSPI,528922.1601710836,76.53515611069514,38.13861818753552,2.006762692197076,406671,623643,0.6520894165411942,60217.98803884181,62232.13063286408,⬇️,2025-11-22 01:07:04
069620,대웅제약,KOSPI,248317.38642321253,86.651274256246,30.143639305156174,2.8746122317561036,755495,477407,1.582496695691517,18014.81788296037,17291.62274597974,⬆️,2025-11-22 01:07:04
041590,플래스크,KOSDAQ,13722.124857131332,71.20823731972932,40.65309028290398,1.7516069952909539,403763,949465,0.4252531688898485,56925.73777517453,59155.97811402634,⬇️,2025-11-22 01:07:04
027740,마니커,KOSPI,533395.5154383698,40.40243598476873,23.573138301677897,1.7139184213708596,128884,31784,4.054996224515479,23914.959029868245,24539.829755333747,➡️,2025-11-22 01:07:04
036530,SNT홀딩스,KOSPI,621760.8536343626,46.1079167344517,1.8666457060010435,24.700947044326753,51125,602773,0.08481634047974942,42625.230666448544,42561.038259406945,➡️,2025-11-22 01:07:04
069260,티케이지휴켐스,KOSPI,328926.3847475584,24.465466920350025,18.158391538360185,1.3473366772968818,206393,766363,0.2693149330017237,68600.35697797393,68023.30361025354,➡️,2025-11-22 01:07:04
042600,새로닉스,KOSDAQ,687220.80098923,49.314471054521945,9.722839782759252,5.07202341665317,261041,705520,0.36999801564803264,10369.179619802997,10629.555553046872,➡️,2025-11-22 01:07:04
033530,SJG세종,KOSPI,607745.7983907341,98.0529468249686,25.80231328518516,3.8001610840554894,581757,924690,0.6291373325114362,73045.76324678185,75486.46152182155,⬇️,2025-11-22 01:07:04
065500,오리엔트정공,KOSDAQ,263018.7899070382,56.60844703658282,14.536803646035244,3.8941467749701744,551295,393249,1.4018980340700167,59716.61224652414,61519.81455191263,➡️,2025-11-22 01:07:04
060900,DGP,KOSDAQ,302410.6528646793,1.95049997430101,5.997233101811176,0.3252333102930342,853130,725612,1.1757385489765881,51157.87019029471,53251.909437487295,⬇️,2025-11-22 01:07:04
066620,국보디자인,KOSDAQ,680322.7430333381,46.701600481494594,25.738030581774545,1.8144978238764173,714319,561211,1.2728171757146598,61476.18677717895,59877.51793700948,➡️,2025-11-22 01:07:04
052770,아이톡시,KOSDAQ,79624.04835079782,41.46811991656349,13.683146834491563,3.0305981817014067,225305,541799,0.41584609790715743,34722.61770520051,33001.38683844315,⬆️,2025-11-22 01:07:04
065420,에스아이리소스,KOSDAQ,111829.33477216239,57.21797665641595,40.70925468095354,1.405527492577413,672641,272494,2.468461690899616,71433.48888270192,70798.56805241543,➡️,2025-11-22 01:07:04
064800,포니링크,KOSDAQ,905771.4035837775,94.9654143294942,42.97827491194269,2.2096143813139753,347334,604463,0.5746158160218243,1982.1729482588285,1936.9486027798978,➡️,2025-11-22 01:07:04
058430,포스코스틸리온,KOSPI,38504.04494619648,11.80331589399029,5.82947947995822,2.0247632630958132,729938,169007,4.318980870614826,7239.544854136177,7462.353491246559,➡️,2025-11-22 01:07:04
039980,폴라리스AI,KOSDAQ,900504.7705895023,54.987050608417995,14.54095960570939,3.781528324088582,857387,561131,1.5279622761886262,14028.762083398899,14511.364074742396,⬇️,2025-11-22 01:07:04
048410,현대바이오,KOSDAQ,24251.471732179358,0.6571059533467912,26.151606446071174,0.025126791147681484,871594,312143,2.792290712910429,58573.30899964968,57375.673472917406,➡️,2025-11-22 01:07:04
068290,삼성출판사,KOSPI,979709.6719788963,29.670910361092997,34.345968478473736,0.863883351540638,283856,322881,0.8791350373667078,13871.35503044769,14041.788169563722,➡️,2025-11-22 01:07:04
067830,세이브존I&C,KOSPI,969334.1571997716,99.53460866686488,30.51659260574796,3.2616553870472753,832549,795037,1.0471827097355217,30064.862159318916,28917.760820819312,⬆️,2025-11-22 01:07:04
058610,에스피지,KOSDAQ,230157.44455653866,66.87468713417913,16.55262944609737,4.04012470356764,897872,15121,59.379141591164604,53819.61613015708,56442.366457665164,⬇️,2025-11-22 01:07:04
045340,토탈소프트,KOSDAQ,332639.5931171648,61.22167537932103,7.879398014087737,7.769841715047462,590316,14749,40.02413722964269,35155.103108968455,35424.334757655095,➡️,2025-11-22 01:07:04
030610,교보증권,KOSPI,902906.1975939247,61.20031137277534,44.970872101735715,1.3608878038727923,956468,711477,1.344341419329086,41328.62052676597,42746.048651281184,⬇️,2025-11-22 01:07:04
065710,서호전기,KOSDAQ,671303.8552682817,66.74420764760636,4.529220721818328,14.736355710394884,312644,278514,1.1225432114723137,93497.7385637442,89403.2018103169,⬆️,2025-11-22 01:07:04
065690,파커스,KOSDAQ,161417.59681278394,4.53991299184012,38.29074863663761,0.11856422643813787,471939,499625,0.9445864398298724,47204.16057187712,45043.94930170282,⬆️,2025-11-22 01:07:04
009240,한샘,KOSPI,373829.33540684375,74.6953696735895,1.0588336330149417,70.5449537534056,622304,710227,0.8762043684624775,9876.370691898706,9800.253202247988,➡️,2025-11-22 01:07:04
060560,HC홈센타,KOSDAQ,225161.4107644226,63.51725235131759,23.84587759036223,2.6636575697675013,907260,70563,12.857446537137026,25723.282533224432,25542.91792502717,➡️,2025-11-22 01:07:04
043710,서울리거,KOSDAQ,234068.8739382871,22.422499399404476,5.392978836444393,4.157720636298231,601388,647277,0.9291045410233949,17492.8620616858,17096.445825557617,➡️,2025-11-22 01:07:04
036010,아비코전자,KOSDAQ,495977.0440426394,41.84035835785928,3.1926097768865187,13.105378133203185,145920,155861,0.936218810350248,8346.447194765813,8544.397100210575,➡️,2025-11-22 01:07:04
060280,큐렉소,KOSDAQ,623484.1955287943,45.84177366532291,26.36180380032203,1.738946773618083,29184,509111,0.057323452056624195,36272.23281018983,36919.38759496308,➡️,2025-11-22 01:07:04
060230,제이케이시냅스,KOSDAQ,146509.61037617704,58.82833108654087,35.42851608512875,1.6604796809775018,149489,628052,0.2380201002464764,44295.35932410195,43301.98747778717,➡️,2025-11-22 01:07:04
046940,우원개발,KOSDAQ,123896.66596804411,20.92228459952294,44.15394708123937,0.4738485680799449,285642,319057,0.8952694972998555,26355.418282439558,27379.14314879547,⬇️,2025-11-22 01:07:04
057680,티사이언티픽,KOSDAQ,34258.314828223905,24.89458063938264,49.52712037034545,0.5026454284688913,517620,83970,6.164344408717399,47139.23094170509,45847.29387445108,➡️,2025-11-22 01:07:04
060150,인선이엔티,KOSDAQ,946548.8651674422,64.96972143832447,14.024938847370528,4.632442404588834,132195,517595,0.25540238989943875,78372.11375211888,77768.1908872126,➡️,2025-11-22 01:07:04
065530,와이어블,KOSDAQ,971187.4803856292,61.71822822446461,3.149842003766777,19.59407111552202,743724,355067,2.094601863873579,14856.737443269481,14855.897381972165,➡️,2025-11-22 01:07:04
063440,SM Life Design,KOSDAQ,674493.9207883799,74.12223149750847,15.72323310855921,4.714185116110679,228761,260013,0.8798060096995151,43293.62955625898,41725.64093196981,⬆️,2025-11-22 01:07:04
017370,우신시스템,KOSPI,750671.3323146026,8.458017578420336,5.9738115952845865,1.4158494025986108,718212,968183,0.7418143057665751,83936.32251514461,82698.69989789353,➡️,2025-11-22 01:07:04
051160,지어소프트,KOSDAQ,536857.7462980294,43.00774027189633,8.211809198239926,5.2373038917068815,232978,502472,0.4636636469295802,82237.01665592975,81374.31739141079,➡️,2025-11-22 01:07:04
065060,지엔코,KOSDAQ,849106.2890806337,50.722502301969854,28.6827813995144,1.7683955260638908,348450,320993,1.0855376908530716,72726.03519617008,71455.64674528931,➡️,2025-11-22 01:07:04
049180,셀루메드,KOSDAQ,610994.9110735642,13.28752029874931,21.8292645507699,0.6087021515473214,379600,623470,0.6088504659406226,80318.00187192457,77390.60425240797,⬆️,2025-11-22 01:07:04
060720,KH바텍,KOSDAQ,15115.668976296407,26.654677862948375,4.66494956388531,5.713819088056424,840949,575807,1.4604702617370056,87005.01725341612,87649.21288141128,➡️,2025-11-22 01:07:04
061040,알에프텍,KOSDAQ,732159.4939517338,56.75452114681032,2.5481109973130693,22.273174601364225,341718,526994,0.648428634861118,6339.914276671262,6515.018287438122,➡️,2025-11-22 01:07:04
050760,에스폴리텍,KOSDAQ,331292.700321222,44.98483710568797,33.05926588344786,1.3607330926308023,783526,227279,3.447419251228666,61261.24543570082,61904.57165455568,➡️,2025-11-22 01:07:04
054210,이랜텍,KOSDAQ,921946.752501842,11.92807062974656,15.326785285227377,0.7782499987941603,699393,522931,1.3374479615857542,95068.24800449752,91804.42100262908,⬆️,2025-11-22 01:07:04
050120,ES큐브,KOSDAQ,586861.2820084598,19.7971913756383,49.13462453898653,0.4029173227919947,457007,523771,0.8725320798593278,23130.594538953683,22331.498529815068,⬆️,2025-11-22 01:07:04
054410,케이피티유,KOSDAQ,669910.2166220105,11.474923542748062,2.896923011706973,3.961073006212415,371697,791739,0.46946910534911124,54058.71420303235,52858.87270605055,➡️,2025-11-22 01:07:04
060310,3S,KOSDAQ,80846.88666815568,84.70333298594288,30.046909173677207,2.8190364771411427,904195,687111,1.3159373085280253,15678.458233898247,14998.993720317123,⬆️,2025-11-22 01:07:04
066570,LG전자,KOSPI,405371.53489197494,56.322875196195504,25.424479824373478,2.215300984927169,237719,82007,2.8987647395954004,97133.45860994923,101820.20600866902,⬇️,2025-11-22 01:07:04
061250,화일약품,KOSDAQ,956353.9886700478,90.89752883358156,6.075744406554886,14.960722958575369,283487,231948,1.2222006656664426,30571.741032339556,29165.955191590332,⬆️,2025-11-22 01:07:04
053980,오상자이엘,KOSDAQ,660458.7215933113,34.67621487253263,34.40886442041329,1.0077698132915056,164018,209364,0.7834107105328518,59961.102586164,57795.57435133154,⬆️,2025-11-22 01:07:04
024720,콜마홀딩스,KOSPI,924535.787752591,64.37057276444918,46.41367112736056,1.3868881991216409,400902,945533,0.423995778042649,93950.27627974759,90639.04202546466,⬆️,2025-11-22 01:07:04
054050,농우바이오,KOSDAQ,942668.5778857121,62.35023270214202,26.08291789083263,2.3904623310590676,197107,662803,0.29738398890771467,20826.706630217366,20951.52027790507,➡️,2025-11-22 01:07:04
039420,케이엘넷,KOSDAQ,598723.4208940488,17.592970503701522,36.3048097971291,0.48459062592562413,396558,330010,1.2016544953183237,1865.0453240081958,1819.0347860599165,➡️,2025-11-22 01:07:04
064960,SNT모티브,KOSPI,15729.767863210574,10.652110907271725,45.60411171943547,0.2335778618560841,176659,175132,1.0087191375648084,32436.285366420205,32099.061945583835,➡️,2025-11-22 01:07:04
039440,에스티아이,KOSDAQ,54393.96192178003,48.62885094634096,18.46851681683154,2.6330674752410212,785956,603660,1.301984560845509,62884.5171261072,65643.45177054727,⬇️,2025-11-22 01:07:04
049550,잉크테크,KOSDAQ,940748.1251601639,72.2261179258214,20.914902248488104,3.4533327991548455,685859,887024,0.7732135770847237,29031.895858544936,29773.62562410266,➡️,2025-11-22 01:07:04
054670,대한뉴팜,KOSDAQ,622471.6334994944,59.80764547293592,31.649109753131278,1.889710198468338,931660,697055,1.3365659811636097,4955.6608830551395,5162.316792319017,⬇️,2025-11-22 01:07:04
060590,씨티씨바이오,KOSDAQ,485505.01796337415,23.937819557150736,6.4466568078388775,3.7132145033753465,523178,580886,0.9006552060128837,9370.309949490802,9044.044896061525,⬆️,2025-11-22 01:07:04
049070,인탑스,KOSDAQ,512532.5020116685,17.89438385277972,9.126909438468704,1.9606181011676613,329878,255687,1.2901633638002714,43387.0681600428,45516.86084004356,⬇️,2025-11-22 01:07:04
060370,LS마린솔루션,KOSDAQ,70286.24105349432,4.145354558897737,31.47835749921116,0.13168903615767177,511315,493319,1.0364794382539493,75851.91936890362,78784.56660165684,⬇️,2025-11-22 01:07:04
051380,피씨디렉트,KOSDAQ,526681.976761712,24.417559539870457,43.51969141512969,0.5610692251228062,190921,863605,0.2210744495457993,32524.941791299985,31492.50762415433,⬆️,2025-11-22 01:07:04
037710,광주신세계,KOSPI,7160.902387648994,42.2825105700304,12.814038283872069,3.299702219810578,999114,812005,1.2304283840616745,59469.63032788746,56621.43397831575,⬆️,2025-11-22 01:07:04
053270,구영테크,KOSDAQ,247030.06455381025,57.839583583094424,7.51391723664815,7.6976604561186015,534673,15548,34.38853871880628,67594.56759576847,67118.91916421914,➡️,2025-11-22 01:07:04
034950,한국기업평가,KOSDAQ,328704.1645429432,57.204131599004384,16.463804371699048,3.474539074172744,132185,368831,0.3583890725020402,53124.02521273409,51250.20497363279,⬆️,2025-11-22 01:07:04
060260,뉴보텍,KOSDAQ,466405.0398600691,41.84973715983946,10.092686664871726,4.146540812120946,56743,586655,0.09672294619495274,94654.89648280466,92488.30721015383,➡️,2025-11-22 01:07:04
060380,동양에스텍,KOSDAQ,578522.2094613184,80.87239916730049,28.49827466893942,2.837799835491241,454997,654773,0.6948927338176742,90400.34386402213,93810.27347559169,⬇️,2025-11-22 01:07:04
046310,백금T&A,KOSDAQ,144402.45404518765,15.163154052338937,6.681395614579976,2.269459096128102,264619,907782,0.2915006025675768,89730.65595893722,89940.42303379162,➡️,2025-11-22 01:07:04
049720,고려신용정보,KOSDAQ,806895.4006318212,38.670731790992185,2.890844215133884,13.376968426228816,280696,864083,0.32484842312601914,17774.013739902784,17517.851956616993,➡️,2025-11-22 01:07:04
052670,제일바이오,KOSDAQ,363191.14603766106,17.12659759685665,22.97533945680328,0.745433930543527,377014,910189,0.4142150696174091,42246.03625504472,40973.711228072694,⬆️,2025-11-22 01:07:04
046890,서울반도체,KOSDAQ,826646.4174156771,81.22997866888592,24.59162863836342,3.3031557146306922,382294,824962,0.4634080115205306,31124.017161907865,32559.53416895045,⬇️,2025-11-22 01:07:04
013990,아가방컴퍼니,KOSDAQ,946064.7499316693,24.06070469851469,17.508930425533293,1.3741961452669282,376163,585987,0.6419306230342994,40028.53581002296,38923.027479934455,➡️,2025-11-22 01:07:04
058450,한주에이알티,KOSDAQ,19399.55364262695,93.17433747279115,39.546784723547916,2.3560534218932596,11961,995073,0.01202022364188356,51916.952265576634,51237.67979163353,➡️,2025-11-22 01:07:04
059090,미코,KOSDAQ,326406.3840933377,7.7340947773610775,38.366269078640855,0.2015857930180336,552873,83440,6.62599472674976,30665.435822939395,30762.645786373476,➡️,2025-11-22 01:07:04
054930,유신,KOSDAQ,339424.0732007436,68.68801063862162,10.736644489957476,6.397530504327397,16238,378763,0.04287113577619778,12612.851612662053,12824.988915867409,➡️,2025-11-22 01:07:04
035200,프럼파스트,KOSDAQ,887844.85582021,83.88236277191776,14.992355813976241,5.595008804001341,465580,947190,0.49153812856976953,45377.12698837067,44824.91605936755,➡️,2025-11-22 01:07:04
054040,한국컴퓨터,KOSDAQ,284658.8163615816,89.37569827153783,2.928681019404607,30.517389117954426,629469,468238,1.3443355729351312,77650.86610798832,78067.8598297955,➡️,2025-11-22 01:07:04
048470,대동스틸,KOSDAQ,716337.9915702139,58.61855654705776,13.903263076808631,4.2161725792872735,299573,840915,0.35624646961940265,36726.92218837692,37667.27250884479,➡️,2025-11-22 01:07:04
042500,링네트,KOSDAQ,695227.8338405394,48.21899538316471,33.71786220404094,1.4300727338931314,907882,111099,8.171828729331498,91202.08169242997,93905.38907647436,➡️,2025-11-22 01:07:04
040350,크레오에스지,KOSDAQ,288208.6873902783,62.93850747689946,33.40465574677664,1.8841238165722654,953140,965304,0.9873987883609723,86302.55645303134,86907.68080649369,➡️,2025-11-22 01:07:04
054300,팬스타엔터프라이즈,KOSDAQ,200574.89360608705,71.81803059511869,17.90249990646892,4.011620218982258,544156,145146,3.749025119534813,45565.346341552664,47177.006404313615,⬇️,2025-11-22 01:07:04
047080,한빛소프트,KOSDAQ,920222.6033974916,89.43206539752849,39.386831369663206,2.2706082791521904,533257,514307,1.036845697219754,45853.91239924859,44128.82172811716,⬆️,2025-11-22 01:07:04
020760,일진디스플,KOSPI,533620.321295923,85.86236501117878,37.67460639301213,2.2790514150429053,601540,74725,8.050050184008029,27338.86648435654,27340.636972650304,➡️,2025-11-22 01:07:04
060250,NHN KCP,KOSDAQ,336296.4684835161,65.32326217972738,4.092486939758503,15.961752142715962,823468,368646,2.2337635563657274,94056.31609110911,96579.56855454983,➡️,2025-11-22 01:07:04
056730,CNT85,KOSDAQ,548814.5679152936,70.25125539616084,18.897033037398078,3.7175812338969005,434961,199927,2.1755990936691894,29100.71355915734,28660.21992115509,➡️,2025-11-22 01:07:04
053260,금강철강,KOSDAQ,959256.1097975567,8.672812896033761,18.556737439560216,0.46736733352408216,493149,357817,1.3782156800822767,3638.1765007557665,3595.401824811202,➡️,2025-11-22 01:07:04
060240,스타코링크,KOSDAQ,244656.72619869641,67.79205148114838,19.09953228231827,3.549408984423565,729102,759563,0.9598966774316284,60405.538252116916,59175.677293055676,➡️,2025-11-22 01:07:04
033180,KH 필룩스,KOSPI,546179.3710006315,8.461594796349727,36.193090257461115,0.23379033777325467,264802,423987,0.6245521678730716,83871.21692404804,85002.22316450675,➡️,2025-11-22 01:07:04
041930,동아화성,KOSDAQ,899133.7902740939,48.90929818365787,30.094108258844194,1.6252117445375434,611628,877359,0.6971239823151071,46180.658395664046,47557.954408526784,➡️,2025-11-22 01:07:04
054220,비츠로시스,KOSDAQ,991203.4694301992,63.078292164199254,28.628620937305488,2.2033297483080285,244145,72846,3.351522389698817,70472.73878643301,69686.99626609104,➡️,2025-11-22 01:07:04
014940,오리엔탈정공,KOSDAQ,37689.77441840129,58.36236024694905,32.142779014495126,1.8157222877533374,490754,12878,38.10793601490915,81092.85953417093,78995.71948391061,➡️,2025-11-22 01:07:04
043590,웰킵스하이텍,KOSDAQ,727963.5439221426,35.68880331571585,11.61276414519012,3.0732393140437426,706680,256529,2.7547762631125527,98150.19384443681,93890.00874408253,⬆️,2025-11-22 01:07:04
058470,리노공업,KOSDAQ,88074.17503468067,39.34053358079569,37.807043544047744,1.0405609614769622,605248,809016,0.7481285907818881,8599.40801912163,9002.263501771213,⬇️,2025-11-22 01:07:04
045300,성우테크론,KOSDAQ,220507.70459590384,78.0870496611294,28.421195435073432,2.7474934979253325,351426,264906,1.3266064188806594,21585.964595569647,22392.85268574576,⬇️,2025-11-22 01:07:04
056190,에스에프에이,KOSDAQ,104391.01604028298,70.63740249904752,33.82908097636753,2.0880674396207723,755565,502912,1.5023801380758464,31544.112650494306,32114.767292288616,➡️,2025-11-22 01:07:04
056700,신화인터텍,KOSDAQ,668877.5991439201,83.91355466862447,24.249723187642683,3.4603922700192156,445479,930313,0.4788485165745292,2851.3981473421914,2992.9030481826935,⬇️,2025-11-22 01:07:04
054940,엑사이엔씨,KOSDAQ,5319.259068795276,85.66848087600104,45.09637676306751,1.8996754733999115,181054,612779,0.2954637805799481,65815.56834362664,65759.83263062008,➡️,2025-11-22 01:07:04
043370,피에이치에이,KOSDAQ,290285.73416824965,42.24009838711181,22.73758041112533,1.8577217814453133,287880,642444,0.44810131311055906,88416.12838823168,88258.57745253637,➡️,2025-11-22 01:07:04
063160,종근당바이오,KOSPI,585552.6504706085,20.411020304460045,23.622423473259317,0.8640527644238283,44200,969741,0.04557918042033904,83871.7081932855,80004.53476197823,⬆️,2025-11-22 01:07:04
054620,APS,KOSDAQ,110205.5349342712,65.4341267269222,47.97567856463052,1.3639020579724057,612684,294176,2.0827123898618516,56629.02155433553,55204.52465744881,➡️,2025-11-22 01:07:04
056360,코위버,KOSDAQ,84063.91494812131,93.50326086817405,10.673164959456747,8.760593621794193,863513,190225,4.539429622815088,8781.193191756718,8545.243433209753,➡️,2025-11-22 01:07:04
043260,성호전자,KOSDAQ,878694.2620462734,42.170964607756765,6.99225954913117,6.031092569067572,532541,263465,2.021296946463477,96018.1028456242,98457.87470506733,➡️,2025-11-22 01:07:04
051390,YW,KOSDAQ,159993.8139722017,64.82080305679558,31.61475644285465,2.050333779226249,150977,866396,0.17425865308704103,46752.64783079027,46484.62825790202,➡️,2025-11-22 01:07:04
054540,삼영엠텍,KOSDAQ,959661.1089337945,61.6624932443186,5.240043758931896,11.767553112359423,740462,94979,7.796060181724381,13707.624862486085,13745.778510173113,➡️,2025-11-22 01:07:04
053350,이니텍,KOSDAQ,835200.0357050685,20.102020537366855,46.42575867494382,0.4329928279280011,448221,936565,0.4785797034909483,83265.3055690607,79177.64074279716,⬆️,2025-11-22 01:07:04
054630,에이디칩스,KOSDAQ,563707.2937726855,19.25687704320463,7.705342498599582,2.4991591284494485,509217,105706,4.81729513934876,64580.50631262036,64649.90350494257,➡️,2025-11-22 01:07:04
056080,유진로봇,KOSDAQ,578813.1896417696,50.95412910683347,4.372768631737873,11.652601223171217,909228,891580,1.0197940734426523,62025.85766076993,63977.36776319832,⬇️,2025-11-22 01:07:04
044490,태웅,KOSDAQ,425124.51619666023,6.231665103364913,36.27569604931193,0.17178623105932417,899318,996103,0.902836353268688,23240.91591833226,22689.583402628898,➡️,2025-11-22 01:07:04
053950,경남제약,KOSDAQ,360038.6378317649,58.54338556525722,17.24809392164349,3.3941945023730997,31219,824486,0.03786480304092489,63758.9654735579,65168.10660758641,➡️,2025-11-22 01:07:04
053700,삼보모터스,KOSDAQ,836966.4779798209,37.23422033630304,4.2292980747077165,8.803877068625924,19640,362152,0.05423137246239148,91534.53474002038,88038.4111956114,⬆️,2025-11-22 01:07:04
054920,한컴위드,KOSDAQ,344289.6120947336,54.886363090469665,1.3056988198953006,42.03600574202159,304776,710122,0.4291882239953135,88405.52368598782,91945.92695580574,⬇️,2025-11-22 01:07:04
041960,코미팜,KOSDAQ,379842.0596428022,97.86049942415774,30.03531034876275,3.258181729698322,624377,85798,7.277290845940465,74882.85601044304,74523.32305856227,➡️,2025-11-22 01:07:04
053160,프리엠스,KOSDAQ,761769.4297599144,10.766353443439039,37.50337785866255,0.28707689968657635,551325,733567,0.7515673414970957,98193.63889242493,100797.86548371955,➡️,2025-11-22 01:07:04
052400,코나아이,KOSDAQ,653627.3374125182,38.44483025236258,8.402034698203579,4.57565716320862,250212,300539,0.8325441955952472,1498.2973864778432,1461.2829725395295,➡️,2025-11-22 01:07:04
054180,메디콕스,KOSDAQ,777766.0884590601,32.79783222412321,37.33367014738384,0.8785054374414759,441242,283177,1.5581844570710193,11842.429133235422,11481.401626361989,⬆️,2025-11-22 01:07:04
043090,더테크놀로지,KOSDAQ,57611.98918051715,45.24832328014176,18.311794568721318,2.4709933868213647,261729,955377,0.27395363296374103,74944.93178074017,77275.38709479859,⬇️,2025-11-22 01:07:04
049470,비트플래닛,KOSDAQ,504562.47419203725,98.3825225491204,2.539388353892314,38.7426060288581,30329,187544,0.16171671714371028,96590.96911158509,95227.90423531983,➡️,2025-11-22 01:07:04
053050,지에스이,KOSDAQ,888589.6379298768,58.046742984786796,45.09919816321909,1.2870903552366735,226159,245265,0.9221005850814425,54539.29602232991,54883.60003653386,➡️,2025-11-22 01:07:04
054800,아이디스홀딩스,KOSDAQ,326215.7663431633,33.067307533671276,20.581885220877457,1.6066218997339028,854474,154761,5.52124889345507,99365.0060061493,96380.00678048823,⬆️,2025-11-22 01:07:04
047770,코데즈컴바인,KOSDAQ,558168.7005746566,76.64985355287244,32.25491663442892,2.376377357337713,883068,958124,0.9216635842542301,82163.62818926181,85524.28143832322,⬇️,2025-11-22 01:07:04
053800,안랩,KOSDAQ,33030.890779567184,6.619638621114312,34.59429121726626,0.19135060694090483,906413,325139,2.7877707688096476,29093.867116409347,30464.921640325738,⬇️,2025-11-22 01:07:04
055550,신한지주,KOSPI,141121.02501038165,2.6783539187381518,42.811855893004484,0.0625610327529809,760966,783542,0.9711872496943368,3324.512882457693,3422.9083420577017,➡️,2025-11-22 01:07:04
040300,YTN,KOSDAQ,60128.63125783859,53.45015658231919,40.36598524587272,1.3241385353720376,545805,831788,0.6561828254314801,60201.433821015715,58614.178157461116,➡️,2025-11-22 01:07:04
058820,CMG제약,KOSDAQ,123734.58863982541,48.7324885123895,35.161479604634785,1.385962395790815,764466,265939,2.8745915416693304,66840.68495369263,65737.92231127432,➡️,2025-11-22 01:07:04
035900,JYP Ent.,KOSDAQ,106993.40960513556,46.644089664511355,42.247357791836365,1.1040711680559723,378127,222757,1.6974864987407803,24431.639493840066,23524.580881482692,⬆️,2025-11-22 01:07:04
021320,KCC건설,KOSDAQ,638815.9825655861,0.307571524302786,41.65952663549318,0.007382981736540916,318051,489632,0.6495715149336645,92100.25195422518,96020.95094473373,⬇️,2025-11-22 01:07:04
053060,세동,KOSDAQ,165740.97817498466,64.567131982669,47.984194151786376,1.345591670841163,639429,502620,1.272191715411245,42900.94235341834,44697.12855587898,⬇️,2025-11-22 01:07:04
053610,프로텍,KOSDAQ,938668.3698973429,3.9719244249465615,49.43429357932376,0.08034755100875654,593278,773115,0.7673864819593463,87295.4251200056,86470.87943005866,➡️,2025-11-22 01:07:04
052790,액토즈소프트,KOSDAQ,896971.9776370599,74.91813936863922,11.504246246008776,6.512216251858389,933559,642882,1.4521467392149725,78571.8295720272,75396.18918293367,⬆️,2025-11-22 01:07:04
053450,세코닉스,KOSDAQ,875589.4080096639,44.85331374701902,32.55145656871258,1.3779203290746318,480075,499232,0.9616270591628742,74672.2037143377,74095.40744326296,➡️,2025-11-22 01:07:04
053030,바이넥스,KOSDAQ,207227.836646172,36.3870795925918,21.43488301953574,1.6975637123574987,284381,896244,0.3173031004949545,80727.6022039791,82360.9596247069,➡️,2025-11-22 01:07:04
052420,오성첨단소재,KOSDAQ,126116.7953113291,72.23922802330951,36.73477306167426,1.9665080794708212,536872,450268,1.1923387849014364,12099.521964155352,12570.871953612814,⬇️,2025-11-22 01:07:04
021240,코웨이,KOSPI,580389.9689534032,73.08531510573904,38.58247705033416,1.8942618694593651,553221,946919,0.5842326534793366,41495.11567959637,39694.23297159193,⬆️,2025-11-22 01:07:04
053620,태양,KOSDAQ,516556.88466599,80.32536644529843,28.5835930940473,2.8101913633113766,377814,591148,0.6391191376778742,47544.73802879609,47416.668463949965,➡️,2025-11-22 01:07:04
052300,오션인더블유,KOSDAQ,117391.12570697645,73.59562069135515,41.165404068580294,1.7878027036670676,860477,551423,1.5604662845039108,10580.884004914658,10084.607770183884,⬆️,2025-11-22 01:07:04
049520,유아이엘,KOSDAQ,733756.0909060148,73.53542831067102,14.675060849557788,5.010911304867735,18065,109424,0.1650917531802895,63909.322375718984,62557.72643000973,➡️,2025-11-22 01:07:04
048910,대원미디어,KOSDAQ,834001.3568537864,13.340248340904637,32.48482045028591,0.41066098429942915,518183,950309,0.5452784304894513,91669.11214411847,92207.35411179067,➡️,2025-11-22 01:07:04
051980,중앙첨단소재,KOSDAQ,956627.1393601272,75.00212554382992,20.79059215763067,3.6075030944369835,381329,831060,0.4588465333429596,54532.03405773083,54110.59187171049,➡️,2025-11-22 01:07:04
058650,세아홀딩스,KOSPI,111737.80670649288,31.528917143128883,24.98176775813993,1.2620771055265159,109733,563571,0.19471016074283454,56511.1216371852,57934.35814766834,➡️,2025-11-22 01:07:04
051500,CJ프레시웨이,KOSDAQ,781961.3464869108,97.6533589656304,26.292597274106974,3.714100891120396,779078,584239,1.3334919442214572,7431.721793021323,7339.810084532889,➡️,2025-11-22 01:07:04
049120,파인디앤씨,KOSDAQ,942439.1655916971,48.77664654664016,39.90797118645155,1.2222281688726753,840342,310557,2.7059187202349326,31704.643397761985,30276.733613055876,⬆️,2025-11-22 01:07:04
043360,디지아이,KOSDAQ,741327.6633650338,16.24614177306102,38.22292876971814,0.42503654994464785,271430,319138,0.8505098108028502,82701.4135877476,80734.25896629594,➡️,2025-11-22 01:07:04
052330,코텍,KOSDAQ,880176.4434972113,23.27251908297346,30.870625852697344,0.7538726034911277,143887,249870,0.575847440669148,73565.91149157177,76458.60662938538,⬇️,2025-11-22 01:07:04
052600,한네트,KOSDAQ,806379.9762128356,8.62984830203341,8.731828767753555,0.988320835367643,347625,639058,0.543964710558353,20126.596152915594,19913.4883213845,➡️,2025-11-22 01:07:04
052020,에스티큐브,KOSDAQ,661510.0074285273,66.57993413492362,1.9781388561901472,33.65786680069322,155853,741735,0.21011951707820178,84743.36775480735,83977.68773874153,➡️,2025-11-22 01:07:04
043220,티에스넥스젠,KOSDAQ,771092.5362655208,45.7660055665343,37.475883886801036,1.2212121722005076,197240,599581,0.3289630592030101,33092.479797456246,33979.69537125533,➡️,2025-11-22 01:07:04
051780,큐로홀딩스,KOSDAQ,574199.0738529144,63.44185210469061,4.965817168511977,12.775712425937172,485047,623409,0.7780558188925729,54313.29132035123,54259.804286249775,➡️,2025-11-22 01:07:04
033790,피노,KOSDAQ,792839.405202996,3.9747138945137643,19.400358169775348,0.20487837697275826,154558,944285,0.163677279634856,26572.92509961948,26349.01538183284,➡️,2025-11-22 01:07:04
051490,나라엠앤디,KOSDAQ,652381.5593066567,15.584317352859012,5.463292697126981,2.8525503239199397,19674,364489,0.05397693757561957,15834.360983069982,15077.96592466974,⬆️,2025-11-22 01:07:04
038870,에코바이오,KOSDAQ,678551.9947135715,92.54396289275797,37.703586346272814,2.4545135320238947,265279,391437,0.6777054800644804,44586.996625139975,45503.91617096283,➡️,2025-11-22 01:07:04
045660,에이텍,KOSDAQ,551318.8414745459,29.380085240251105,7.89219840244361,3.722674436460485,785592,76018,10.334289247283538,37615.73806823612,38508.93966667916,➡️,2025-11-22 01:07:04
045390,대아티아이,KOSDAQ,741549.2993005529,29.91762972141962,34.141562072189714,0.8762818074393048,85920,873923,0.098315297800836,80427.34558744184,81245.30977540344,➡️,2025-11-22 01:07:04
050110,캠시스,KOSDAQ,656666.7104585723,89.50148249050699,24.46682561230093,3.658074975018797,252703,513112,0.49249091816211665,59605.658580652205,61598.891666215015,⬇️,2025-11-22 01:07:04
052260,현대바이오랜드,KOSDAQ,105125.73481264476,71.91371227744432,45.2602094296836,1.5888948191715657,311413,978358,0.318301685068247,29839.863557505487,29777.99580670031,➡️,2025-11-22 01:07:04
036540,SFA반도체,KOSDAQ,852034.7714009864,63.29650869039246,42.31895309401677,1.4957011944452279,216847,196094,1.1058318969473824,42974.63331212837,41675.79385858705,⬆️,2025-11-22 01:07:04
051900,LG생활건강,KOSPI,671204.7236184601,10.78328431433502,28.200425761804773,0.3823801954415922,317854,634987,0.5005677281582143,65567.79372842147,63995.75924318254,➡️,2025-11-22 01:07:04
051910,LG화학,KOSPI,459621.3003683603,50.67779348816678,20.095778650486267,2.5218128826742676,624334,587688,1.0623562162235745,90649.97494359188,90095.95794866579,➡️,2025-11-22 01:07:04
047040,대우건설,KOSPI,508303.6764053405,95.59622529538478,14.541370981608598,6.574086130963266,87903,423670,0.20747987820709515,73753.81382410557,73054.01642974402,➡️,2025-11-22 01:07:04
047050,포스코인터내셔널,KOSPI,896833.5727307741,44.79710177054736,1.2525233865613208,35.765481308523405,469197,307586,1.5254172816708174,86957.1620697014,88815.24368067647,➡️,2025-11-22 01:07:04
042670,HD현대인프라코어,KOSPI,90705.6702456564,3.947559180718813,44.21059212696064,0.08928989617199676,310919,409409,0.7594337203139159,53125.85289017883,54236.09625402975,➡️,2025-11-22 01:07:04
042660,한화오션,KOSPI,390696.75020718883,15.118047348551892,8.421772430106458,1.7951146832829805,60405,868576,0.06954486423755664,51060.70837253878,50121.88981162055,➡️,2025-11-22 01:07:04
038500,삼표시멘트,KOSDAQ,877159.6730361436,36.726437467146035,10.10109906088988,3.6358852879035655,515354,560565,0.9193474440965811,36379.69168660026,36836.01692476943,➡️,2025-11-22 01:07:04
051630,진양화학,KOSPI,197072.6557532746,71.5863205346061,21.777535249000028,3.287163570904709,786342,810435,0.970271520849914,91942.7522158092,94231.6350769826,➡️,2025-11-22 01:07:04
024850,HLB이노베이션,KOSDAQ,787898.9497242705,38.212581553688935,17.02316103425473,2.2447406493304003,712331,794327,0.8967729914758028,74343.68937256777,77051.25106286793,⬇️,2025-11-22 01:07:04
048550,SM C&C,KOSDAQ,263285.9782894691,46.74123838335681,24.3056950042721,1.923057060295594,994742,37488,26.534944515578317,43382.934588410186,45311.139489404064,⬇️,2025-11-22 01:07:04
049830,승일,KOSDAQ,830991.0542275555,97.16327673632206,44.73866328486622,2.1717965983393506,37799,611535,0.06181003540271612,24874.044407634534,24715.56013140384,➡️,2025-11-22 01:07:04
048770,TPC,KOSDAQ,343948.05034189066,18.375179859301593,32.18678907999997,0.5708919834665785,625915,76120,8.222740409879139,79854.83052618986,76888.41067368083,⬆️,2025-11-22 01:07:04
049430,코메론,KOSDAQ,954641.3137451046,64.2864722405222,3.2876121835410554,19.55415318216757,642951,997136,0.6447977006145601,57712.50322119735,58983.052990074146,➡️,2025-11-22 01:07:04
044480,빌리언스,KOSDAQ,885924.9436809135,53.36100420691234,38.34534111812693,1.391590285832327,667978,856334,0.7800437679690401,84953.1166572389,88259.56098647232,⬇️,2025-11-22 01:07:04
046390,삼화네트웍스,KOSDAQ,700780.3008419935,9.119233772053555,30.379399275653675,0.3001782125218582,836841,261549,3.199557253134212,98069.11710195901,96908.11039955635,➡️,2025-11-22 01:07:04
014620,성광벤드,KOSDAQ,754220.9717797991,48.64428773757446,19.666384175099008,2.4734738884622427,292736,446377,0.6558043985241175,28965.51972238143,28214.00935051385,➡️,2025-11-22 01:07:04
048430,유라테크,KOSDAQ,494014.9908374917,36.94493110857499,44.77301929067031,0.8251605921129711,830300,721233,1.1512229750995864,2081.4915717383865,2039.4959850556188,➡️,2025-11-22 01:07:04
017480,삼현철강,KOSDAQ,434706.07535705797,96.7681224987258,1.8404647899052762,52.57808952906195,903775,950895,0.9504466844393966,76574.53106894156,74323.04505812624,⬆️,2025-11-22 01:07:04
049480,오픈베이스,KOSDAQ,226895.99079090776,24.174436045537732,42.72240546390595,0.5658491319259052,42673,861902,0.04951026914892877,21487.43665055651,21527.3782724701,➡️,2025-11-22 01:07:04
042510,라온시큐어,KOSDAQ,555082.9365538829,56.59335085874265,7.314946603940059,7.7366731328236495,755843,916235,0.8249444738522322,50745.08226329699,51687.976833359,➡️,2025-11-22 01:07:04
036670,삼양케이씨아이,KOSDAQ,955353.0644914709,35.53455694700066,27.406356259964575,1.29658085919688,28880,177640,0.16257599639720782,13194.305805053471,12683.423900205664,⬆️,2025-11-22 01:07:04
039830,오로라,KOSDAQ,94305.69944132563,3.5693309669165734,45.61517709832258,0.07824875828549242,342749,550407,0.6227191878010272,38557.924480349626,36698.00098831481,⬆️,2025-11-22 01:07:04
036190,금화피에스시,KOSDAQ,630261.4353794967,19.97093717003628,14.909235176296894,1.3395011168504884,637092,595142,1.0704873794825436,81679.48742606657,78169.9469061481,⬆️,2025-11-22 01:07:04
046070,코다코,KOSDAQ,209230.35353658092,52.34154548569581,40.30732985906408,1.2985614693086782,941119,803850,1.1707644461031288,61965.231086533284,61218.89723200171,➡️,2025-11-22 01:07:04
041830,인바디,KOSDAQ,15318.887834593177,96.31208553929338,17.107659195411177,5.629764098008649,439455,237322,1.8517246610090932,97042.75320108728,94489.2534595055,➡️,2025-11-22 01:07:04
014570,고려제약,KOSDAQ,810663.7638527495,76.04942965050135,11.107558767235368,6.8466376135527565,944975,105595,8.949050617926986,33166.58191587018,32749.178906278717,➡️,2025-11-22 01:07:04
045520,크린앤사이언스,KOSDAQ,601825.4041449835,40.6682474227706,9.944119601143887,4.089678026206811,457766,344438,1.3290229301064342,12709.650172917532,13315.208142199492,⬇️,2025-11-22 01:07:04
044180,KD,KOSDAQ,138209.28342953476,48.85396225925728,39.68366817664904,1.2310848392791545,353874,235571,1.5021967899274529,14173.489651132255,13815.18531986714,➡️,2025-11-22 01:07:04
044960,이글벳,KOSDAQ,977745.4399307593,51.32466647632313,47.245212552004354,1.0863463979515044,922363,451980,2.0407164033806806,36873.5723725108,38247.603379013686,⬇️,2025-11-22 01:07:04
032080,아즈텍WB,KOSDAQ,500061.16420271015,16.033424885053144,15.999440856012615,1.0021240760440548,93877,748298,0.12545403034619898,36941.104882968764,35478.69770065676,⬆️,2025-11-22 01:07:04
034020,두산에너빌리티,KOSPI,159352.7944099983,65.45181021214152,8.751849166736507,7.478626398282406,711106,931884,0.7630842465371227,84487.68913045138,87856.1699428964,⬇️,2025-11-22 01:07:04
010470,오리콤,KOSDAQ,371489.6032343987,74.83201747665453,3.4270520370182673,21.835681707874706,432348,940216,0.4598390157155377,2550.931101454802,2508.5804494107774,➡️,2025-11-22 01:07:04
044340,위닉스,KOSDAQ,89148.81810061341,48.223669863571466,29.071473906473166,1.6587968679783311,627555,795627,0.788755283568808,98991.65828237173,103239.89749083918,⬇️,2025-11-22 01:07:04
042940,상지건설,KOSDAQ,996474.184079965,71.8864552453526,48.50339010251352,1.4820913567777054,568101,881635,0.6443721041020377,72824.00199477897,71755.34336654855,➡️,2025-11-22 01:07:04
010040,한국내화,KOSPI,152246.70491423452,31.044861440055232,23.582292394933415,1.3164479907273616,176883,105704,1.6733803829561795,22098.896132667454,21283.00625004467,⬆️,2025-11-22 01:07:04
048830,엔피케이,KOSDAQ,410297.0452085253,96.35506938986899,29.169628461716687,3.3032669413780495,795052,341340,2.329208413898166,13355.583825135938,13841.084462724486,⬇️,2025-11-22 01:07:04
000250,삼천당제약,KOSDAQ,339549.1780830112,29.311231856899735,33.004468107776546,0.8880989010695007,466351,218131,2.137940045202195,49994.306248618486,50903.574049922005,➡️,2025-11-22 01:07:04
044780,에이치케이,KOSDAQ,185542.55813160352,96.91045138304264,13.449020579113789,7.205762740339897,632013,333446,1.8953983553558897,96460.15911374342,101014.80062498154,⬇️,2025-11-22 01:07:04
045510,정원엔시스,KOSDAQ,717949.7288522758,61.08940702539669,8.44885582016215,7.2304946759316655,752660,757620,0.9934531823341517,13096.738630492378,13714.7718854795,⬇️,2025-11-22 01:07:04
045100,한양이엔지,KOSDAQ,458571.1909465018,46.050735505532536,48.5932163928028,0.9476782753642371,188075,458456,0.41023566056502697,7254.209110476925,7070.344644198762,➡️,2025-11-22 01:07:04
040160,누리플렉스,KOSDAQ,736570.7263725045,38.93774903827482,15.791161293937872,2.4657938902329355,964340,911946,1.0574529632236997,63260.9776811371,63238.098126485354,➡️,2025-11-22 01:07:04
043340,에쎈테크,KOSDAQ,306349.58554807864,61.6531144880552,11.108608812162643,5.550030209053015,716834,606405,1.1821043691922066,17748.067170085407,17319.475328921042,➡️,2025-11-22 01:07:04
043650,국순당,KOSDAQ,959689.4477220254,37.20613408530609,40.449805478489466,0.9198099631181587,413612,360750,1.1465336105336106,5637.753935187171,5691.4697984689565,➡️,2025-11-22 01:07:04
037950,엘컴텍,KOSDAQ,257790.02846332334,94.29396235613746,18.508648027520326,5.094589416576116,708031,809837,0.8742882827038033,16475.095334247708,17158.3130075451,⬇️,2025-11-22 01:07:04
039030,이오테크닉스,KOSDAQ,481879.7245518069,65.35848975840311,45.92902577323663,1.423032356076846,383064,144299,2.6546545714107515,96884.14315671152,100462.17702630347,⬇️,2025-11-22 01:07:04
038540,상상인,KOSDAQ,298300.46722924605,1.266231443323114,31.58371253671269,0.04009127938494423,17846,775164,0.02302222497432801,69754.68997858219,69472.32207323033,➡️,2025-11-22 01:07:04
018680,서울제약,KOSDAQ,359490.708419533,12.842872512624343,37.02357429910529,0.3468836479392726,183853,256316,0.7172903759421964,94176.14303814509,90972.51140797466,⬆️,2025-11-22 01:07:04
046210,HLB파나진,KOSDAQ,557611.4700872753,23.485593373827,38.7765898878845,0.6056642278687051,755941,884679,0.854480551702934,27005.1885746969,26577.335498850713,➡️,2025-11-22 01:07:04
039860,나노엔텍,KOSDAQ,547188.3822549427,44.515991036675175,34.023143289238625,1.3084032435872963,115658,56577,2.044258267493858,66399.5421085068,65451.25812280831,➡️,2025-11-22 01:07:04
045060,오공,KOSDAQ,659569.5195488912,79.23012869906154,13.480641646306903,5.877326226587075,741036,805640,0.9198103371232809,84698.35060752093,86564.06273963503,➡️,2025-11-22 01:07:04
043100,알파녹스,KOSDAQ,331329.1651439586,68.34849819480169,47.52161716160015,1.4382612014733942,362993,741912,0.48926692114428666,61997.777678603095,60063.19077889733,⬆️,2025-11-22 01:07:04
042370,비츠로테크,KOSDAQ,737643.4133455058,24.203442501681828,9.71448952297517,2.491478573777828,147822,319306,0.4629477679717888,7718.805972259397,7975.39343438035,⬇️,2025-11-22 01:07:04
045970,코아시아,KOSDAQ,646566.1258566902,78.73620527637985,38.79142386804577,2.029732281656162,261736,369394,0.7085550929359978,89309.43836073615,92219.56364589756,⬇️,2025-11-22 01:07:04
040420,정상제이엘에스,KOSDAQ,856286.5227302049,93.04208676925288,48.93446522287008,1.9013610620959356,247827,585931,0.42296277206701816,96472.07492262367,97650.74036770724,➡️,2025-11-22 01:07:04
007370,진양제약,KOSDAQ,728152.2969323599,38.283815426595986,16.868364614753517,2.2695629541415028,820016,163817,5.005683170855284,29258.712240380497,30163.904146917015,⬇️,2025-11-22 01:07:04
043610,KT지니뮤직,KOSDAQ,422892.1421683435,58.42962652546575,41.588054378424914,1.4049617708439355,69238,23960,2.8897328881469115,22119.955414099175,22192.75362027359,➡️,2025-11-22 01:07:04
036890,진성티이씨,KOSDAQ,312086.7616364432,4.1572964149738185,11.640740615901052,0.3571333261472232,109765,666056,0.16479845538513277,38227.84185042981,39342.75470265878,➡️,2025-11-22 01:07:04
039010,현대에이치티,KOSDAQ,372017.9522047525,59.43555255261096,45.63505915986975,1.3024098937703799,183053,570618,0.3207978016816855,80942.2145719332,78233.30726830605,⬆️,2025-11-22 01:07:04
009300,삼아제약,KOSDAQ,499397.7374877396,11.037752569357664,37.46941051210604,0.2945803635152323,583604,970459,0.6013690428961965,67114.20326013348,66288.62047628326,➡️,2025-11-22 01:07:04
043200,파루,KOSDAQ,89653.20254546292,81.26196820754107,2.4895801922095115,32.64083176024179,833176,754232,1.1046680596951601,5828.739994984891,6107.7470407053825,⬇️,2025-11-22 01:07:04
042110,에스씨디,KOSDAQ,316312.22525476455,22.76114844367219,3.2905956855447833,6.917029808207479,799439,948366,0.8429646360160529,37645.84511180754,37186.97067716171,➡️,2025-11-22 01:07:04
039740,한국정보공학,KOSDAQ,709508.9947094944,81.72562984403481,18.08208462523436,4.519701767681313,548976,980094,0.5601258654782092,82673.17439967117,83934.20320652743,➡️,2025-11-22 01:07:04
039840,디오,KOSDAQ,635679.8985769284,16.575967471222896,45.56461410271679,0.36379036227225625,923272,455741,2.0258699568395206,91687.88782545723,90023.21977596993,➡️,2025-11-22 01:07:04
042420,네오위즈홀딩스,KOSDAQ,224511.3975467861,49.59568073390921,8.714297233208837,5.691300102193869,346314,671580,0.5156705083534352,89355.7946298992,91818.35236824908,➡️,2025-11-22 01:07:04
039560,다산네트웍스,KOSDAQ,570360.6585173561,44.60731896543715,9.149660851724093,4.875297531605413,694208,418103,1.6603755533923459,52549.39663333674,51284.585701278935,➡️,2025-11-22 01:07:04
038460,바이오스마트,KOSDAQ,510873.23311890475,3.126451437196388,27.784809126098136,0.11252376876182055,471480,817550,0.576698672864045,78513.96173613395,75627.88069127446,⬆️,2025-11-22 01:07:04
032820,우리기술,KOSDAQ,429422.276621429,8.120307914058001,24.429904178331505,0.33239213116768745,889315,146804,6.057839023459851,9022.249763144484,8867.04529440986,➡️,2025-11-22 01:07:04
001540,안국약품,KOSDAQ,504679.06856316025,75.55242481550685,3.5099239387183556,21.525373807130055,248970,932189,0.2670810318508371,6300.183612521745,6251.082076042291,➡️,2025-11-22 01:07:04
039310,세중,KOSDAQ,175735.79449151954,75.7462702120801,30.349472682357362,2.49580185477531,410990,978913,0.41984323428128956,5051.254073261257,4978.569090946013,➡️,2025-11-22 01:07:04
041190,우리기술투자,KOSDAQ,834650.7798240582,45.64267416877075,38.01024558014899,1.2007992443123765,307258,915904,0.33546965620851094,68365.89442010586,68284.09018413523,➡️,2025-11-22 01:07:04
038530,케이바이오,KOSDAQ,151775.415429196,43.30887216797364,37.944414221083356,1.1413767495693632,718797,546593,1.3150497719509764,12790.509023846113,13036.0681528275,➡️,2025-11-22 01:07:04
036640,HRS,KOSDAQ,431127.9520548313,38.24321560566242,8.716999907796714,4.387199266969899,358084,105044,3.408895320056357,44895.18050883035,44009.72450015792,➡️,2025-11-22 01:07:04
031330,에스에이엠티,KOSDAQ,774584.1590140807,35.81293210532912,7.480958188715914,4.787211905467996,448041,948454,0.4723908592298625,42099.45839862609,42741.43748972043,➡️,2025-11-22 01:07:04
038620,위즈코프,KOSDAQ,393944.687943923,18.052687435908943,23.07836399024894,0.7822342798448173,195677,674605,0.2900615915980463,79278.92809653886,75855.98565064328,⬆️,2025-11-22 01:07:04
039020,이건홀딩스,KOSDAQ,724012.6346069467,75.6780007094352,45.14911638941704,1.6761789988690483,754743,535690,1.4089174709253487,82526.29718717364,83671.53241338601,➡️,2025-11-22 01:07:04
038950,파인디지털,KOSDAQ,352805.10976081225,13.7357980987274,2.1695033147077414,6.3313100310140715,866719,499075,1.7366508039873767,30315.044417224617,31111.412471468266,➡️,2025-11-22 01:07:04
036800,나이스정보통신,KOSDAQ,520509.3597065914,45.75032822300222,24.995515530580583,1.830341453331071,336378,20123,16.71609600954132,15404.440347414233,15641.562974921342,➡️,2025-11-22 01:07:04
040610,SG&G,KOSDAQ,598532.6064102891,92.35941535725686,23.09914723787631,3.9983906940864284,287964,884277,0.32564908959522865,27722.989191396653,28213.038755197646,➡️,2025-11-22 01:07:04
038880,아이에이,KOSDAQ,305379.1188636608,36.83114520453389,30.449714005260297,1.2095727795069333,924769,954207,0.9691492516822869,23917.645465809353,25077.929802593815,⬇️,2025-11-22 01:07:04
038680,에스넷,KOSDAQ,122496.87150855585,20.735022414342172,42.89649938312469,0.48337329881279884,678234,775556,0.8745132524279355,6703.885810525842,6709.111821022609,➡️,2025-11-22 01:07:04
041510,에스엠,KOSDAQ,731085.4073332786,78.47786663331516,14.329649984986922,5.476607364139102,280700,206739,1.3577505937438026,45383.772688392746,46386.09488997235,➡️,2025-11-22 01:07:04
010280,아이티센엔텍,KOSDAQ,715719.3205492189,40.18690324944596,30.438548626780022,1.3202634508693123,301170,357496,0.8424429923691454,86839.3008959425,91130.10868484886,⬇️,2025-11-22 01:07:04
037760,쎄니트,KOSDAQ,19459.00607461352,78.68724824169239,37.40648067697885,2.103572611419685,226134,273304,0.8274083072329713,3371.2808279481724,3426.1495564940333,➡️,2025-11-22 01:07:04
036480,대성미생물,KOSDAQ,899136.0639772821,42.06355062091252,22.51190220375332,1.8685027253671809,518444,808717,0.6410697438040749,65409.40042763197,68447.13885882117,⬇️,2025-11-22 01:07:04
038110,에코플라스틱,KOSDAQ,642924.1379404782,46.559002124339855,15.824825074184055,2.942149559699982,307632,77159,3.9869879080859008,26369.04155363322,25742.647546110766,➡️,2025-11-22 01:07:04
032500,케이엠더블유,KOSDAQ,110405.54371506853,70.62983904267148,21.981668922092126,3.2131245035579044,829328,355419,2.333381164203377,24350.241851784253,23984.023526477675,➡️,2025-11-22 01:07:04
039610,화성밸브,KOSDAQ,255890.14630650342,78.46938567235902,16.490383303801224,4.7584937370298075,211586,968343,0.21850315435749523,96173.5189552879,91416.5540114737,⬆️,2025-11-22 01:07:04
039240,경남스틸,KOSDAQ,5924.330237267052,41.61868105886857,19.010716486048224,2.1892221205556406,32312,621568,0.05198465815485997,84387.39904642712,86670.82354910257,➡️,2025-11-22 01:07:04
038290,마크로젠,KOSDAQ,990766.595228808,17.322698215017727,45.33283486963712,0.38212254461544976,224628,780948,0.28763502819649966,35485.00346065379,35132.09581443976,➡️,2025-11-22 01:07:04
037440,희림,KOSDAQ,143151.805356002,67.36412334221212,35.99339974387183,1.8715687826538647,644898,38498,16.751467608706946,49429.02374185439,50217.13596529108,➡️,2025-11-22 01:07:04
038390,레드캡투어,KOSDAQ,628789.7471479935,59.76202317674426,22.804727293628467,2.620598019316876,55718,960411,0.05801474577030042,93753.6940558482,97981.15147333647,⬇️,2025-11-22 01:07:04
036830,솔브레인홀딩스,KOSDAQ,576448.6136634425,70.21237144844336,17.206769041032757,4.080508739380928,605894,783984,0.7728397518316701,42032.15733992155,43016.633586450145,➡️,2025-11-22 01:07:04
036810,에프에스티,KOSDAQ,727940.4595135972,26.17969015818219,37.47810324033957,0.6985329537702877,963469,582537,1.6539189785369857,76640.38027970548,73801.74114620073,⬆️,2025-11-22 01:07:04
036690,코맥스,KOSDAQ,171976.85154996792,50.365552158449766,30.104257716482657,1.6730375029600435,12042,883660,0.013627413258493086,24100.64625124776,23949.32843208208,➡️,2025-11-22 01:07:04
037370,EG,KOSDAQ,702032.5424031038,86.87626926643725,28.614328575066562,3.0361107037170854,879846,714565,1.231302960542428,12674.980515207319,12841.241958822467,➡️,2025-11-22 01:07:04
036620,감성코퍼레이션,KOSDAQ,143326.87126466833,46.52318048996279,6.388291066242646,7.282570566611015,163237,926278,0.1762289507037844,85559.12517717025,83077.22708930715,➡️,2025-11-22 01:07:04
037350,성도이엔지,KOSDAQ,839978.4406378531,32.354560555258175,47.09562150464502,0.6869972095403192,918865,484407,1.896886296027927,69238.12493094448,67349.51892646728,➡️,2025-11-22 01:07:04
038010,제일테크노스,KOSDAQ,290695.18739949417,58.848141490867185,43.33098205265875,1.358107725768849,352761,397397,0.8876790715581647,93029.44064010445,93539.39750092477,➡️,2025-11-22 01:07:04
016450,한세예스24홀딩스,KOSPI,18688.094976562847,85.47236150735843,4.0078500408237545,21.326237418252017,967810,290134,3.3357345226688357,84123.27693783931,86824.21178998973,⬇️,2025-11-22 01:07:04
001810,무림SP,KOSDAQ,102692.73499854459,43.40486759255886,35.92245027853021,1.2082936229575816,442028,367515,1.202748187148824,75281.23249917847,71687.9725628157,⬆️,2025-11-22 01:07:04
036630,세종텔레콤,KOSDAQ,670424.1946243923,43.72720504805107,43.99058603966594,0.9940127873864334,107663,389248,0.27659230105228544,10903.259628226226,10520.91708281887,⬆️,2025-11-22 01:07:04
036710,심텍홀딩스,KOSDAQ,460712.60017184296,85.82191573736534,3.19154457207106,26.89040174728743,815222,469203,1.7374611841782768,51912.52200123315,50101.405214985425,⬆️,2025-11-22 01:07:04
037070,파세코,KOSDAQ,206914.02312386944,50.24797187328213,32.7660843751609,1.5335360581374131,492011,28049,17.54112446076509,73170.85660123959,73424.36088884118,➡️,2025-11-22 01:07:04
036560,KZ정밀,KOSDAQ,771766.677765903,54.83776593253377,34.765920555689206,1.5773425543181812,792684,140353,5.647788077205332,46847.22108448925,46481.51895602318,➡️,2025-11-22 01:07:04
016250,SGC E&C,KOSDAQ,471656.4042332786,68.0251217030863,41.377258800306386,1.6440219501100106,724820,766608,0.9454897418237221,3067.3923571641844,3172.8534790851304,⬇️,2025-11-22 01:07:04
035890,서희건설,KOSDAQ,729037.9979243339,39.52985576357051,17.10233806398725,2.311371440306712,87525,161222,0.542884966071628,12913.322578026835,12459.558567151125,⬆️,2025-11-22 01:07:04
036930,주성엔지니어링,KOSDAQ,920475.97925494,81.36721665213632,33.74838799327688,2.410995650172854,50338,63996,0.7865804112757048,15643.487365073117,16192.671370643744,⬇️,2025-11-22 01:07:04
036030,케이티알파,KOSDAQ,548635.5672529492,35.74182712356619,1.5015706177353865,23.802961180387705,837146,894209,0.9361860594111667,18353.717982751074,19180.96525412977,⬇️,2025-11-22 01:07:04
016710,대성홀딩스,KOSPI,730221.9097067168,93.32264546992103,10.215257622309217,9.135613502895184,590023,837619,0.7044049860378048,80257.32956005869,76558.49421154344,⬆️,2025-11-22 01:07:04
032190,다우데이타,KOSDAQ,357817.5529448709,57.361134285423994,41.14422720473372,1.3941478108215506,446383,741648,0.6018798675382392,43254.18829604806,43142.461415573474,➡️,2025-11-22 01:07:04
005290,동진쎄미켐,KOSDAQ,424054.17004851677,80.69041779736305,8.934813006310238,9.03101360267699,204672,708779,0.28876702046759284,95286.39156229589,99044.61990952959,⬇️,2025-11-22 01:07:04
003100,선광,KOSDAQ,661377.407822419,6.1205535442337355,27.23035189745751,0.22476953538030517,920864,526666,1.7484781626305856,66207.22088622062,64003.757354818525,⬆️,2025-11-22 01:07:04
036170,에이치엠넥스,KOSDAQ,55632.28640662028,81.49520336179353,38.94856638358173,2.0923800521743154,891246,451243,1.975091026342791,87978.34399339992,87052.18704338369,➡️,2025-11-22 01:07:04
026040,제이에스티나,KOSDAQ,84177.1597952667,80.24948475440546,16.291411885687822,4.925876610173087,851632,671649,1.2679718126580997,76552.68757104622,73090.50960680893,⬆️,2025-11-22 01:07:04
036180,지더블유바이텍,KOSDAQ,353484.5118430512,71.56592225700032,31.48792476856156,2.272805298634789,921985,644681,1.43014141877921,93353.48581702683,89649.37652430519,⬆️,2025-11-22 01:07:04
037230,한국팩키지,KOSDAQ,224494.94698475391,98.22559831612129,7.159459070330606,13.719695489729991,695346,387805,1.7930300021918233,13469.898201754388,13643.808925912515,➡️,2025-11-22 01:07:04
037460,삼지전자,KOSDAQ,374588.61936853954,44.777522802047585,3.208883925589439,13.954235753112327,915489,360144,2.5420081967213113,92802.57780503704,90171.79190181973,➡️,2025-11-22 01:07:04
037400,우리엔터프라이즈,KOSDAQ,878129.8749467637,79.74567823864892,21.599314480928534,3.6920467225504616,215167,336255,0.6398923436082735,87686.39965563137,90036.70885694787,➡️,2025-11-22 01:07:04
003220,대원제약,KOSPI,619466.2854796996,41.57096021619538,14.411679074986038,2.8845327459691337,448107,392156,1.1426753638858005,39849.91100009743,39502.958975150614,➡️,2025-11-22 01:07:04
036460,한국가스공사,KOSPI,769420.4164950147,32.4703233175061,2.346055036761803,13.840392833377011,548023,991350,0.5528047611842437,13881.471457644591,14497.471122024186,⬇️,2025-11-22 01:07:04
033640,네패스,KOSDAQ,748111.1181690197,29.867393750493218,9.193128999929955,3.2488822631250778,475601,87895,5.41101314067922,60541.71449811582,63467.794263021424,⬇️,2025-11-22 01:07:04
037330,인지디스플레,KOSDAQ,97250.0979315606,74.30591770464278,30.309384523022864,2.451581214003219,780848,178883,4.365132516784714,71500.09384883146,70871.10114252979,➡️,2025-11-22 01:07:04
036090,위지트,KOSDAQ,96878.90240267407,87.99569925830252,25.330504752425657,3.4739023212664573,413949,511901,0.8086505007804243,38920.72920331652,39000.42275247774,➡️,2025-11-22 01:07:04
036200,유니셈,KOSDAQ,868647.4745785819,48.084661429477684,36.349223439468865,1.3228525090653298,136932,983464,0.13923437970276492,88388.02505883382,90989.04062220115,➡️,2025-11-22 01:07:04
024800,유성티엔에스,KOSDAQ,880808.9967212555,78.09761136406982,6.895330556141422,11.326159163538737,308988,997959,0.3096199342858775,82928.85968669763,81764.04304590856,➡️,2025-11-22 01:07:04
027050,코리아나,KOSDAQ,431236.48439267254,95.35106836522536,5.108722305140024,18.66436707066463,431677,621282,0.6948165245411906,44976.65059288382,45236.471183632704,➡️,2025-11-22 01:07:04
035290,골드앤에스,KOSDAQ,421110.573897717,41.55528849810929,11.850692952109155,3.5065703470710035,700667,89409,7.836649554295429,45864.61248430466,45966.71750263973,➡️,2025-11-22 01:07:04
036120,서울평가정보,KOSDAQ,375252.37078831566,75.87644733501018,26.244639939309103,2.891121673243563,544902,988560,0.5512078174314153,19547.12012654828,19595.187379419127,➡️,2025-11-22 01:07:04
027040,서울전자통신,KOSDAQ,75970.71681270156,6.403867504303122,32.661534173433836,0.19606756591096952,179220,493532,0.3631375473120284,31580.365061234406,30794.894323879435,➡️,2025-11-22 01:07:04
027830,대성창투,KOSDAQ,66554.06643154533,54.73988245323504,47.20856444559403,1.1595328749367195,916913,113190,8.100653768000706,75040.31307723449,73215.78954832377,➡️,2025-11-22 01:07:04
036000,예림당,KOSDAQ,657359.5925349096,69.42407754760049,11.784445191908352,5.891162156303269,504775,422303,1.195291058789542,3175.477766757219,3128.1537960593496,➡️,2025-11-22 01:07:04
007120,미래아이앤지,KOSPI,787080.8494789783,27.328903936019955,15.647922403661653,1.7464876953649082,590626,22167,26.644381287499435,59037.935988767276,58441.941775857325,➡️,2025-11-22 01:07:04
035760,CJ ENM,KOSDAQ,822155.8641958124,90.58034016201246,1.8363456899087,49.32640986922019,88545,878989,0.1007350490165406,95454.76977154425,100135.41297544679,⬇️,2025-11-22 01:07:04
035810,이지홀딩스,KOSDAQ,584267.0536014886,66.6774378532805,13.873209068366503,4.806201472543036,559112,546608,1.0228756256769018,22835.39308349564,21938.94717335571,⬆️,2025-11-22 01:07:04
035460,기산텔레콤,KOSDAQ,136082.40525360784,89.83810946918749,2.532980725671856,35.46734823470026,444228,16371,27.135055891515485,98961.15399340022,103871.3903074173,⬇️,2025-11-22 01:07:04
000850,화천기공,KOSPI,999055.1355257618,70.50000818404187,1.8942224010966162,37.218442851920415,842815,336759,2.502724500310311,47566.48494313137,45292.33800133299,⬆️,2025-11-22 01:07:04
036580,팜스코,KOSPI,513976.3816513089,88.56655263044468,39.478009850049304,2.243440157364824,339824,279661,1.2151283160683828,84228.95541995009,86553.44429407304,➡️,2025-11-22 01:07:04
033780,케이티앤지,KOSPI,448130.53572558385,24.83737088010989,31.067572546360427,0.7994628754160451,296364,598354,0.49529876962467034,34352.7778412038,33706.830430254726,➡️,2025-11-22 01:07:04
009540,HD한국조선해양,KOSPI,453240.2832631599,60.195483927189976,24.407101398648518,2.4663102325835036,246359,189189,1.3021845878988736,35936.73031149121,34598.97707179864,⬆️,2025-11-22 01:07:04
024090,디씨엠,KOSPI,935819.2929579184,89.03393598359648,18.088842580666483,4.922036088630499,480892,265657,1.8101988654543264,20193.803209060105,19616.298574617373,➡️,2025-11-22 01:07:04
035620,바른손이앤에이,KOSDAQ,285742.6372901023,20.425209135894274,13.958867271899507,1.4632425925427426,170838,714440,0.239121549745255,69735.66572195338,72085.7714837852,⬇️,2025-11-22 01:07:04
035610,솔본,KOSDAQ,567487.1831488227,20.48132232378089,16.99384172767235,1.2052202587264076,130722,405882,0.3220689757121528,10584.083535055845,10568.163946491613,➡️,2025-11-22 01:07:04
020710,시공테크,KOSDAQ,628016.6503646908,98.80908929922774,49.8006056652134,1.9840941285629308,483936,871052,0.5555764753424595,32993.06402760337,34121.42798088747,⬇️,2025-11-22 01:07:04
012790,신일제약,KOSDAQ,384346.1508448772,41.65190190541812,37.6927012858376,1.1050389195923223,683145,197565,3.4578240072887403,26075.347392142026,25460.303082354734,➡️,2025-11-22 01:07:04
034940,조아제약,KOSDAQ,341623.3316914701,0.46571977945153953,20.19347966803028,0.023062879063327223,360988,404530,0.8923639779497194,12767.404667526142,12499.047742354438,➡️,2025-11-22 01:07:04
006840,AK홀딩스,KOSPI,418577.80778381944,42.07477676470795,15.198320934947898,2.768383227647126,380812,525938,0.724062532085531,32256.413110159523,32092.74666712857,➡️,2025-11-22 01:07:04
035000,HS애드,KOSPI,693320.8770793749,47.68792809415484,26.828693780303976,1.7774972007457355,187129,562784,0.3325058992437596,42172.94080728782,41452.395961928036,➡️,2025-11-22 01:07:04
006650,대한유화,KOSPI,96207.18965718483,19.703725512383553,28.621123771370435,0.688432979423858,316208,493500,0.6407456940222898,90451.92840700316,88918.31473038733,➡️,2025-11-22 01:07:04
035150,백산,KOSPI,992431.8566960517,60.51917425660615,39.229556117243476,1.5426933222424293,540666,799728,0.6760623612028089,8573.74971297336,8586.486020210281,➡️,2025-11-22 01:07:04
033250,체시스,KOSPI,154190.01426362194,63.476367293658726,18.610723145510782,3.410741581472093,678623,88552,7.663553618213028,53419.919734396615,51768.24242074204,⬆️,2025-11-22 01:07:04
033230,인성정보,KOSDAQ,646189.770582898,15.29651966913958,48.81347810596734,0.3133667229352709,193108,332339,0.5810572939077268,52383.695946153784,50899.87164409138,➡️,2025-11-22 01:07:04
035080,그래디언트,KOSDAQ,3046.0097075171025,16.094844009960852,4.44036161657627,3.624669655254506,991067,201886,4.909042727083602,98662.65077354739,94430.79640262702,⬆️,2025-11-22 01:07:04
005160,동국산업,KOSDAQ,893231.5967919328,27.672404941334587,17.616775274111824,1.5707985434768925,331078,603040,0.5490149907137172,21068.911402779348,20869.824548513177,➡️,2025-11-22 01:07:04
005990,매일홀딩스,KOSDAQ,44858.653439637674,67.04031773023166,6.365492406929589,10.531835315246056,732036,260975,2.8050043107577354,61183.433453144215,59294.845953472795,⬆️,2025-11-22 01:07:04
034810,해성산업,KOSDAQ,746559.945772903,16.78030361026007,2.357419437808323,7.11808146702167,623615,731954,0.8519866002508354,3817.109950697173,3786.8917109194153,➡️,2025-11-22 01:07:04
033240,자화전자,KOSPI,704384.4095978072,19.067386117903553,24.897615185638454,0.765831826692465,116609,199719,0.5838653307897597,82220.10555156413,84672.42029011075,➡️,2025-11-22 01:07:04
030200,케이티,KOSPI,799534.5419505558,42.055785108864356,28.372193366926414,1.4822888228968918,90627,556675,0.16280055687789105,63819.06831052542,60725.86244428111,⬆️,2025-11-22 01:07:04
019490,엑시큐어하이트론,KOSPI,140472.8811341779,21.09227789001064,23.762345657490247,0.8876345035138413,459191,546691,0.8399461487385013,53469.54056847331,52162.440498149255,➡️,2025-11-22 01:07:04
030000,제일기획,KOSPI,162926.0385361785,27.358381444366998,13.448816504899867,2.0342594037474893,134071,393610,0.34061888671527657,34095.71177065735,34776.64221141709,➡️,2025-11-22 01:07:04
025770,한국정보통신,KOSDAQ,337197.30352337245,39.482755233634336,11.33893033898522,3.4820528968138853,861100,220564,3.904082261837834,24313.446579083415,24147.77153972008,➡️,2025-11-22 01:07:04
033540,파라텍,KOSDAQ,397371.8332624846,64.54806820459676,39.8815462199989,1.6184946252717916,784828,146225,5.367262779962386,66998.14152378483,65498.76523096638,➡️,2025-11-22 01:07:04
033500,동성화인텍,KOSDAQ,769754.3797335477,80.42840608368019,9.628869303481263,8.352840146516659,966780,801799,1.2057635392411314,62009.36791596753,59854.74321698972,⬆️,2025-11-22 01:07:04
026890,스틱인베스트먼트,KOSPI,333477.9764034187,87.04721386978507,16.88164600290972,5.156322662777174,375683,551796,0.6808367585122038,31709.71774120361,31072.28630876292,➡️,2025-11-22 01:07:04
029460,케이씨,KOSPI,567361.5515304978,72.8434666078937,40.40219113350149,1.8029583189484968,843214,995916,0.8466718076624936,85728.58880029255,87292.62842329164,➡️,2025-11-22 01:07:04
030350,드래곤플라이,KOSDAQ,367064.09215807985,34.19361232966089,25.686556290094853,1.3311870981649063,836560,828260,1.0100210078960712,58190.98296448796,57481.078420262274,➡️,2025-11-22 01:07:04
033160,엠케이전자,KOSDAQ,992237.2316822266,69.23463700555824,24.83591032293272,2.787682678239867,406917,428456,0.9497287936217488,18610.700914420315,18003.40799705652,⬆️,2025-11-22 01:07:04
033310,엠투엔,KOSDAQ,816422.9142907662,31.358354016459565,8.37689610253152,3.7434335621021955,345732,387213,0.892872914907299,65854.14772180213,64858.5784792732,➡️,2025-11-22 01:07:04
033320,제이씨현시스템,KOSDAQ,733605.9642392676,26.469120511736783,35.88049129898061,0.7377022876074384,652634,297210,2.1958682413108574,23121.5182962102,23732.933741999965,➡️,2025-11-22 01:07:04
009520,포스코엠텍,KOSDAQ,801748.1608324429,6.403576134588647,19.906528077206882,0.3216822195087243,113122,939158,0.12045044603783389,81564.37997102797,85345.74504205295,⬇️,2025-11-22 01:07:04
013810,스페코,KOSDAQ,752767.8388213066,65.75070567534085,43.64677890729161,1.506427445997775,441799,458295,0.9640057168417723,51643.26544662322,53839.24220766525,⬇️,2025-11-22 01:07:04
033340,좋은사람들,KOSDAQ,903861.0314608548,57.89971811353555,9.97599556265674,5.8039037557586965,62473,561711,0.11121911445565424,35450.32536621619,35667.02766689907,➡️,2025-11-22 01:07:04
024890,대원화성,KOSPI,969822.9911552086,4.363725257584476,32.60593609563401,0.1338322336394687,31039,411343,0.07545770804413834,4154.543680713903,4254.97951433232,➡️,2025-11-22 01:07:04
033200,모아텍,KOSDAQ,132231.76812784738,62.47647579470764,7.910434823267782,7.897982499133815,888083,366307,2.424422683705198,73330.33709764776,70135.21474578037,⬆️,2025-11-22 01:07:04
033290,코웰패션,KOSDAQ,102933.49198185692,37.909906607075506,34.40195407056928,1.101969572115302,199379,353011,0.5647954313038404,10870.555903608247,10874.041035337168,➡️,2025-11-22 01:07:04
015710,코콤,KOSDAQ,222341.22914158096,9.348459030954581,47.537359853758026,0.19665499009019002,218237,456851,0.4776984180837954,43605.854105379025,42136.6766474181,⬆️,2025-11-22 01:07:04
017940,E1,KOSPI,776849.2685115827,45.471712729426464,28.179761708764467,1.6136301363855698,64243,308884,0.2079842270884863,92453.51313327969,95836.89066155434,⬇️,2025-11-22 01:07:04
018670,SK가스,KOSPI,547087.3766074275,54.57901239761012,30.889735712878977,1.7668980047263494,577147,50657,11.393232919438578,96448.65414954019,94960.25598883683,➡️,2025-11-22 01:07:04
023590,다우기술,KOSPI,598109.3703155697,77.62637214064006,13.413072208416908,5.787367050177238,367653,455005,0.8080196920912956,32032.622854798992,30935.487683668278,⬆️,2025-11-22 01:07:04
014440,영보화학,KOSPI,376293.2113899045,36.299891898905365,19.423215336925196,1.8688920072824482,326533,117882,2.7699988123716937,33518.40068096388,32114.51006500674,⬆️,2025-11-22 01:07:04
033100,제룡전기,KOSDAQ,338549.6750682231,92.51560762794114,5.811082445724765,15.920546385640288,792332,183558,4.316521208555334,52313.14609233703,54265.33119326735,⬇️,2025-11-22 01:07:04
033050,제이엠아이,KOSDAQ,671531.5830893753,42.59040863311689,17.69937482960143,2.4063227680723664,570090,598207,0.9529978753174069,40066.762916874955,41032.14103890305,➡️,2025-11-22 01:07:04
033130,디지틀조선,KOSDAQ,505318.6397760924,16.027036373086087,14.78802617000818,1.0837846909948512,19398,189393,0.10242194801286214,23149.763903196683,22662.34046826638,➡️,2025-11-22 01:07:04
032980,바이온,KOSDAQ,368560.7098376584,8.898535454591473,41.639873810278935,0.2137022675701491,894451,851924,1.0499187720970415,32899.55124711896,31389.65833234623,⬆️,2025-11-22 01:07:04
019210,와이지-원,KOSDAQ,62031.042695838216,83.08533361952664,46.37439054942065,1.7916210355580535,203796,409984,0.4970828129878239,39460.07565877323,38433.45376932305,➡️,2025-11-22 01:07:04
026150,특수건설,KOSDAQ,311103.41738355765,63.588571195958096,46.42293641152817,1.3697662429679307,947726,532616,1.7793795154482779,95817.04289852809,98093.63806780973,➡️,2025-11-22 01:07:04
031310,아이즈비전,KOSDAQ,402190.1733804326,82.26270281520243,23.1337513882264,3.5559603557021404,432763,406161,1.065496194858689,21410.59408381638,20551.203648934796,⬆️,2025-11-22 01:07:04
011790,SKC,KOSPI,275122.29098462214,52.79423725475403,9.085902710660852,5.810565987329849,340340,251071,1.355552811754444,29382.03631483139,28833.582869452868,➡️,2025-11-22 01:07:04
032960,동일기연,KOSDAQ,546324.1317198174,83.58448111898832,17.379618747121775,4.809339165327242,798301,549668,1.4523330446742397,82615.00660663587,83074.51172646001,➡️,2025-11-22 01:07:04
032680,소프트센,KOSDAQ,671691.7866083938,21.068502844764335,31.599106238149503,0.6667436314805765,253843,597773,0.42464781781713123,37247.25117264172,38044.35167741478,➡️,2025-11-22 01:07:04
032940,원익,KOSDAQ,743573.3172406855,28.401426504219156,22.70433729870349,1.2509251483786312,682481,527116,1.2947453691407584,76116.06041717317,73707.54883318837,⬆️,2025-11-22 01:07:04
008290,원풍물산,KOSDAQ,476219.4592605334,20.295447276035006,26.573744601071482,0.7637405860827259,581430,864412,0.6726306437208183,44110.34943010059,43467.92411382044,➡️,2025-11-22 01:07:04
010600,웰바이오텍,KOSPI,90983.74738705286,78.3786560170985,23.36743778458331,3.3541827195452685,97437,348074,0.279931853571367,47335.787322772485,47173.293991565435,➡️,2025-11-22 01:07:04
025890,한국주강,KOSPI,783826.7765226404,41.44399213146356,18.09321174668651,2.290582385907985,73257,246573,0.29710065578956335,41697.118468500026,40388.33556783031,⬆️,2025-11-22 01:07:04
032750,삼진,KOSDAQ,317161.6675934276,15.313413459003513,3.3886666017376745,4.519008583243612,563635,221082,2.54943866981482,81439.61210506732,80371.26131233653,➡️,2025-11-22 01:07:04
032860,더라미,KOSDAQ,57676.30745619967,30.929138593457807,13.089957162899411,2.362814347561015,493413,301287,1.6376843342062553,40151.63547458883,38540.80450103306,⬆️,2025-11-22 01:07:04
032850,비트컴퓨터,KOSDAQ,824367.5250166337,38.92856847409667,32.50672776956429,1.197554203242354,746113,829421,0.8995588488837394,52399.20303230661,50341.75948469434,⬆️,2025-11-22 01:07:04
032790,엠젠솔루션,KOSDAQ,985311.9797175265,54.43628531508464,25.380072370426213,2.1448435812387907,505669,419005,1.2068328540232216,55039.815292500185,53496.23020647454,➡️,2025-11-22 01:07:04
032800,판타지오,KOSDAQ,8277.600380964714,4.941428554618147,25.80045177616956,0.19152488481547714,860701,349999,2.459152740436401,83134.52037477761,86864.99158210085,⬇️,2025-11-22 01:07:04
024900,디와이덕양,KOSPI,234192.8488397669,28.463693712732557,17.23413614339569,1.6515880735710768,761986,327795,2.3245809118503944,15175.935628758718,15735.701359634315,⬇️,2025-11-22 01:07:04
023960,에쓰씨엔지니어링,KOSPI,529164.0689196677,90.95684774129035,9.062546978476764,10.036565653928164,360710,536763,0.6720098069352768,95318.20599509713,99063.41482410788,⬇️,2025-11-22 01:07:04
023800,인지컨트롤스,KOSPI,622529.0376368042,33.443848161826594,10.147542195840527,3.2957584719909034,202858,738782,0.27458438348525005,77035.43168422807,78021.8907272081,➡️,2025-11-22 01:07:04
032620,유비케어,KOSDAQ,780250.4281061438,54.70782073798158,2.4114230186753476,22.686944726949605,531379,662143,0.8025139584651654,78105.00771408551,75474.79446498584,⬆️,2025-11-22 01:07:04
032580,피델릭스,KOSDAQ,503355.3689134217,26.098106406513548,37.06475290822128,0.704121958431423,416037,169607,2.452947107135908,21546.55181304979,20658.071038062528,⬆️,2025-11-22 01:07:04
032540,TJ미디어,KOSDAQ,595406.7522939339,15.839483705676122,9.88181847939166,1.6028915870807643,884803,969016,0.9130943142321696,84102.6637608992,79966.19172411808,⬆️,2025-11-22 01:07:04
028080,휴맥스홀딩스,KOSDAQ,135844.68669571396,25.439365920676323,41.567167295000694,0.6120062437773076,662702,896021,0.7396054333547986,81575.75426945511,80478.34116884174,➡️,2025-11-22 01:07:04
032280,삼일,KOSDAQ,722767.352063718,12.715492639949462,12.4318106810783,1.0228190378818218,552949,841611,0.6570125628110849,2927.9666614618386,2927.056092570919,➡️,2025-11-22 01:07:04
012320,경동인베스트,KOSPI,927432.1560458473,39.07014254895549,12.162688432181051,3.2122949434090953,445339,207907,2.1420106105133545,44758.03801723354,42707.74563010828,⬆️,2025-11-22 01:07:04
012340,뉴인텍,KOSDAQ,520612.44748408924,13.007161325327086,43.17588304897511,0.30125987951590594,999278,591060,1.6906540791121036,26045.3844718565,26713.42577831634,➡️,2025-11-22 01:07:04
031820,아이티센씨티에스,KOSPI,575579.43292668,27.905950819839493,32.968081758104766,0.8464535796954333,251137,916324,0.2740700887459021,79332.38325312073,76077.79959604183,⬆️,2025-11-22 01:07:04
025530,에스제이엠홀딩스,KOSPI,195862.6100602993,65.35323121439737,13.735182464937463,4.758089772831782,80283,669907,0.1198420079205024,88766.69464030862,91846.53193549404,⬇️,2025-11-22 01:07:04
031510,오스템,KOSDAQ,578494.6975742097,83.73969151537781,46.93729829224265,1.7840756618328308,100112,847296,0.11815469446332805,46912.287812615985,45569.32978320961,➡️,2025-11-22 01:07:04
031860,디에이치엑스컴퍼니,KOSDAQ,366437.23747954745,16.528744560103235,2.1075403518584253,7.842670507128472,973697,939770,1.036101386509465,25027.20546077472,25645.51758416148,➡️,2025-11-22 01:07:04
031980,피에스케이홀딩스,KOSDAQ,68196.898398186,55.72294784748129,18.548331680475716,3.0042026855782504,872681,597455,1.4606639830614858,97866.99708658179,97220.58252351041,➡️,2025-11-22 01:07:04
000660,SK하이닉스,KOSPI,630196.6359381668,72.038244905004,23.29368884326884,3.0926078471173897,894913,161345,5.546580309275155,43488.61326188862,44958.78556932506,⬇️,2025-11-22 01:07:04
015360,INVENI,KOSPI,469363.9073771046,47.073917239500624,19.783865748444633,2.3794094560716212,110377,847361,0.13025971221238647,16682.122768562298,16767.696580328597,➡️,2025-11-22 01:07:04
023150,MH에탄올,KOSPI,417271.3535484457,54.77286730253651,9.243393598658766,5.925623172693215,534263,103273,5.17330764091292,30255.427934835017,30981.94541351743,➡️,2025-11-22 01:07:04
023450,동남합성,KOSPI,631959.0335266565,51.385315777671906,30.8202719350916,1.667257053600659,867087,935783,0.9265898183660101,17387.172011020528,17292.691218588498,➡️,2025-11-22 01:07:04
028050,삼성E&A,KOSPI,120761.98677870793,31.0960050996171,44.33246587577982,0.7014273734907626,506411,189698,2.6695642547628338,26901.92516458087,26688.287851781333,➡️,2025-11-22 01:07:04
029530,신도리코,KOSPI,821878.800883542,20.332969657211105,32.77721317945746,0.6203385731998239,415603,422622,0.9833917779954664,62563.20257034731,61365.56266578968,➡️,2025-11-22 01:07:04
005320,온타이드,KOSPI,165671.08340390128,5.856912115732115,21.372018736023957,0.2740458067192268,166034,843846,0.19675865027505018,82191.04306944403,78734.72189298573,⬆️,2025-11-22 01:07:04
016800,퍼시스,KOSPI,643421.1993420149,63.80635288452109,40.647069154909985,1.5697651567779412,286611,230392,1.2440145491162888,36394.40290942243,36423.12454293546,➡️,2025-11-22 01:07:04
011560,세보엠이씨,KOSDAQ,916177.1834748492,55.89462963524839,43.62220018301916,1.281334490253578,138460,226044,0.6125356125356125,55440.877311803975,55331.03760917608,➡️,2025-11-22 01:07:04
024740,한일단조,KOSDAQ,279505.87544465833,78.05046324199691,37.59270951563682,2.076212761666768,374141,731981,0.511134851860909,20356.574208983275,20479.659893680746,➡️,2025-11-22 01:07:04
024070,WISCOM,KOSPI,391398.32159399043,77.97125525463724,27.316799299905796,2.854333496344359,93414,191453,0.4879213175035126,90126.57193866056,89345.4943262971,➡️,2025-11-22 01:07:04
030720,동원수산,KOSPI,778918.361555802,42.29618416190263,45.38396253560728,0.9319632266291854,238624,533488,0.44729028581711305,24514.354216002812,25066.12330862787,➡️,2025-11-22 01:07:04
025560,미래산업,KOSPI,862949.5364729872,88.57333184847761,14.341890137971996,6.175847883116071,873707,288589,3.0275131761778864,60485.718236401975,58487.73248502468,⬆️,2025-11-22 01:07:04
030210,다올투자증권,KOSPI,292056.7481933278,56.95984486138287,9.975730331676186,5.7098420834930605,229692,101417,2.264827395801493,16610.00829952127,16969.358607739134,➡️,2025-11-22 01:07:04
030960,양지사,KOSDAQ,303856.12600657734,73.55353395617833,42.4984585488152,1.7307341599623476,634239,442420,1.433567650648705,14000.803369103245,14631.986190790936,⬇️,2025-11-22 01:07:04
012630,HDC,KOSPI,706748.7706019984,54.93973039188683,46.05262550321985,1.192977160184833,532018,652012,0.8159635098740514,95932.90121344414,96503.92016327329,➡️,2025-11-22 01:07:04
017900,광전자,KOSPI,303721.96644629445,81.85867634964228,24.34435652118984,3.3625319395232633,585329,576956,1.0145123718273144,57333.69709860925,57797.57329059546,➡️,2025-11-22 01:07:04
025540,한국단자공업,KOSPI,385421.3131986039,75.22792649066659,47.800990269594905,1.573773389764214,641555,600536,1.0683039817762798,76974.81552906394,77252.6403097043,➡️,2025-11-22 01:07:04
030530,원익홀딩스,KOSDAQ,226494.29308145083,84.53876143916514,48.32357225477778,1.749431126354835,123715,373522,0.3312120838933182,9505.447980569636,9946.717886885861,⬇️,2025-11-22 01:07:04
030520,한글과컴퓨터,KOSDAQ,72968.03533445415,74.12091063354015,40.78683729505418,1.8172752669530488,412810,63048,6.547551072198959,47200.66558117412,46699.32556941373,➡️,2025-11-22 01:07:04
021880,메이슨캐피탈,KOSDAQ,372969.69494895753,81.519172418122,18.584986525620323,4.386291714860476,487650,271825,1.7939851007081762,22097.94376842857,22753.56927960257,➡️,2025-11-22 01:07:04
029480,광무,KOSDAQ,191710.3852514805,33.99487726718805,35.55826100388101,0.9560331778732847,303079,752168,0.4029405664691931,16583.69372679908,17259.010277657755,⬇️,2025-11-22 01:07:04
021040,대호특수강,KOSDAQ,757671.810620473,40.77264416271723,2.243096430190917,18.176946659064022,576789,523722,1.1013266580361336,40008.15214900217,39585.84737108182,➡️,2025-11-22 01:07:04
003160,디아이,KOSPI,787799.0630708265,32.67028907134508,25.02748148054038,1.3053766155714555,945806,474540,1.9931006869810763,56282.0478803527,57006.525084469635,➡️,2025-11-22 01:07:04
011930,신성이엔지,KOSPI,868292.8552656869,97.41336064070347,30.016529681823453,3.245323882317157,102682,849323,0.12089864515620088,26921.83064639556,28048.283232428606,⬇️,2025-11-22 01:07:04
019180,티에이치엔,KOSPI,800085.1757737705,28.378760630609428,38.7817248933384,0.7317560193276523,356767,668060,0.5340343681705236,75217.64307634984,78664.45834510971,⬇️,2025-11-22 01:07:04
018880,한온시스템,KOSPI,522824.30932091555,11.342085351231534,36.038780398802906,0.3147189007430529,300661,67340,4.464820314820315,54650.162239841746,54214.46716585285,➡️,2025-11-22 01:07:04
028300,HLB,KOSDAQ,32122.521604717687,7.383283974562417,37.45464010713268,0.19712601572044955,868289,354963,2.446139456788454,11978.455948370562,11517.309888722299,⬆️,2025-11-22 01:07:04
027710,팜스토리,KOSDAQ,545358.0622927032,8.363213332012183,16.20963251916192,0.5159409580769806,138916,238275,0.5830070296925821,68825.52484186657,65575.53851294033,⬆️,2025-11-22 01:07:04
006740,블루산업개발,KOSPI,301545.5604838698,7.399311291555842,11.875023421555875,0.6230986692728879,276326,513737,0.5378744376986668,76799.47185968095,76476.95208631606,➡️,2025-11-22 01:07:04
021820,세원정공,KOSPI,108191.15372473611,94.15516555054442,23.80336467057565,3.955540187431301,317380,606056,0.5236809799754478,90576.41447356563,89020.48201693168,➡️,2025-11-22 01:07:04
000910,유니온,KOSPI,502421.6291147362,24.99446711295743,47.889653549519686,0.521917893749476,95057,16005,5.939206497969384,37207.792714990836,38039.63784294464,➡️,2025-11-22 01:07:04
020120,키다리스튜디오,KOSPI,599198.1481313151,28.75084744880733,31.74904770543204,0.9055656634352615,828801,732348,1.131703780170083,1018.3968166420125,1035.5091969880348,➡️,2025-11-22 01:07:04
027970,한국제지,KOSPI,713729.2013082765,50.65732251562123,49.57371574701064,1.0218584940080053,263002,510974,0.5147072062374993,86911.09716678034,83013.23726950724,⬆️,2025-11-22 01:07:04
020000,한섬,KOSPI,237522.65475649937,88.22226146072468,1.3345490436046856,66.1064214039162,223304,67903,3.288573406182348,50307.38614666528,52432.69420506673,⬇️,2025-11-22 01:07:04
017800,현대엘리베이터,KOSPI,302050.0560515115,66.46406299808434,25.59322592743646,2.5969396427995233,946441,747548,1.2660605071513802,36592.76880492973,38320.55150580261,⬇️,2025-11-22 01:07:04
016580,환인제약,KOSPI,876039.4333922799,64.92834727129889,29.483496951197306,2.202192887050401,374336,547843,0.6832906507886384,81111.54385329074,77595.41919083922,⬆️,2025-11-22 01:07:04
023600,삼보판지,KOSDAQ,410381.35917479737,18.975246090609268,26.35361735173175,0.7200243457038116,844011,941528,0.8964268720632843,64775.6750299333,64962.58752273402,➡️,2025-11-22 01:07:04
018310,삼목에스폼,KOSDAQ,19331.377895845402,34.28859244438921,2.766383908626238,12.394733911468066,199808,505425,0.3953267052480586,41145.89773720903,42099.2330964076,➡️,2025-11-22 01:07:04
003800,에이스침대,KOSDAQ,568945.5112342504,76.42837478557983,29.300786323268984,2.6084069533958156,732527,410211,1.7857322207351827,91410.63626581203,93364.23852354658,➡️,2025-11-22 01:07:04
014190,원익큐브,KOSDAQ,863105.6586562272,50.3402820071902,41.91951081181997,1.2008795196387607,445076,930014,0.4785691398194006,34157.395918353395,32726.726595695163,⬆️,2025-11-22 01:07:04
013580,계룡건설산업,KOSPI,6272.267648842966,25.607465367723623,28.10978324189131,0.9109805346901948,441957,789753,0.5596142084930351,42466.584712638716,41636.97077667298,➡️,2025-11-22 01:07:04
021050,서원,KOSPI,615377.3660404348,58.57631003917256,28.013858591077778,2.0909761448509885,26491,250664,0.10568330514154406,40239.85011471667,40131.19521973505,➡️,2025-11-22 01:07:04
012750,에스원,KOSPI,238747.5739528421,33.29438935030337,12.488396719402239,2.66602591977051,349859,304500,1.1489622331691298,69199.78207227295,67103.9452135972,⬆️,2025-11-22 01:07:04
015890,태경산업,KOSPI,340571.53827529226,77.79391205922907,5.762105837589274,13.500951605529023,62537,453572,0.13787667669080103,31554.253901276483,30078.166293196646,⬆️,2025-11-22 01:07:04
012700,리드코프,KOSDAQ,907994.1045699274,56.966492875744436,5.616047979123182,10.143519622251956,264673,273834,0.9665454253306748,20922.51208943168,20176.76003350523,⬆️,2025-11-22 01:07:04
018000,유니슨,KOSDAQ,430156.0853463473,34.88060522535994,49.84941575296422,0.6997194390043743,30389,906457,0.03352503207543215,31126.40315751194,31778.874638968668,➡️,2025-11-22 01:07:04
025980,아난티,KOSDAQ,477066.6714295133,18.80591195909427,12.961450225663178,1.4509110964959215,339876,432049,0.7866607722735153,80765.21916423172,79049.67426934333,➡️,2025-11-22 01:07:04
026910,광진실업,KOSDAQ,895436.5642373146,9.974547457959439,17.70074204073299,0.563510130536109,378048,273471,1.382406178351635,78799.66002687013,76709.5054256058,➡️,2025-11-22 01:07:04
017250,인터엠,KOSDAQ,921026.9427717832,8.825635167236628,40.75238163675064,0.21656734680943504,864261,922086,0.9372889296659964,1295.9799882426396,1312.1507362790937,➡️,2025-11-22 01:07:04
016590,신대양제지,KOSPI,137210.98101829345,95.5284090520298,3.0959899182847455,30.855529757330377,170625,425461,0.4010355825798369,31671.75356540684,30979.863043359277,➡️,2025-11-22 01:07:04
011690,와이투솔루션,KOSPI,189302.84700526381,80.37886438939715,9.040368809279174,8.89110456499242,263602,520428,0.5065100263629166,48831.31963311412,47890.740088937295,➡️,2025-11-22 01:07:04
025860,남해화학,KOSPI,47079.02896963519,39.901683032682456,21.639721878234685,1.8439092358583278,886521,879659,1.0078007500633768,78412.68447584695,79899.7003449894,➡️,2025-11-22 01:07:04
018500,동원금속,KOSPI,719021.9081658132,64.0749626390777,10.04812741809386,6.37680634141807,368649,201938,1.8255553684794343,51095.56335829623,50688.45538965205,➡️,2025-11-22 01:07:04
011300,성안머티리얼스,KOSPI,966602.0396267275,81.50291075206972,31.262069035575557,2.6070862635266137,341271,672906,0.507159989656802,40595.035353140134,42166.539658527305,⬇️,2025-11-22 01:07:04
015750,성우하이텍,KOSDAQ,176681.862706318,24.585953311758743,6.005292466690864,4.094047616852624,181269,33895,5.347956925800266,26387.898962212264,26277.299190502366,➡️,2025-11-22 01:07:04
020180,대신정보통신,KOSDAQ,960982.2048403198,50.58162186284923,9.729874950951816,5.198589099842556,556050,600181,0.9264705147280571,90168.36681559055,86386.3371695501,⬆️,2025-11-22 01:07:04
006730,서부T&D,KOSDAQ,470123.7219590802,30.224991916515847,31.838163085773363,0.9493321532114913,365526,442592,0.8258757501265274,67701.91986171533,66730.48560732706,➡️,2025-11-22 01:07:04
011200,HMM,KOSPI,105128.88956910162,87.52573468978792,2.2385774435193877,39.09881918232144,629092,320699,1.9616275697772678,52836.94961776799,52186.02703980533,➡️,2025-11-22 01:07:04
012610,경인양행,KOSPI,904148.7605561123,0.28223300919281513,44.99951705701302,0.006271911959304685,11943,501010,0.023837847547953133,85142.93088086793,84735.42163348687,➡️,2025-11-22 01:07:04
017810,풀무원,KOSPI,529866.5845607911,94.96181271643674,23.812096487092703,3.9879652246458264,239231,395524,0.6048457236476168,69229.21148793913,70929.22763492881,➡️,2025-11-22 01:07:04
017390,서울도시가스,KOSPI,530224.7618064453,79.14969036920287,25.60997001122516,3.0905811422079217,281640,758606,0.37125991621474125,53788.150953019634,55558.81635734128,⬇️,2025-11-22 01:07:04
025820,이구산업,KOSPI,779559.1031565592,18.225852901514617,43.495632055783986,0.41902719974593333,168837,968287,0.1743666908674804,12932.485466385513,12784.816308352918,➡️,2025-11-22 01:07:04
025950,동신건설,KOSDAQ,112176.56678832312,60.67050848615184,41.73830400167819,1.453593046897939,910612,958689,0.9498513073582778,57117.75252146586,58126.17575930126,➡️,2025-11-22 01:07:04
025900,동화기업,KOSDAQ,26331.4832437679,87.84802985348874,5.656846220971336,15.529506446156207,528482,524883,1.006856766174557,96033.49943932453,100033.94309100894,⬇️,2025-11-22 01:07:04
011090,에넥스,KOSPI,102144.2539858072,86.12563866952875,21.03185105583347,4.09500991809471,684852,584639,1.171410049620364,87867.35803854626,91447.8652695613,⬇️,2025-11-22 01:07:04
007460,에이프로젠,KOSPI,94758.88837111951,71.34551879310224,36.93591832480751,1.9316026791510417,483002,384719,1.2554669771963434,92732.0077898487,90559.91765998014,➡️,2025-11-22 01:07:04
025620,제이준코스메틱,KOSPI,385111.4212301371,32.48578147230758,26.15902199511968,1.2418576458389095,73967,132545,0.5580519823456185,83348.26710628114,84040.75516172645,➡️,2025-11-22 01:07:04
017960,한국카본,KOSPI,418072.42649087,20.00157651449831,39.52553214853639,0.5060419285269245,701844,695065,1.0097530446792746,55927.10372263637,56939.70052992366,➡️,2025-11-22 01:07:04
025870,신라에스지,KOSDAQ,304171.8757362111,17.847942414260526,7.823411392361147,2.281350362284083,624564,164070,3.8066922654964346,40419.865855697266,41561.91876910789,➡️,2025-11-22 01:07:04
025880,케이씨피드,KOSDAQ,387999.82008204464,44.47890075461353,1.8507637779517536,24.03272707435331,621644,626988,0.9914767108780391,86601.37389417848,84347.96040781104,➡️,2025-11-22 01:07:04
002680,한탑,KOSDAQ,642230.7363863859,22.833003176938742,19.131150380111112,1.193498703594746,225894,164515,1.37309059964137,58882.60107522975,56361.91697231696,⬆️,2025-11-22 01:07:04
025550,한국선재,KOSDAQ,963952.5839750401,31.34224537627127,31.76902036723928,0.9865663156737402,184304,871497,0.2114797870790146,76245.98038855846,73376.37426231171,⬆️,2025-11-22 01:07:04
025440,DH오토웨어,KOSDAQ,193690.99129239056,2.6690737065859302,28.381317994860392,0.0940433318519343,433894,984479,0.44073464238444904,49162.0847740021,48597.639273674045,➡️,2025-11-22 01:07:04
025320,시노펙스,KOSDAQ,873262.3923409985,7.6800978561118125,34.05362207753421,0.2255295439241546,310750,451288,0.6885846732020351,55164.78662518096,52826.78674990971,⬆️,2025-11-22 01:07:04
024940,PN풍년,KOSDAQ,937784.9093871389,60.864541452316665,22.273663561878223,2.7325788271529534,99141,418213,0.23705862801969332,46115.62200271636,47059.57486459724,➡️,2025-11-22 01:07:04
024950,삼천리자전거,KOSDAQ,363883.1926481698,7.867649963194618,22.99432506247414,0.34215615991418347,32431,767563,0.04225190635817516,82862.16772508463,81279.48723953127,➡️,2025-11-22 01:07:04
014100,메디앙스,KOSDAQ,581406.6524677057,89.34990517025342,13.295561150999102,6.720280863327019,927235,288723,3.2115037596589118,23688.64584896886,24447.10170064498,⬇️,2025-11-22 01:07:04
024840,KBI메탈,KOSDAQ,435644.126203839,10.995570406215384,48.19682615855528,0.22813888968627846,787520,192814,4.084350721420644,38438.992960488016,37700.62657342084,➡️,2025-11-22 01:07:04
024910,경창산업,KOSDAQ,984483.9517446661,4.952456820597428,39.48207569328645,0.12543557383026716,533421,891082,0.5986216756707015,37720.62219015474,39074.00638765605,⬇️,2025-11-22 01:07:04
004780,대륙제관,KOSDAQ,220364.29604578976,38.95746482442491,17.57842282339587,2.2162093389046693,796305,266090,2.9926152805441766,71704.79748283187,68235.13713008647,⬆️,2025-11-22 01:07:04
013120,동원개발,KOSDAQ,632665.7940843849,44.68210836737364,33.13504928274212,1.3484847415224948,221778,419653,0.5284794818576299,77258.04138729791,77702.54193609662,➡️,2025-11-22 01:07:04
024830,세원물산,KOSDAQ,817167.8449018965,56.32757215188619,22.80536818986661,2.469926014038875,156058,48508,3.217160056073225,26668.698488148442,26570.220882513448,➡️,2025-11-22 01:07:04
024880,케이피에프,KOSDAQ,880309.9392247701,47.842995095791736,38.41769556186835,1.2453374518194296,982203,741756,1.324159157458787,50112.79960261353,48485.97500769279,⬆️,2025-11-22 01:07:04
025000,KPX케미칼,KOSPI,524070.89036313776,99.33309730795196,49.104551370110045,2.0228898245960973,906968,785046,1.1553055489742003,20861.279848169088,21493.925162988613,➡️,2025-11-22 01:07:04
007980,TP,KOSPI,536515.3864136385,2.4269553129972548,6.305302279526195,0.38490705209768716,613522,331215,1.8523376054828435,29787.11119142729,30906.80498486748,⬇️,2025-11-22 01:07:04
010580,에스엠벡셀,KOSPI,581924.7408526397,88.76076750514919,15.253273743937253,5.819128994549717,199647,69488,2.8731147824084733,55124.74456056489,57402.11506342508,⬇️,2025-11-22 01:07:04
024120,KB오토시스,KOSDAQ,512508.00448531756,84.142667991742,9.38608707574256,8.964616172078847,905249,835152,1.083933224131655,4039.124286700072,3908.3591857369997,⬆️,2025-11-22 01:07:04
017000,신원종합개발,KOSDAQ,255176.02252316306,48.57434123529807,30.801394737768444,1.5770175879645012,390356,870607,0.4483722276526607,25310.706539021743,25588.862596246352,➡️,2025-11-22 01:07:04
024060,흥구석유,KOSDAQ,40001.962820209825,85.35155059456298,16.823327582596846,5.073404781278599,277366,496506,0.5586357465972214,59910.23102968599,61428.844950556275,➡️,2025-11-22 01:07:04
023910,대한약품,KOSDAQ,705709.0860238603,6.309223527282583,6.7590490291654355,0.9334484037707308,752405,733454,1.02583802119833,84411.60437976541,88622.64762021626,⬇️,2025-11-22 01:07:04
001840,이화공영,KOSDAQ,684539.2151331364,66.91756913811412,7.358024607912681,9.094501949090008,444881,215612,2.0633406303916293,38742.91542221179,40311.10277632836,⬇️,2025-11-22 01:07:04
023900,풍국주정,KOSDAQ,725192.3373369857,72.94316842914876,47.09016657687332,1.5490106264557626,171289,673364,0.2543780184268835,92033.62765782142,88254.38929419834,⬆️,2025-11-22 01:07:04
017650,대림제지,KOSDAQ,680816.367915176,5.798255543598928,36.759140522012856,0.1577364285796263,156801,761070,0.2060270408766605,20120.06856051166,20659.73173354271,➡️,2025-11-22 01:07:04
010170,대한광통신,KOSDAQ,957205.6035097847,47.70475608596641,1.4165355661171348,33.67706200044797,373623,975444,0.3830286515679014,44765.988429452984,44529.71865720469,➡️,2025-11-22 01:07:04
023790,동일스틸럭스,KOSDAQ,60788.45528480249,30.230597353736982,37.904863983183105,0.7975387371696969,377922,485633,0.7782049407680285,97973.54748743394,98628.22775197112,➡️,2025-11-22 01:07:04
023770,플레이위드,KOSDAQ,552299.6399771547,43.345519184091934,32.03230530164484,1.3531813828543326,773086,478029,1.6172366111679417,54440.5142377252,54056.26512808209,➡️,2025-11-22 01:07:04
023760,한국캐피탈,KOSDAQ,147538.2329933482,73.91197594369616,48.4159807118176,1.5266028872498987,304745,627310,0.48579649615022874,10680.048987188193,11014.041770064645,⬇️,2025-11-22 01:07:04
005860,한일사료,KOSDAQ,673678.4047861964,9.720701881186429,43.92620792919526,0.2212961769168704,338053,285796,1.1828472056991701,24741.87892989766,25493.790813869884,➡️,2025-11-22 01:07:04
009440,KC그린홀딩스,KOSPI,600449.8500655991,47.217283553133655,6.713559147678694,7.033122448836946,274224,373020,0.7351455686022197,83385.9575568181,82433.53095250276,➡️,2025-11-22 01:07:04
008420,문배철강,KOSPI,960644.3737511877,96.43419926830697,25.02206197271269,3.853966926205816,678560,334451,2.0288771748327856,39100.08640163069,40736.27289446257,⬇️,2025-11-22 01:07:04
016880,웅진,KOSPI,991694.5901314879,0.6360776266836243,43.9235316984979,0.014481477287614761,425280,947641,0.44877754339459774,42468.79640592555,43867.22928162068,⬇️,2025-11-22 01:07:04
012860,모베이스전자,KOSDAQ,734691.9906226883,92.00961575191428,48.302643735550504,1.9048567249373074,509366,637675,0.7987862155486729,33368.50164440241,32059.4869027159,⬆️,2025-11-22 01:07:04
006050,국영지앤엠,KOSDAQ,885773.216861377,49.50015013168643,43.85556681303246,1.128708479421057,908934,602975,1.5074157303370785,28112.347720994603,27900.19864015914,➡️,2025-11-22 01:07:04
023410,유진기업,KOSDAQ,169479.73388981813,22.168685422701323,13.694162598405194,1.6188419893074046,847598,816790,1.0377183853866967,97083.35540957107,101050.43593363317,⬇️,2025-11-22 01:07:04
023440,제이스코홀딩스,KOSDAQ,999098.9325687048,88.54400554663636,22.076019924101626,4.010868166048714,388763,434084,0.8955939403433437,43961.83435863601,42401.085960252065,⬆️,2025-11-22 01:07:04
006910,보성파워텍,KOSDAQ,482657.3816482423,90.08451214406509,23.599813493826183,3.817170511437796,635358,37635,16.882104424073336,88362.62863734247,89251.21589177975,➡️,2025-11-22 01:07:04
018290,브이티,KOSDAQ,985754.8187476201,4.811175662178899,1.3649264319910899,3.5248607905999623,575304,208333,2.7614636183417893,94317.88133109345,90163.69238188422,⬆️,2025-11-22 01:07:04
023160,태광,KOSDAQ,64153.61843399443,95.4595774162744,8.636728373110753,11.052747440046216,629071,726080,0.8663935103569854,15987.142361128725,15904.319346516255,➡️,2025-11-22 01:07:04
014790,HL D&I,KOSPI,247134.4196329884,34.72922126983046,15.534962391550408,2.2355523234945176,643789,955933,0.6734666550898442,15343.512975436312,15900.619353889608,⬇️,2025-11-22 01:07:04
007310,오뚜기,KOSPI,910782.6962425227,79.45443250620103,46.84009069007815,1.6962911756921806,749372,364772,2.0543572423321965,72064.3883065951,69968.33352014238,➡️,2025-11-22 01:07:04
008500,일정실업,KOSPI,505025.44368444773,5.058317499491324,11.839473235552193,0.42724176987046536,975949,884639,1.1032172445483412,16788.29112607272,16557.2881207249,➡️,2025-11-22 01:07:04
007530,와이엠,KOSDAQ,544560.1707990495,99.58255094988714,15.917642963604099,6.256111610091014,787747,532327,1.4798178563176394,17443.30673598393,17849.705301193273,➡️,2025-11-22 01:07:04
010120,엘에스일렉트릭,KOSPI,574083.7942927204,16.90259793539166,4.022261229914806,4.202262600370606,904717,426122,2.123140790665584,97645.97352163275,96406.83609675746,➡️,2025-11-22 01:07:04
001000,신라섬유,KOSDAQ,38753.03436146535,57.547636472092975,26.6006463185608,2.1633924147150774,534982,807459,0.6625500489808152,94663.97589687153,91795.84481964915,⬆️,2025-11-22 01:07:04
012620,원일특강,KOSDAQ,542240.9143858738,47.29180899889578,46.76489121115721,1.0112673797392018,550081,54179,10.153029771682755,97496.25398280763,95766.10376427844,➡️,2025-11-22 01:07:04
011370,서한,KOSDAQ,457228.05615083344,89.89059167368663,12.628329657607878,7.118169552972706,603002,369798,1.6306253684443939,72008.74638383702,71439.18022432778,➡️,2025-11-22 01:07:04
009190,대양금속,KOSPI,374463.71719880693,0.2958427646492723,30.27870318399747,0.009770655065756828,38225,718736,0.05318364462055609,43553.60556984345,41775.220371180796,⬆️,2025-11-22 01:07:04
000760,이화산업,KOSPI,362135.84695707244,73.12486776508766,30.029409652380075,2.435108402448795,959799,300423,3.1948252963321715,84875.02435805727,88815.70883348117,⬇️,2025-11-22 01:07:04
014820,동원시스템즈,KOSPI,610946.1107185677,69.82547916656954,35.929135953391224,1.9434221645950536,433460,655014,0.6617568479452347,48852.207909924226,49478.24888426465,➡️,2025-11-22 01:07:04
018700,바른손,KOSDAQ,987150.6179894259,43.087781944981344,12.429543560635544,3.4665618841741437,313990,404685,0.7758874186095358,82605.99218080193,79834.878339957,⬆️,2025-11-22 01:07:04
014470,부방,KOSDAQ,710512.7790798674,17.368264280639924,35.11530125644149,0.4946067286680025,847849,780525,1.0862547644213831,97176.74037046419,93529.58501393383,⬆️,2025-11-22 01:07:04
010140,삼성중공업,KOSPI,3697.094748870655,12.671680998337413,35.278502997068664,0.35918987263689506,863284,420814,2.051462166182684,48078.09584760666,47341.395130051016,➡️,2025-11-22 01:07:04
009680,모토닉,KOSPI,204733.64702348522,17.303812102828452,25.473270165820132,0.6792929211753344,710367,109930,6.461993996179387,65494.271335100675,63476.76758369937,⬆️,2025-11-22 01:07:04
010690,화신,KOSPI,257528.40506222323,49.99288128365568,36.82776989048402,1.3574778335023052,245355,870839,0.28174553505297767,49568.49674535405,47938.26954070179,⬆️,2025-11-22 01:07:04
007720,소노스퀘어,KOSDAQ,309877.23686342407,43.531805172092476,21.67696428632218,2.0082057892008596,717830,532683,1.3475744485932535,96984.3139572544,99330.36949140338,➡️,2025-11-22 01:07:04
013720,THE CUBE&,KOSDAQ,393602.8173298824,97.55014211246322,21.82084074622802,4.470503370926525,323094,299156,1.0800184519113774,62991.43993357845,62405.98029437646,➡️,2025-11-22 01:07:04
011320,유니크,KOSDAQ,384294.9266832106,51.24714975113156,11.547491181703386,4.43794664527053,134695,915978,0.14705047501140858,81748.28013647035,79559.02671218247,➡️,2025-11-22 01:07:04
018120,진로발효,KOSDAQ,332350.5346214148,25.981692804658376,38.8802581942838,0.6682489780502081,228038,249366,0.9144710987063193,15970.504520986144,15307.662993241767,⬆️,2025-11-22 01:07:04
009620,삼보산업,KOSDAQ,150782.66263353024,82.66292353271322,44.83107286254953,1.8438756481727483,670739,887316,0.7559189736238273,7860.47031935062,8238.15888470189,⬇️,2025-11-22 01:07:04
005670,푸드웰,KOSDAQ,688465.7745339472,77.66128136552001,33.790674039650845,2.2983051854600554,544731,156830,3.4733851941592806,79293.3252962231,79118.50649057633,➡️,2025-11-22 01:07:04
007330,푸른저축은행,KOSDAQ,306886.8122491184,33.81123615451016,47.21648553670608,0.7160896405181474,218386,809137,0.269899905702001,65614.55665035445,62750.35525135704,⬆️,2025-11-22 01:07:04
006140,피제이전자,KOSDAQ,765891.5993852849,86.04364012286929,42.62333195987325,2.018698120641368,621267,295408,2.1030811623246493,45012.08634802432,46958.558910036656,⬇️,2025-11-22 01:07:04
019010,베뉴지,KOSDAQ,320656.4071702833,7.316117716857418,30.751683631608465,0.23790950129759608,214911,402191,0.5343505946179801,99441.12917126392,98415.75076167661,➡️,2025-11-22 01:07:04
009780,엠에스씨,KOSDAQ,11971.918127919329,48.70621451464664,2.3823155436624424,20.444904808776236,842424,535451,1.5732980235353002,83341.6710956493,85805.68298681047,➡️,2025-11-22 01:07:04
000390,삼화페인트공업,KOSPI,540974.6896142929,97.6529034368241,2.615610550769545,37.334649612914816,747735,394130,1.8971785958947556,70669.28996415505,69656.95559448325,➡️,2025-11-22 01:07:04
009450,경동나비엔,KOSPI,590164.3376162043,79.30873412341482,45.83682683935511,1.730240498570486,541698,457777,1.1833228842864538,88782.17720330047,89871.99526626697,➡️,2025-11-22 01:07:04
020400,대동금속,KOSDAQ,707585.7444598345,29.409176300058668,35.435506787525775,0.8299352532587869,521451,539029,0.9673895096553247,17449.02123720909,16659.596196216175,⬆️,2025-11-22 01:07:04
014200,광림,KOSDAQ,812679.8361545017,61.17880429039944,30.400156298015542,2.012450320671314,92576,256614,0.3607597403103494,38958.870854897694,40269.06662653711,⬇️,2025-11-22 01:07:04
005710,대원산업,KOSDAQ,382056.05581852037,59.09844840607001,4.23916745375547,13.941050701763341,110614,186111,0.5943442354293943,77727.52730303508,73880.27496969831,⬆️,2025-11-22 01:07:04
016600,큐캐피탈,KOSDAQ,181200.90135641236,98.72232146025023,22.53353722321437,4.381128470080813,487482,661361,0.7370891237916962,59073.34329702328,57689.05291780385,➡️,2025-11-22 01:07:04
004590,한국가구,KOSDAQ,725918.914787178,69.777728476606,32.958243748265616,2.117155544135387,890216,596686,1.491933780916596,52064.77850004778,53342.86856419029,➡️,2025-11-22 01:07:04
016670,디모아,KOSDAQ,749360.7502388159,35.343627495802956,44.86784526648224,0.7877273197740523,606905,94390,6.429759508422502,29083.738375397574,28265.865888165812,➡️,2025-11-22 01:07:04
000440,중앙에너비스,KOSDAQ,316176.7295226966,21.55422259929566,1.3769680550433057,15.653393352409893,184086,643405,0.2861121688516564,57462.66254130301,57398.833920864694,➡️,2025-11-22 01:07:04
012030,DB,KOSPI,765163.5840428862,52.61057871165531,11.741669644806008,4.480672706962752,666253,391468,1.7019347686145483,21957.11601613779,22159.363475917486,➡️,2025-11-22 01:07:04
005090,SGC에너지,KOSPI,574749.4560057969,43.664088865758615,8.38526964827005,5.207237297940308,70882,446655,0.15869518979973357,75683.74493133798,76982.5069135728,➡️,2025-11-22 01:07:04
014970,삼륭물산,KOSDAQ,222872.34198060606,46.263859397344206,12.142617931673763,3.8100399483595626,408138,154686,2.6384934641790467,64041.56514165722,64826.247247029205,➡️,2025-11-22 01:07:04
005750,대림바스,KOSPI,952764.7455026321,38.59919894320922,15.78207535131292,2.4457619219260747,443061,146945,3.0151485249583176,3902.887991019492,4067.776454034859,⬇️,2025-11-22 01:07:04
011040,경동제약,KOSDAQ,69033.30371255148,34.18877277733282,35.946452130978514,0.9511028418815516,724598,648728,1.1169519428789878,14217.546120720937,13936.374090029343,➡️,2025-11-22 01:07:04
008370,원풍,KOSDAQ,215021.7068325551,34.002640553683094,44.350259197167574,0.7666841450129489,189131,372530,0.5076933401336805,48559.90169003771,50115.420787401905,⬇️,2025-11-22 01:07:04
007390,네이처셀,KOSDAQ,322537.924310987,13.957047325932246,49.73380055744345,0.2806350443660866,224896,893314,0.25175470215400186,34469.31654657949,34989.87889548587,➡️,2025-11-22 01:07:04
002290,삼일기업공사,KOSDAQ,97791.34937301208,87.13473016728229,46.8196853364834,1.8610703925296164,263769,398785,0.6614315984803841,29147.069834098136,30511.63217640598,⬇️,2025-11-22 01:07:04
019540,일지테크,KOSDAQ,429156.06214734144,5.569183934783171,34.08303750462675,0.16340045789719174,330338,911917,0.3622456868333412,98011.59562943903,93720.31439979395,⬆️,2025-11-22 01:07:04
007770,한일화학,KOSDAQ,431795.07582243317,4.774558928415895,15.247846386691759,0.3131300517680389,502866,131989,3.8099084014576974,47826.26642161802,48465.92358007916,➡️,2025-11-22 01:07:04
017890,한국알콜,KOSDAQ,541675.450204354,67.4541932587513,49.50853208788901,1.3624761311647178,626689,653303,0.9592623943254508,73623.84057662773,71375.12705340685,⬆️,2025-11-22 01:07:04
003310,대주산업,KOSDAQ,24252.996799167988,26.202862705297306,16.065049331434594,1.631047758691035,676783,139900,4.837619728377413,75486.21061451084,72302.89754227069,⬆️,2025-11-22 01:07:04
019660,글로본,KOSDAQ,15477.410978932974,6.998252877036374,38.99118757340167,0.17948293736532203,496725,435250,1.1412406662837449,30057.405319891666,31221.232283022688,⬇️,2025-11-22 01:07:04
005880,대한해운,KOSPI,186465.3605194746,16.667953044059573,16.91078995068078,0.9856401204598114,265761,667990,0.3978517642479678,5728.373186959988,5815.024026405547,➡️,2025-11-22 01:07:04
017510,세명전기,KOSDAQ,995255.7193169231,28.31887671643729,42.94049379873934,0.6594911751403447,520852,862675,0.6037638739965804,5989.699688961934,6274.76202435909,⬇️,2025-11-22 01:07:04
005870,휴니드테크놀러지스,KOSPI,869631.3716496844,60.432951605909096,29.730438052891273,2.032696306001183,754307,765139,0.9858430951761706,69348.17500651271,70629.23979688724,➡️,2025-11-22 01:07:04
017550,수산세보틱스,KOSPI,48280.09788038643,86.40482678701235,2.5432654920471633,33.97397049470525,424122,213321,1.9881868170503607,27650.951742578905,28578.832228998723,⬇️,2025-11-22 01:07:04
021080,에이티넘인베스트,KOSDAQ,387408.3448874426,14.27531172005568,1.6697023703141345,8.549614574344739,359288,211289,1.7004576669869231,54532.210363101396,51883.167413919226,⬆️,2025-11-22 01:07:04
011170,롯데케미칼,KOSPI,586055.3422424269,90.85371423112761,45.69142757075697,1.9884192519577788,89480,189271,0.4727612788012955,28943.694045005508,28973.476092921024,➡️,2025-11-22 01:07:04
008830,대동기어,KOSDAQ,795234.8029988531,24.92633618314194,1.1657037948557063,21.38307886887113,250071,178519,1.40080887748643,21761.121113928773,22528.990910615823,⬇️,2025-11-22 01:07:04
001430,세아베스틸지주,KOSPI,116469.78830879243,68.76961836452497,45.23056595545653,1.5204235656093696,549031,697478,0.7871660468143798,38689.63556013942,39606.44316922159,➡️,2025-11-22 01:07:04
008770,호텔신라,KOSPI,787797.6131682132,67.24563183724064,45.82116353790087,1.4675670944413832,777286,480290,1.6183680692914697,66400.35727134488,67949.5975069456,➡️,2025-11-22 01:07:04
014580,태경비케이,KOSPI,864846.9839311866,50.31944715766734,21.122535679967882,2.3822635653251196,131314,948763,0.13840548166401936,52170.46575093837,53116.66074615643,➡️,2025-11-22 01:07:04
013520,화승코퍼레이션,KOSPI,579624.7939435686,77.99783768368127,35.72129870750152,2.1835106926641954,295226,946025,0.31206997700906425,26998.937302773556,27573.669469272834,➡️,2025-11-22 01:07:04
004080,신흥,KOSPI,58567.826540511734,57.374261541928924,22.949378984023745,2.500035472936768,126572,523790,0.24164646136810553,73804.20692049236,76535.64932905119,⬇️,2025-11-22 01:07:04
006060,화승인더스트리,KOSPI,738411.5997334148,20.173187443010356,28.942700207683455,0.6970043326384231,568235,206750,2.748415961305925,50243.24770995686,49271.331662998935,➡️,2025-11-22 01:07:04
014530,극동유화,KOSPI,558775.7588525414,69.83862830618395,23.656177509354073,2.9522363990787825,65501,817896,0.0800847540518599,65457.259768314485,64071.59746307791,➡️,2025-11-22 01:07:04
002140,고려산업,KOSPI,674096.5889096586,8.80462429948673,48.49160695931937,0.18157006648332183,833220,336962,2.472741733489236,29894.20929871984,28994.713730816453,⬆️,2025-11-22 01:07:04
002230,피에스텍,KOSDAQ,916236.5408608593,91.2139468360922,38.59373855896817,2.3634389992232685,966147,254518,3.7959869243039783,25579.127048645267,26814.720592033165,⬇️,2025-11-22 01:07:04
016090,대현,KOSPI,763193.486074772,50.517289187337624,14.627900326486182,3.453488748201811,475579,736696,0.6455566475181079,43082.20481090847,42884.864876997206,➡️,2025-11-22 01:07:04
001620,케이비아이동국실업,KOSPI,494089.0845153234,11.821464151144847,47.75570027433505,0.24754037912198637,728516,777619,0.9368546807626871,92115.27063561142,92820.3103061272,➡️,2025-11-22 01:07:04
017040,광명전기,KOSPI,681466.6714700334,79.74476261536857,4.125108671414974,19.331554382545495,964556,692510,1.3928405365987495,54074.91179270611,55903.16992847102,⬇️,2025-11-22 01:07:04
011390,부산산업,KOSPI,333564.9492919561,62.62763669803607,21.55724160929772,2.9051785860684762,161661,236169,0.684514055612718,3885.8707548962316,3774.7085331780017,➡️,2025-11-22 01:07:04
011810,STX,KOSPI,621427.6539504919,3.7378544831302127,8.200703045175615,0.455796833825016,557011,130625,4.2641990430622005,89944.16221562914,87600.14128482058,➡️,2025-11-22 01:07:04
010130,고려아연,KOSPI,682868.0989581039,64.73745953739888,27.330585272475,2.368681786064671,811878,261588,3.103651543648791,21313.70385413254,20353.152707000612,⬆️,2025-11-22 01:07:04
009730,이렘,KOSDAQ,637826.7922411787,31.14436821571288,2.754924002221146,11.304982711175649,409283,694644,0.5891982080029483,9516.056583680484,9126.048535179161,⬆️,2025-11-22 01:07:04
004720,팜젠사이언스,KOSPI,113879.8866487264,93.88462218914167,37.500190109717856,2.503577232927474,986243,117851,8.368558603660555,94109.52903667265,97355.25378596499,⬇️,2025-11-22 01:07:04
009200,무림페이퍼,KOSPI,837995.832795149,85.80205561723537,23.923071009127803,3.586581989598984,969799,717404,1.3518171072366476,36238.09030711925,36570.24876129549,➡️,2025-11-22 01:07:04
001500,현대차증권,KOSPI,784539.45843881,63.66779441706414,5.5097082272656195,11.555565520147598,349521,344529,1.0144893463249829,70637.02520557969,70512.65144106418,➡️,2025-11-22 01:07:04
008870,금비,KOSPI,236483.4006006556,9.846813171377796,23.24566104848116,0.42359789858594593,613983,726347,0.8453025895336527,24456.84993994153,24110.660030791005,➡️,2025-11-22 01:07:04
008110,대동전자,KOSPI,982597.4526992599,41.88788201257516,25.703272337866405,1.6296711742366505,690251,360870,1.9127414304320116,83523.71663621716,84854.38408359968,➡️,2025-11-22 01:07:04
005820,원림,KOSPI,768313.9502341797,93.34720423913294,16.645390693387366,5.607991182581045,536235,97309,5.510641358969879,86992.18539981276,89521.44179035202,➡️,2025-11-22 01:07:04
008490,서흥,KOSPI,71663.97164353421,70.13079368007061,31.555820083138027,2.222436098802112,823837,230481,3.574424789895913,72133.91842479451,68839.31330292267,⬆️,2025-11-22 01:07:04
014910,성문전자,KOSPI,392455.44901647937,85.3957052839788,5.515033146589378,15.484169000287777,648040,453273,1.429690274955711,57481.856418994284,55234.35292517071,⬆️,2025-11-22 01:07:04
003580,HLB글로벌,KOSPI,516220.72950339114,8.580333572664056,39.875880390046405,0.2151760284346181,939538,974878,0.9637493101700931,39957.39409161747,38957.09724332568,➡️,2025-11-22 01:07:04
015860,일진홀딩스,KOSPI,211657.30175533355,95.32721917158594,29.88271809076632,3.190045125146825,584933,794921,0.7358379008731686,18821.44466390109,18750.55354709751,➡️,2025-11-22 01:07:04
014160,대영포장,KOSPI,539509.0901657244,46.90989478955002,23.736282574330847,1.9762949249803692,555451,466484,1.1907182239905334,33787.624459907594,32986.82691206578,➡️,2025-11-22 01:07:04
012280,영화금속,KOSPI,127990.81685026558,60.03840343952048,40.26912238073937,1.4909290267581474,590874,663879,0.8900326716163638,42226.07303056736,41026.55927574619,➡️,2025-11-22 01:07:04
019170,신풍제약,KOSPI,986836.7864233737,39.08378129930629,44.61579692963763,0.8760076920948933,437343,718657,0.6085559592406391,49510.6946860059,47773.58531299463,⬆️,2025-11-22 01:07:04
002210,동성제약,KOSPI,358171.24659264594,40.88382799215371,2.9596801262125068,13.813596824219182,669676,692416,0.9671584712080599,44946.53129931108,43395.69198196777,⬆️,2025-11-22 01:07:04
016920,카스,KOSDAQ,444041.52652299823,37.14981969967261,24.121717967950993,1.5400984187374729,615426,724353,0.8496216623662772,12618.566297647469,13180.473808395192,⬇️,2025-11-22 01:07:04
012170,아센디오,KOSPI,75907.88379151505,38.131038562175384,43.544224847742335,0.8756853221180348,494277,674280,0.7330441359672539,76778.45729774384,78517.46107604666,➡️,2025-11-22 01:07:04
009420,한올바이오파마,KOSPI,378964.65015272243,27.221906375340982,28.415997885314834,0.9579781954238197,219331,435377,0.5037725924888086,73429.79768268231,74349.03940136981,➡️,2025-11-22 01:07:04
013030,하이록코리아,KOSDAQ,141742.29601172317,11.125770712534083,38.4945754931538,0.28902177956249403,815512,763633,1.0679370849609695,63149.75608673241,62690.03858369478,➡️,2025-11-22 01:07:04
011330,유니켐,KOSPI,273405.697023712,26.366774302871004,13.484151914840183,1.955389888024968,903820,817649,1.1053887426022657,21845.28993067522,22650.356811378744,⬇️,2025-11-22 01:07:04
012800,대창,KOSPI,908069.4615931435,28.662370410593955,6.508532247095672,4.403814765361895,760652,175677,4.32983259049278,70674.72007490708,72222.62719846558,➡️,2025-11-22 01:07:04
001140,국보,KOSPI,799903.3639053626,73.98945863465583,1.9424259973850067,38.091262541926554,593168,636802,0.9314794865594015,65559.4755252483,62334.05366495683,⬆️,2025-11-22 01:07:04
013360,일성건설,KOSPI,314546.05914386327,44.44876695091715,17.950186964217316,2.4762286342489497,967417,831615,1.1632991227911955,31828.55689608111,32258.25180326169,➡️,2025-11-22 01:07:04
013700,까뮤이앤씨,KOSPI,489798.1274555087,74.60737308730172,1.822931323141312,40.92714417717986,670035,106631,6.283679230242613,27076.763710514395,25774.10668052959,⬆️,2025-11-22 01:07:04
002760,보락,KOSPI,779596.3177785593,93.80687046006946,22.780607708050002,4.117838806684724,68995,856277,0.08057556141295398,30038.303451537922,30575.001249379347,➡️,2025-11-22 01:07:04
007610,선도전기,KOSPI,320571.008176249,32.15979689965686,29.91506701010823,1.0750367662151699,264918,348613,0.7599200259313336,64273.76290483253,61604.08962657781,⬆️,2025-11-22 01:07:04
004920,씨아이테크,KOSPI,315131.24968616763,49.573489720640424,44.29066785542665,1.1192761843749552,653842,30839,21.201789941308085,40097.49853966668,39735.58121913197,➡️,2025-11-22 01:07:04
009290,광동제약,KOSPI,200825.69050435795,31.07260741180872,7.780006563311777,3.993905038375931,847808,518864,1.6339695951154831,18703.1423384234,18530.907722768363,➡️,2025-11-22 01:07:04
011420,갤럭시아에스엠,KOSPI,710020.8950789992,11.292671631509986,1.473574946187934,7.663452517785792,650566,541084,1.2023382691042426,59404.01854208951,60748.45305594297,➡️,2025-11-22 01:07:04
004270,남성,KOSPI,176856.33657412344,1.4913046702159563,30.505121596645445,0.048887025920917836,964202,17574,54.86525549106635,87157.62744507681,84281.80087498933,⬆️,2025-11-22 01:07:04
001940,KISCO홀딩스,KOSPI,479313.1974471426,56.73338829297309,38.11687460157999,1.488406090110584,408361,972167,0.42005231611441246,54888.6224131341,55765.48394691877,➡️,2025-11-22 01:07:04
009410,태영건설,KOSPI,834779.6649910753,88.31161008457777,35.473762391450435,2.4894909400944125,282508,572967,0.4930615550284746,52298.59178305792,52011.60741123977,➡️,2025-11-22 01:07:04
007280,한국특강,KOSPI,804247.612990828,96.9246981894983,10.500969457036677,9.230071431599992,823901,722231,1.1407721352309719,58262.36370515876,58006.338989963515,➡️,2025-11-22 01:07:04
009180,한솔로지스틱스,KOSPI,517563.1935957195,9.595061359554233,25.987492486361415,0.36921843708429547,882365,664885,1.3270941591403025,53654.68365776405,53235.02937424983,➡️,2025-11-22 01:07:04
002170,삼양통상,KOSPI,580594.869634073,7.212720308376001,2.2289846581293125,3.2358770537385917,786930,945028,0.8327054859750187,77485.5408814646,80660.2370488319,⬇️,2025-11-22 01:07:04
017670,SK텔레콤,KOSPI,16741.021459168107,71.82811164485707,43.65015041632103,1.6455409880557972,107292,908245,0.11813112100809804,40955.74329366087,40082.761019842095,➡️,2025-11-22 01:07:04
010640,진양폴리우레탄,KOSPI,494083.1352834413,19.10875737993145,23.57853856147255,0.8104301006660038,994859,193643,5.13759340642316,22745.825680794107,22964.044706709792,➡️,2025-11-22 01:07:04
003650,미창석유공업,KOSPI,101471.52727717177,49.34913616761504,18.20186475081253,2.711213210471312,93064,360288,0.2583044675370815,89011.82715120906,91112.2095505687,➡️,2025-11-22 01:07:04
004380,삼익THK,KOSPI,372020.1592443662,81.57670900969956,31.026459189722143,2.6292626081136174,391648,697061,0.5618561359766219,15043.58176810437,14799.227271519263,➡️,2025-11-22 01:07:04
002840,미원상사,KOSPI,883366.8261652088,80.51426182731834,42.78523680886764,1.8818234473492736,743988,674363,1.103245581385693,51821.84803562829,53157.5497829648,➡️,2025-11-22 01:07:04
007860,서연,KOSPI,629781.5630012399,25.993325507955554,42.09778353125173,0.6174511655384217,546458,900421,0.6068916651210934,7096.653394574411,6767.76614199184,⬆️,2025-11-22 01:07:04
019550,SBI인베스트먼트,KOSDAQ,485477.99130169983,65.65186532493651,36.79401240852921,1.7843083976815142,815802,881284,0.9256970511208645,64482.36024436178,63231.719289203036,➡️,2025-11-22 01:07:04
013000,세우글로벌,KOSPI,432541.36140773055,25.21263503418257,41.25405293394313,0.6111553469559361,518651,44569,11.637034710224595,68909.7131249971,66335.8587112628,⬆️,2025-11-22 01:07:04
012330,현대모비스,KOSPI,31875.798386611088,51.86961979214076,26.5766105145736,1.9517018456397004,216915,212187,1.0222822321819904,33170.390386371124,32971.56931544252,➡️,2025-11-22 01:07:04
001390,KG케미칼,KOSPI,918595.6489711783,41.4352761531919,1.7423367697887653,23.781439312800227,203801,246534,0.8266648819229802,54046.53779707091,52044.334023135336,⬆️,2025-11-22 01:07:04
009320,아진전자부품,KOSPI,591824.9281301417,99.64806894028474,15.48329758801948,6.435842776631089,943200,693491,1.3600753290237364,64226.299484549454,64806.34492409963,➡️,2025-11-22 01:07:04
001450,현대해상,KOSPI,797710.4540680696,70.32448410264925,5.165070511355337,13.615396720730498,822912,310137,2.6533822149566157,7813.740775487883,8118.706487342137,⬇️,2025-11-22 01:07:04
005440,현대지에프홀딩스,KOSPI,748708.6453280365,57.77665894878696,37.75364808880977,1.5303596307534593,90580,649619,0.13943557685350952,5538.467054008731,5665.068181410685,➡️,2025-11-22 01:07:04
015760,한국전력공사,KOSPI,593424.1732490191,19.459716653381577,32.74539895262242,0.5942733109325316,875473,352817,2.481379865482672,50068.65946921716,50101.29966279348,➡️,2025-11-22 01:07:04
007690,국도화학,KOSPI,859764.1279929703,73.87687814370338,14.660569009597245,5.039154898786083,224193,711519,0.3150906722097372,72512.88627089678,74634.71815835414,➡️,2025-11-22 01:07:04
006280,녹십자,KOSPI,832744.0559488892,97.46473919425466,34.56842609389186,2.819472860278021,897088,729099,1.2304062959899822,42037.17075501333,41712.86655338496,➡️,2025-11-22 01:07:04
009160,SIMPAC,KOSPI,836711.2663408609,46.73858027693636,24.623523222482216,1.898127244206152,350705,568933,0.6164258357310967,56015.017622187,55603.753573125214,➡️,2025-11-22 01:07:04
008600,윌비스,KOSPI,299781.3225916973,85.99302573569422,12.234527804875112,7.028716359729751,710932,326303,2.1787479735092843,71328.88371647861,68302.32953665014,⬆️,2025-11-22 01:07:04
015230,대창단조,KOSPI,52560.692343806666,33.51865212499013,26.385463226439864,1.2703454109307573,344443,664795,0.5181191194277935,74492.29212444194,71160.16596959635,⬆️,2025-11-22 01:07:04
007160,사조산업,KOSPI,413621.30381783866,10.286004256677884,36.515541904454324,0.2816883913045024,255239,997520,0.25587356644478304,31853.15769465742,31948.37155150031,➡️,2025-11-22 01:07:04
014130,한익스프레스,KOSPI,952515.2180096732,42.69152149437148,17.35313139145583,2.460162407079539,586249,40544,14.459574782951854,14000.71953988836,14252.723850100077,➡️,2025-11-22 01:07:04
008040,사조동아원,KOSPI,575853.9005574282,98.03111572887696,16.01594257736381,6.1208458543944575,380382,479605,0.7931151676900783,81174.26132532599,83625.91433044683,➡️,2025-11-22 01:07:04
009140,경인전자,KOSPI,966763.083777953,91.69802903184772,19.649780369971023,4.6666185222091086,789178,187236,4.214883889850243,33401.59965623467,34004.94636671847,➡️,2025-11-22 01:07:04
009580,무림P&P,KOSPI,361195.173781509,21.282545695458186,37.839526820891564,0.5624421731327752,155029,263832,0.5876049910549137,80613.29858165573,82188.11756882572,➡️,2025-11-22 01:07:04
014990,인디에프,KOSPI,333935.65929249156,66.55566821516726,4.033628585153068,16.50019747979389,888172,682198,1.3019270065288964,39344.43941762672,38825.41753028146,➡️,2025-11-22 01:07:04
013570,디와이,KOSPI,857718.406003588,85.3370843879857,44.94466286242334,1.8987145292246266,139833,725440,0.19275612042346713,6091.804421708147,6159.61266012508,➡️,2025-11-22 01:07:04
003610,방림,KOSPI,306258.2562397049,42.482402608404584,18.77365385007717,2.2628734367673426,911913,249536,3.654434630674532,66424.82837462975,66678.62433658213,➡️,2025-11-22 01:07:04
015590,DKME,KOSPI,151128.23772313233,61.734750328665704,29.468478308293246,2.0949419132813465,660267,870073,0.758863911418927,82864.54237512156,83256.0563862905,➡️,2025-11-22 01:07:04
014680,한솔케미칼,KOSPI,545173.3679579906,55.590639729561204,17.022066167633504,3.265798592374389,332515,380988,0.8727702709796634,18893.07789517128,18486.461357424123,➡️,2025-11-22 01:07:04
010820,퍼스텍,KOSPI,200522.40189183602,7.649790485337798,49.821769581324666,0.15354313083663065,525994,595388,0.8834474325985744,62702.32551568024,62006.898269737394,➡️,2025-11-22 01:07:04
019570,플루토스,KOSDAQ,934569.5228499641,78.70999887739822,16.81150362646882,4.681913089170293,609631,226582,2.690553530289255,19735.267383882096,19224.081963265086,➡️,2025-11-22 01:07:04
006040,동원산업,KOSPI,938157.7895011106,70.94212584732854,45.12296618659516,1.5721955324028227,932225,71101,13.111278322386465,80643.95440580024,78591.03687299417,➡️,2025-11-22 01:07:04
008060,대덕,KOSPI,520876.011251896,52.29714042560377,6.110610258146382,8.558415316356276,373060,417059,0.8945017371642862,35531.315114840916,34168.199526465825,⬆️,2025-11-22 01:07:04
003680,한성기업,KOSPI,245318.58712457214,20.34515654176094,15.010527868105996,1.3553924765690508,542704,99879,5.433614673755244,33998.82516495695,34644.72030868643,➡️,2025-11-22 01:07:04
006920,모헨즈,KOSDAQ,612474.6691810882,95.59196464497613,7.2550613808882085,13.175900192490609,500624,592298,0.84522318157414,74360.69308155472,74564.4998794986,➡️,2025-11-22 01:07:04
015020,이스타코,KOSPI,122142.9169812853,43.04632065552801,34.73118365659812,1.23941415533502,476085,640022,0.7438572424072922,61378.848688282356,64183.05231676778,⬇️,2025-11-22 01:07:04
011280,태림포장,KOSPI,711648.8647614778,85.58773741852436,13.967107087847534,6.127807059845079,22724,384161,0.059152282506553244,89008.90996862756,88148.45697242286,➡️,2025-11-22 01:07:04
002310,아세아제지,KOSPI,672482.6147152003,17.832624943417557,47.55867618217469,0.3749604987975116,262622,306992,0.8554685464116328,44426.50549123869,45395.19730720902,➡️,2025-11-22 01:07:04
010660,화천기계,KOSPI,537031.3080906043,63.497247359956575,25.698771983428536,2.4708280769564324,300308,93302,3.218666266532336,13397.24779049586,13221.306977182292,➡️,2025-11-22 01:07:04
011150,CJ씨푸드,KOSPI,767150.6464195502,4.120612897846865,30.114428279572852,0.13683184882649588,629320,914975,0.687800213120577,69213.76571380731,69585.25036315444,➡️,2025-11-22 01:07:04
001770,SHD,KOSPI,365067.0150171273,62.320981533290286,33.64741077182234,1.8521776298305939,303172,628087,0.48269109215761513,69474.596940016,66788.91331257432,⬆️,2025-11-22 01:07:04
018470,조일알미늄,KOSPI,48573.289252383445,19.69355725952784,44.79477687458813,0.43963958821948956,420975,560604,0.7509311385576984,21556.62157501469,20845.12750752728,⬆️,2025-11-22 01:07:04
005850,에스엘,KOSPI,291287.13410103676,95.55254162704493,42.13195440062145,2.2679351809427457,191037,798172,0.23934314909568363,20721.24238185699,20758.664728162465,➡️,2025-11-22 01:07:04
009970,영원무역홀딩스,KOSPI,60354.70362746933,17.575198400894607,39.322674017009724,0.4469482007579683,232448,417620,0.5566016953211053,34684.74123418003,36147.82814233211,⬇️,2025-11-22 01:07:04
012510,더존비즈온,KOSPI,211620.1750718186,14.390926307360134,22.230063860985624,0.647363246338514,741501,923062,0.8033057367760779,9537.738660786303,9220.361729320102,⬆️,2025-11-22 01:07:04
003850,보령,KOSPI,309843.1064395091,56.11997908723806,46.36284216392623,1.2104516562814092,18080,881317,0.020514752353579926,87235.7618109485,88419.19219810002,➡️,2025-11-22 01:07:04
008250,이건산업,KOSPI,957461.7111401726,23.048342713606196,33.727810160599866,0.6833631535477153,623312,466967,1.334809526154953,97660.52868414114,100577.29843244306,➡️,2025-11-22 01:07:04
012690,모나리자,KOSPI,14728.149507901742,69.08530567697854,5.38607749149619,12.826645325109766,398768,453470,0.8793701898692305,91232.87352716838,90555.08088937528,➡️,2025-11-22 01:07:04
006370,대구백화점,KOSPI,125222.60231972748,78.43350808252717,33.09914689367912,2.3696534637122464,851214,76124,11.181939992643581,37155.54994213758,36597.851368968084,➡️,2025-11-22 01:07:04
006980,우성,KOSPI,63228.32767397108,73.28359330155735,12.44252776274247,5.889767312474522,47135,709730,0.06641257943161484,80243.80408285062,79980.25391347303,➡️,2025-11-22 01:07:04
002920,유성기업,KOSPI,262420.79789542087,30.73863731075019,31.329609167029556,0.9811369540829992,340538,403115,0.8447663818017191,78279.94822093661,81825.33267325633,⬇️,2025-11-22 01:07:04
002220,한일철강,KOSPI,971829.6473289483,63.47337415156021,39.87927321193045,1.591638187943988,177159,951821,0.1861263830068889,12656.03663742949,12286.978409996964,⬆️,2025-11-22 01:07:04
002450,삼익악기,KOSPI,600162.7336399298,94.8081066270681,13.519730882915766,7.012573508165946,833899,235437,3.541919919129109,47452.652788933454,49137.70794077501,⬇️,2025-11-22 01:07:04
002460,HS화성,KOSPI,256627.5578696714,69.03068133147406,3.2900203095641625,20.981840486151505,474888,842962,0.5633563553279982,36753.09426025258,35739.519078580364,➡️,2025-11-22 01:07:04
007340,DN오토모티브,KOSPI,332269.65588275495,12.13226617762717,38.422313737092786,0.3157609471580239,999781,575455,1.7373747730057085,90848.93857987336,95242.41795050424,⬇️,2025-11-22 01:07:04
000890,보해양조,KOSPI,134700.2941223215,78.44673403995951,5.472293782407633,14.335256321974269,177082,471970,0.37519757611712606,38254.14550661636,37541.50910762935,➡️,2025-11-22 01:07:04
001290,상상인증권,KOSPI,472261.84456477314,52.08680605310399,17.865193887843517,2.915546642264363,470458,359247,1.3095669553260014,41217.642480812276,42964.812120508395,⬇️,2025-11-22 01:07:04
003010,혜인,KOSPI,695468.6122582543,94.93897348559621,28.001091569200973,3.390545445379055,570615,990172,0.5762786667366881,88551.480677849,87330.63237680256,➡️,2025-11-22 01:07:04
014280,금강공업,KOSPI,652636.623429085,45.315161526650755,2.6189625726102803,17.302714441423202,933791,748186,1.2480733400518054,90601.50356727796,86933.90247477718,⬆️,2025-11-22 01:07:04
009810,플레이그램,KOSPI,207745.8763064809,67.32972664008595,29.447217794060144,2.2864546019579195,22859,181687,0.125815275721433,24866.833342464557,26019.991997776513,⬇️,2025-11-22 01:07:04
008730,율촌화학,KOSPI,147788.8872997327,86.47973465354318,8.140315621738669,10.623634103645749,576788,890559,0.6476696097619585,36186.27293768878,35254.19263830348,➡️,2025-11-22 01:07:04
009270,신원,KOSPI,64557.21121940384,56.70715156023812,5.998131499898332,9.454136102417777,378355,548061,0.6903519863664811,9123.543558535992,8823.42594256105,⬆️,2025-11-22 01:07:04
004140,동방,KOSPI,661007.4099227807,64.15564262477776,37.52305462661922,1.7097659895541957,686202,606048,1.1322568509424995,62336.86980777962,62935.888311860646,➡️,2025-11-22 01:07:04
002960,한국쉘석유,KOSPI,603942.2899122735,54.681747607172326,1.12779884265608,48.48537304612877,664537,913391,0.7275493189663572,45259.368853490414,46472.37978174075,➡️,2025-11-22 01:07:04
003000,부광약품,KOSPI,180772.84972993867,60.42634610749298,24.092940750252794,2.508051911714387,595314,918652,0.6480299395200794,39214.11189256555,37404.715394524814,⬆️,2025-11-22 01:07:04
005810,풍산홀딩스,KOSPI,741595.7886978382,31.223403257562605,20.23117903944909,1.543330875411641,516578,171897,3.0051600667841787,20566.30368964702,19877.74416277003,⬆️,2025-11-22 01:07:04
001270,부국증권,KOSPI,356317.20135282556,83.49580192793849,45.06970885214389,1.8525924407866845,716171,270131,2.6511988627739873,41710.85835104319,40779.301142470875,➡️,2025-11-22 01:07:04
012200,계양전기,KOSPI,636475.5353365421,43.02559832543411,38.73175829285158,1.110860963246665,165344,536126,0.30840511372326657,55946.87419786691,58308.71899675664,⬇️,2025-11-22 01:07:04
004710,한솔테크닉스,KOSPI,792647.2871219466,73.44364897043394,33.29065637343074,2.2061340018831617,852994,139968,6.094207247370828,56236.96356289392,56793.165658460566,➡️,2025-11-22 01:07:04
016610,DB증권,KOSPI,882539.7026456232,62.3925875138398,12.336500996881737,5.057559475706329,226353,63392,3.570687152953054,49116.618888380835,47283.92052663645,⬆️,2025-11-22 01:07:04
008930,한미사이언스,KOSPI,395945.36022983456,38.91243991784628,47.9071985466273,0.8122461988666156,118087,465495,0.2536804906604797,20144.115570283706,20031.021313148765,➡️,2025-11-22 01:07:04
005500,삼진제약,KOSPI,971245.1616837548,67.02935884748759,3.318905010188514,20.196226960915737,396226,533521,0.7426624256589712,36590.553928729896,35047.93989212067,⬆️,2025-11-22 01:07:04
005490,POSCO홀딩스,KOSPI,602106.7666835209,55.06737457695027,20.31393162327447,2.7108181517091166,186833,465317,0.4015176750473333,34327.5479929806,33804.39628806887,➡️,2025-11-22 01:07:04
002410,범양건영,KOSPI,943023.9249476836,85.34405044640985,16.007415776742647,5.331532062183777,894083,608980,1.4681648001576406,84887.22572209194,80945.23073475664,⬆️,2025-11-22 01:07:04
005690,파미셀,KOSPI,217547.99562747744,51.20359396133829,18.575895979041224,2.756453525531699,499713,857028,0.583076632268724,37500.26346760724,36290.270874108355,⬆️,2025-11-22 01:07:04
001230,동국홀딩스,KOSPI,373991.6900436439,20.649100407733002,10.720766821477385,1.926084276580454,130489,898193,0.14527946666251018,46856.587871694865,48809.410359181995,⬇️,2025-11-22 01:07:04
006340,대원전선,KOSPI,415844.3329767481,77.7418607864958,2.5007356469737676,31.08759651607882,345319,54914,6.288359981061296,60964.095266728385,61637.244207276824,➡️,2025-11-22 01:07:04
005950,이수화학,KOSPI,452630.61938416975,76.67229195202566,45.46148366128861,1.686532989624219,793619,199836,3.9713515082367543,44026.7483501579,43056.78983892739,➡️,2025-11-22 01:07:04
016360,삼성증권,KOSPI,361611.38278594386,53.0230193298275,32.852364503780564,1.6139787845019724,203744,175970,1.1578337216571006,62681.823767206726,63207.47272424435,➡️,2025-11-22 01:07:04
002810,삼영무역,KOSPI,956860.1459512654,97.25778074121102,28.501271123483907,3.412401514298585,431307,810604,0.5320810161311812,63306.12079915793,66322.19209470977,⬇️,2025-11-22 01:07:04
001750,한양증권,KOSPI,399000.43199722044,27.630473089789024,29.19011539501418,0.9465695053233141,78072,614349,0.12708086120429918,71834.00166198194,69015.41427081182,⬆️,2025-11-22 01:07:04
011780,금호석유화학,KOSPI,346806.4018086671,14.518741532981034,41.67066693329515,0.3484163465927266,354933,924326,0.3839911459809634,85151.68785896541,82086.80745241694,⬆️,2025-11-22 01:07:04
003470,유안타증권,KOSPI,172094.30240083972,46.99005092464985,29.022914674259887,1.6190672595101148,815062,143457,5.681577057933736,11440.71021746041,11813.535668613567,⬇️,2025-11-22 01:07:04
002620,제일파마홀딩스,KOSPI,254839.79626189804,3.4977998900578267,48.002642816681316,0.07286681909193367,596886,345249,1.7288565643926557,76020.1668554391,79648.48563740113,⬇️,2025-11-22 01:07:04
015260,에이엔피,KOSPI,407256.35329978913,63.91906665582548,21.764743386018246,2.936816920933115,52124,165970,0.3140567572452853,82229.88034970067,84492.37282304403,➡️,2025-11-22 01:07:04
009460,한창제지,KOSPI,549566.0057813274,26.164023186115053,4.967264985705724,5.267289597274787,635784,368616,1.7247867699720034,23593.97611604919,24040.463261150937,➡️,2025-11-22 01:07:04
005720,넥센,KOSPI,674594.7770687743,19.78804380382334,34.90729195704307,0.5668742172315892,193053,411259,0.46941951422339695,57549.45124585206,55935.7888973353,➡️,2025-11-22 01:07:04
006660,삼성공조,KOSPI,113413.95415042147,53.58895199686371,13.510392015521301,3.9664986726734868,201984,919700,0.21961944112210505,13516.544585007136,13810.284263575011,➡️,2025-11-22 01:07:04
004490,세방전지,KOSPI,364667.73401318694,11.666117279395475,25.211736640265613,0.46272565217754746,215959,678039,0.31850527772001314,94512.10468803516,92568.31093839399,➡️,2025-11-22 01:07:04
011000,진원생명과학,KOSPI,150089.1205288327,3.043804571770861,49.26775975122649,0.06178086008254287,733287,955758,0.7672308262133302,66947.63338773802,69798.71611154021,⬇️,2025-11-22 01:07:04
009310,참엔지니어링,KOSPI,151496.51911200018,29.46283644180979,36.08834802865673,0.8164085654021678,393243,127266,3.089929753429824,61564.6039523307,61556.54078076422,➡️,2025-11-22 01:07:04
010100,한국무브넥스,KOSPI,499047.89475903095,1.3312345595240596,2.2905603088010844,0.5811829334547619,521758,821114,0.635426993085004,18705.232847046816,19519.142483020998,⬇️,2025-11-22 01:07:04
005070,코스모신소재,KOSPI,983485.4122492494,53.61435769659068,6.66421322477915,8.045114387582856,160250,225362,0.7110781764450085,83657.69560070072,82728.4385538288,➡️,2025-11-22 01:07:04
004830,덕성,KOSPI,652973.8895845829,71.73239555434003,43.11060879256111,1.6639151606394784,462408,500847,0.9232520110932081,37977.50432342458,39411.600018384386,⬇️,2025-11-22 01:07:04
001720,신영증권,KOSPI,980486.7585559933,48.47555933406517,32.12528306952569,1.508953531371354,223418,220990,1.0109869224851804,32564.2153855429,33956.53662415142,⬇️,2025-11-22 01:07:04
001200,유진증권,KOSPI,107676.0581044147,16.498550240924033,26.463432084290904,0.6234471095197748,853320,970835,0.8789547142408339,8463.905649498854,8851.768885689307,⬇️,2025-11-22 01:07:04
003460,유화증권,KOSPI,984059.9503071288,27.4887117642869,16.1353659564706,1.7036311316672297,61321,447309,0.13708867919044776,87144.30968435707,85542.96265999017,➡️,2025-11-22 01:07:04
011700,한신기계공업,KOSPI,723159.8904225256,83.02056685852693,8.080837617774733,10.273757596107814,202180,494972,0.4084675496795778,12808.882991904919,12480.486387222185,➡️,2025-11-22 01:07:04
005420,코스모화학,KOSPI,501622.50042291067,17.71052301313934,2.8763940716551284,6.157196327048606,424372,696140,0.6096072629068865,6434.427866896483,6119.754567026785,⬆️,2025-11-22 01:07:04
000500,가온전선,KOSPI,411071.59995300166,27.087279134075178,23.139413773811558,1.170612159791692,808275,514610,1.57065544781485,26529.505001128688,27296.36815863943,➡️,2025-11-22 01:07:04
010950,S-Oil,KOSPI,206097.76266158075,51.58428329542911,28.0626385920878,1.8381836449967033,192129,367742,0.5224559609726385,55699.37748356938,58073.28520040484,⬇️,2025-11-22 01:07:04
012450,한화에어로스페이스,KOSPI,212324.0567383434,48.79327739325077,25.733212259636396,1.8961207369273922,708692,56484,12.546774307768572,42161.80083171394,43309.83701649985,➡️,2025-11-22 01:07:04
011230,삼화전자공업,KOSPI,29334.052325947214,13.97804326508466,3.1093029902172145,4.495555212555262,732290,640933,1.1425375195223213,22146.990521503725,22810.39647992956,➡️,2025-11-22 01:07:04
004020,현대제철,KOSPI,673527.0589003114,64.13462024434574,41.350302783032646,1.5510072702699103,905121,140852,6.4260429386874165,38828.55336121828,39611.616184684804,➡️,2025-11-22 01:07:04
004770,써니전자,KOSPI,289878.67560450494,4.127849332428843,41.77521889894654,0.09881095638095953,806703,894552,0.9017955356424221,97209.03686078267,94058.44594391655,⬆️,2025-11-22 01:07:04
004560,현대비앤지스틸,KOSPI,986340.833561546,88.74478102092573,38.63341989261224,2.2970987623566854,886262,701277,1.2637830700279633,98017.61673718532,94528.48072351067,⬆️,2025-11-22 01:07:04
006090,사조오양,KOSPI,991271.0328564579,56.66565880436519,28.36047925015271,1.998050114194035,880947,296471,2.9714440872800374,12003.385863468558,11638.842395575379,⬆️,2025-11-22 01:07:04
003530,한화투자증권,KOSPI,225839.2214884541,9.740239715599527,7.147900511569284,1.3626714165697178,53083,483442,0.10980220998589282,4989.685741690722,5015.813475230626,➡️,2025-11-22 01:07:04
009470,삼화전기,KOSPI,899302.5853358029,43.40639228223919,31.474111292100783,1.3791141512908456,951773,974646,0.976531992128424,76983.4480224245,76357.57179996604,➡️,2025-11-22 01:07:04
001510,SK증권,KOSPI,627385.0250940353,39.53590930843234,20.241717234414107,1.9531894873630122,286496,55997,5.116274086111756,96598.42122663828,92551.15704454483,⬆️,2025-11-22 01:07:04
010770,평화홀딩스,KOSPI,880044.4712976697,32.26838902531229,42.177605235508,0.765059771533604,171018,661675,0.25846223599199003,78228.53659051645,75897.7012170467,⬆️,2025-11-22 01:07:04
007110,일신석재,KOSPI,444061.91109593457,88.47222029817763,12.828220778075668,6.896686752490484,76572,190371,0.4022251288273949,98531.4288118519,97184.45452416579,➡️,2025-11-22 01:07:04
016380,KG스틸,KOSPI,218522.40363605536,46.94285603352861,14.869346637530828,3.1570221058027492,829259,727649,1.139641502977397,93333.35241830592,89268.8098964441,⬆️,2025-11-22 01:07:04
010780,아이에스동서,KOSPI,449599.2776083929,81.31130247427956,38.63695778008227,2.1044954661569224,982208,154036,6.376483419460386,3615.5038986370328,3664.5839631584267,➡️,2025-11-22 01:07:04
002360,SH에너지화학,KOSPI,646833.8894946221,27.701309374720594,33.17774738809994,0.8349364123694664,172204,282099,0.6104381795043584,22597.300364568084,21918.655013813062,⬆️,2025-11-22 01:07:04
003830,대한화섬,KOSPI,283819.6822754157,4.0121478524950716,14.925330239375201,0.2688146786803041,103633,792923,0.13069743215923865,63195.6423497094,63020.334273829365,➡️,2025-11-22 01:07:04
007810,코리아써키트,KOSPI,252024.70860821006,68.8099227921287,33.43140429037603,2.058242070672968,580800,556659,1.0433676631474564,66614.78277534853,69202.92882562071,⬇️,2025-11-22 01:07:04
004170,신세계,KOSPI,497190.34741282,9.307400288990516,42.038474906383996,0.22140194927901838,318611,741631,0.4296085249942357,30638.970788777893,30652.35149596912,➡️,2025-11-22 01:07:04
010060,OCI홀딩스,KOSPI,819719.22553667,95.63459024805405,23.943414080676266,3.994191886161997,449079,11569,38.81744316708445,11983.407391281622,11641.329185814318,➡️,2025-11-22 01:07:04
000520,삼일제약,KOSPI,684217.676136601,49.06539507058147,25.967371531625226,1.8895017930800406,493460,291354,1.693678480473925,84491.42175997818,84549.3984775698,➡️,2025-11-22 01:07:04
006490,인스코비,KOSPI,26943.461775962267,42.012455093338865,40.938413195864776,1.026235552715135,138074,278796,0.49525100790542187,99088.79672945476,95995.80398486463,⬆️,2025-11-22 01:07:04
003120,일성아이에스,KOSPI,488172.03650762746,80.15297709050893,37.304881508854585,2.148592190849984,899569,258069,3.485769309758243,49391.602320702885,50773.14191694739,➡️,2025-11-22 01:07:04
000720,현대건설,KOSPI,302385.4809627635,45.635917912815565,23.48583787782486,1.943124965360705,346877,670795,0.5171132760381338,91788.53370767845,87872.35152183849,⬆️,2025-11-22 01:07:04
002710,TCC스틸,KOSPI,605645.1107496596,68.424174483091,48.51446596460463,1.4103870489476718,543908,505130,1.0767683566606616,5448.967179734472,5382.37499803343,➡️,2025-11-22 01:07:04
003060,에이프로젠바이오로직스,KOSPI,465934.49056583684,31.058475194721073,28.68209220650378,1.0828524980363337,560789,582619,0.9625312597083171,52592.18674121283,54136.28726425773,➡️,2025-11-22 01:07:04
007700,F&F 홀딩스,KOSPI,301478.8348194247,54.962673935131726,31.349566868657348,1.7532195633006424,610263,533981,1.1428552701313344,86528.09046625358,86311.8185523324,➡️,2025-11-22 01:07:04
008700,아남전자,KOSPI,377240.8445546984,51.87434765724546,33.151107908019696,1.5647847366421308,882514,165368,5.336667311692709,52517.84737820957,51539.67953971479,➡️,2025-11-22 01:07:04
010620,HD현대미포,KOSPI,18827.51192164907,35.33631712958817,34.17708784944514,1.0339183164244303,373710,727984,0.5133491944877909,25927.120045423042,25338.772547708664,➡️,2025-11-22 01:07:04
006360,GS건설,KOSPI,174953.44945033366,58.6828137594143,43.67198579784401,1.3437175499885636,66385,534997,0.12408480795219412,21625.729279354582,22694.73146872267,⬇️,2025-11-22 01:07:04
006110,삼아알미늄,KOSPI,34444.56124928538,66.64445862597483,39.27985477228514,1.696657459970994,943973,718707,1.313432316646422,73480.9593956965,71942.44933282946,➡️,2025-11-22 01:07:04
006200,한국전자홀딩스,KOSPI,376362.28553128714,90.23766234995945,47.215758321147284,1.9111768095767987,740640,248154,2.9845982736526513,16052.859510668455,16426.553544889175,➡️,2025-11-22 01:07:04
006400,삼성SDI,KOSPI,473313.2400389513,25.004896787422933,31.000066845465472,0.8066078344950575,294632,389675,0.7560967472894078,97030.18917368013,97318.43824874081,➡️,2025-11-22 01:07:04
009150,삼성전기,KOSPI,307990.85077016184,56.49650974363247,39.10152965819694,1.4448669972119361,344333,492270,0.6994799601844516,56153.824793085194,58039.44101674846,⬇️,2025-11-22 01:07:04
005960,동부건설,KOSPI,2668.3871674620295,58.535223857362254,23.601742773090738,2.4801229477045457,58979,108975,0.5412158752007341,94416.2573745672,94925.73198558297,➡️,2025-11-22 01:07:04
009070,케이씨티시,KOSPI,498773.391919301,7.266662277708241,23.521744231635093,0.30893381911427686,981273,958599,1.0236532689894315,81153.80637749711,81564.19596594738,➡️,2025-11-22 01:07:04
003070,코오롱글로벌,KOSPI,829655.9877998981,7.983672060364563,11.041472240752586,0.7230622770483364,208220,445329,0.46756442989340463,11185.141022287555,10968.873524775783,➡️,2025-11-22 01:07:04
005180,빙그레,KOSPI,792045.1918490108,35.221275284200146,32.89081605977661,1.0708544056854077,891398,157181,5.671156182999217,46779.69397656492,46104.62307663462,➡️,2025-11-22 01:07:04
005250,녹십자홀딩스,KOSPI,268526.6668728424,61.327873825064664,39.360539278200406,1.5581055277621851,345218,480079,0.7190858171259313,99868.3614996289,103318.67375481922,⬇️,2025-11-22 01:07:04
000480,시알홀딩스,KOSPI,867017.575050375,86.84363225909793,39.6724506353403,2.1890160771096268,906078,203075,4.461789979071772,43482.46578418999,42052.9607499739,⬆️,2025-11-22 01:07:04
004310,현대약품,KOSPI,96485.43819098095,34.925942993539174,1.6258327438401259,21.481879440468184,222360,830322,0.267799721072066,1468.2424819202224,1399.7981629455821,⬆️,2025-11-22 01:07:04
003920,남양유업,KOSPI,646072.259675121,2.0666995216328194,16.496618936516406,0.12528018799404023,446675,110599,4.038689319071601,30728.772031713197,31918.863756038903,⬇️,2025-11-22 01:07:04
008350,남선알미늄,KOSPI,760888.1987295026,68.04063247735664,40.900710445016216,1.6635562496848375,406329,103796,3.914688427299703,41586.6377547914,43573.1718066061,⬇️,2025-11-22 01:07:04
003350,한국화장품제조,KOSPI,332961.12981135806,81.36002940973044,38.313355400451485,2.1235422624657847,182696,610897,0.2990618713138221,65932.84480918977,64325.946991118275,➡️,2025-11-22 01:07:04
011760,현대코퍼레이션,KOSPI,175587.39486986125,26.047090001836306,23.851434398522716,1.092055495138254,375798,47516,7.908872800740803,46906.510385822294,46796.27719989854,➡️,2025-11-22 01:07:04
006260,LS,KOSPI,859464.139616584,71.60805537565165,34.54817182767817,2.072701725950172,375567,775452,0.48432011265687624,21621.597667138358,22169.27947156017,➡️,2025-11-22 01:07:04
001740,SK네트웍스,KOSPI,754061.0446505931,90.617073780332,38.754723415438,2.3382201134284077,755815,922315,0.8194759924754558,67082.87371043468,63742.677720873326,⬆️,2025-11-22 01:07:04
002100,경농,KOSPI,406896.24178825936,79.12653727485475,5.92920698397728,13.345214206331704,294635,217785,1.3528709507082672,87188.64037551997,88118.77790088946,➡️,2025-11-22 01:07:04
004870,티웨이홀딩스,KOSPI,755087.4764793318,35.00038122583692,48.91585855006598,0.7155221693597302,350517,762290,0.45982106547376983,79182.18379225119,77251.89973022635,➡️,2025-11-22 01:07:04
007590,동방아그로,KOSPI,25575.026000167858,61.610252239341676,28.380793258981864,2.1708432064295264,862102,825591,1.0442240770551035,56317.907910032176,58882.29977523396,⬇️,2025-11-22 01:07:04
004430,송원산업,KOSPI,522822.8510867583,98.29131744261386,17.02557418168439,5.773157274681094,543711,991897,0.5481526811755656,85241.33369175682,89463.92640839901,⬇️,2025-11-22 01:07:04
002780,진흥기업,KOSPI,249161.50639429712,26.246358586591036,40.85220623092974,0.6424710195142307,828368,369120,2.244169917641959,69667.30538145741,66655.75551288248,⬆️,2025-11-22 01:07:04
004090,한국석유공업,KOSPI,449431.975738908,35.6404179191506,26.84801979766506,1.3274877695914915,854885,656672,1.3018447565908093,80453.63892469493,78290.58488944467,➡️,2025-11-22 01:07:04
000650,천일고속,KOSPI,873814.1057750765,73.26572836826935,48.21442155311074,1.5195811960030106,739518,597431,1.237829975344433,93541.60212222268,93069.37286176003,➡️,2025-11-22 01:07:04
000430,대원강업,KOSPI,27703.7821393887,16.995698506315634,29.013794753377788,0.5857799247145014,184382,978949,0.1883468903895913,25929.684397374094,24815.694037822323,⬆️,2025-11-22 01:07:04
001080,만호제강,KOSPI,263584.7441372374,7.807987889913577,33.04180422199398,0.2363063420343209,303012,108265,2.798799242599178,82643.11167788011,85152.00133089554,➡️,2025-11-22 01:07:04
004700,조광피혁,KOSPI,122521.19948927566,34.68444943857481,31.952765373293712,1.085491319244758,110468,712473,0.15504868254656667,47742.64632101177,49149.33755568312,➡️,2025-11-22 01:07:04
004360,세방,KOSPI,114701.02780949787,24.419354557272086,1.7662746867425692,13.825343668547493,746520,37208,20.063427219952697,82785.74246181716,85032.42398722844,➡️,2025-11-22 01:07:04
008970,KBI동양철관,KOSPI,868303.4533541688,91.10872076663517,1.5400581714860542,59.15927232717534,128528,580033,0.22158739244146453,8426.995124594167,8241.103787509799,➡️,2025-11-22 01:07:04
002880,대유에이텍,KOSPI,327134.05878422107,21.021152573851978,10.569924695196358,1.9887703252422715,238975,233701,1.0225672975297495,15103.965229228032,15608.848602963475,⬇️,2025-11-22 01:07:04
001260,남광토건,KOSPI,375336.58229557076,17.720687277687993,14.546016542209983,1.218250180471449,415417,731980,0.567525068990956,81329.05718304467,83406.94968692689,➡️,2025-11-22 01:07:04
005680,삼영전자공업,KOSPI,114808.03114437674,45.570975092408645,41.921827088102276,1.0870464924307182,783710,838586,0.934561273381621,95026.9736446502,96746.3487762323,➡️,2025-11-22 01:07:04
005800,신영와코루,KOSPI,176564.37178175471,51.37015738269137,14.084257687661625,3.6473457474222224,261772,607139,0.4311566214655952,47371.5673296244,46282.28487023085,➡️,2025-11-22 01:07:04
002630,오리엔트바이오,KOSPI,551868.0127441783,97.19479152530415,48.56523232348792,2.0013245458788265,335339,927485,0.3615573297681364,13044.114036411693,13675.253936526196,⬇️,2025-11-22 01:07:04
001550,조비,KOSPI,934110.5438094558,77.95629708256806,4.8768362694122995,15.985014213315482,844911,962451,0.8778743021722665,68697.57333730094,65372.69210916487,⬆️,2025-11-22 01:07:04
005430,한국공항,KOSPI,227566.6483928625,74.01622462401058,20.40621592990372,3.6271411063305257,836053,286101,2.9222302613412747,38609.395494670745,38363.55982467544,➡️,2025-11-22 01:07:04
004910,조광페인트,KOSPI,749652.0346576031,21.026918268498022,45.59206254909795,0.4611969078138151,506136,81275,6.227450015379883,88301.67424770737,85435.21611656605,⬆️,2025-11-22 01:07:04
003080,SB성보,KOSPI,587682.2593924336,54.03054166360441,16.24626262851627,3.3257212996647763,396493,540521,0.7335385674192122,48075.27852275488,45676.73166620375,⬆️,2025-11-22 01:07:04
004690,삼천리,KOSPI,825200.2652932466,76.22458903544168,33.92351360027387,2.246954426172008,633255,457212,1.385035825831343,8014.204362679663,8321.939864581826,⬇️,2025-11-22 01:07:04
002600,조흥,KOSPI,924087.8146859723,35.2892859466174,10.749341268412778,3.282925443098164,740505,696460,1.063241248600063,93887.02195640323,89685.13243769726,⬆️,2025-11-22 01:07:04
001570,금양,KOSPI,223215.8689228238,53.22927319468446,36.51417410917077,1.4577701534625587,583473,60982,9.567954478370666,50191.97563324168,49970.15528542422,➡️,2025-11-22 01:07:04
003960,사조대림,KOSPI,453737.1753872644,46.508522584058454,34.468345764145774,1.349311130342581,350387,704395,0.4974297091830578,35394.82361765023,36535.88046657278,⬇️,2025-11-22 01:07:04
002070,비비안,KOSPI,486054.5840845922,71.3629511445535,13.606796949671292,5.2446546684359445,449395,785187,0.5723413658147677,84662.75478310396,88184.26426767239,⬇️,2025-11-22 01:07:04
003570,SNT다이내믹스,KOSPI,525910.5855821868,45.21960681056327,47.72946025139522,0.9474150047452384,944293,863758,1.0932379208065222,50917.89620787339,49837.9505150925,➡️,2025-11-22 01:07:04
004960,한신공영,KOSPI,999308.5699859922,15.646152369404179,12.146722570091972,1.2880966268159124,577222,705515,0.8181569491789685,38007.376817555065,38337.85049111416,➡️,2025-11-22 01:07:04
004370,농심,KOSPI,698193.3151179558,81.21367993044566,10.074866946577862,8.061017615526087,60883,921966,0.06603605772880995,78185.35510466575,80053.11372292356,➡️,2025-11-22 01:07:04
003720,삼영,KOSPI,544551.7085975836,12.095372472342493,25.059274435795334,0.4826704980358546,208256,330397,0.6303204932248174,96530.64303258507,101284.82157305596,⬇️,2025-11-22 01:07:04
004980,성신양회,KOSPI,648912.3665564144,61.3799913906537,43.31631473272117,1.4170178550366663,866735,767228,1.1296967785325875,52275.92574553697,49913.64596506752,⬆️,2025-11-22 01:07:04
004970,신라교역,KOSPI,47711.15952735416,32.30764734002624,23.165438219429753,1.3946486586611846,621069,423543,1.4663658707616465,63316.939790673845,64969.50100491524,➡️,2025-11-22 01:07:04
002870,신풍,KOSPI,45535.11115058534,63.83379847991149,16.25566814334507,3.9268640277972517,740509,40311,18.369899035002852,49315.76494878704,48290.65350566439,➡️,2025-11-22 01:07:04
001630,종근당홀딩스,KOSPI,963184.6262298534,16.373810019642026,36.78861379594336,0.4450782002948844,398435,619861,0.6427812041731936,19140.822462164073,18856.759316990272,➡️,2025-11-22 01:07:04
005740,크라운해태홀딩스,KOSPI,644161.6325582091,75.12482293363827,16.57936923515716,4.531223224966444,478724,961016,0.49814363132351597,53184.826253046354,50973.20499206695,⬆️,2025-11-22 01:07:04
002390,한독,KOSPI,904852.3660328885,99.1703249710392,41.93581980110824,2.3648118825715296,418777,194411,2.1540807876097547,40733.843856785315,39108.15411991543,⬆️,2025-11-22 01:07:04
001380,SG글로벌,KOSPI,728019.283284865,60.16018065098284,31.92109401970472,1.8846528447253805,284425,31008,9.172632868937049,61136.33714519958,59185.94694200989,⬆️,2025-11-22 01:07:04
006120,SK디스커버리,KOSPI,388415.6398986354,40.12611819483083,15.24495669198684,2.632091320792154,441065,794236,0.5553324200867249,59391.175618256355,59984.05790484363,➡️,2025-11-22 01:07:04
007540,샘표,KOSPI,264543.4017653601,50.38990140251156,9.898958815313167,5.090424391357305,536115,187393,2.8609126274727443,90034.21996540551,88894.61112417298,➡️,2025-11-22 01:07:04
003280,흥아해운,KOSPI,347184.8979014564,74.03141838273265,14.134843203074722,5.237512529790833,981071,487515,2.0123914135975305,70873.23573472707,69531.48422555516,➡️,2025-11-22 01:07:04
001250,GS글로벌,KOSPI,63204.88390199066,74.54986759438977,16.981982294032075,4.389939072106357,109287,459253,0.23796687229043686,72821.72989493386,72332.60242549439,➡️,2025-11-22 01:07:04
002990,금호건설,KOSPI,564187.2763027721,68.14844234843223,34.97001181868653,1.9487680673878558,621819,737444,0.84320843345393,4655.396654649094,4610.774187109713,➡️,2025-11-22 01:07:04
001470,삼부토건,KOSPI,225179.09188886418,28.854257335910788,30.127123116003204,0.957750171657901,444461,310961,1.4293142870006206,38108.620786805855,39733.745530610846,⬇️,2025-11-22 01:07:04
001820,삼화콘덴서공업,KOSPI,310174.97672203026,10.74324914152298,19.710574807706063,0.5450500173806596,482148,727339,0.6628930938668214,4452.462754787699,4492.3274950037485,➡️,2025-11-22 01:07:04
001020,페이퍼코리아,KOSPI,657396.9171122935,39.83897537866209,5.1535684069158405,7.730367045327293,894232,427014,2.094151479810966,64193.37765256088,67382.6151790906,⬇️,2025-11-22 01:07:04
001520,동양,KOSPI,255265.1621422635,34.39448450798414,24.519243130289542,1.402754739419152,308566,301519,1.0233716614873358,12527.760703787873,11955.289382494986,⬆️,2025-11-22 01:07:04
000880,한화,KOSPI,741789.6609894016,92.01538546833147,39.29028817112689,2.3419371491388166,818897,993477,0.8242737375903015,36620.3813673799,37704.03019145688,➡️,2025-11-22 01:07:04
001060,JW중외제약,KOSPI,536973.9703944924,33.47371822653827,47.31977649365424,0.7073938362964842,156016,489121,0.31897219706371227,59020.68030544489,58727.030243905974,➡️,2025-11-22 01:07:04
000670,영풍,KOSPI,569408.7816824712,24.161201515984192,25.941022346361915,0.9313897190860971,341942,460837,0.7420020527865601,45463.54758029077,46322.37600825505,➡️,2025-11-22 01:07:04
001340,PKC,KOSPI,315656.73033594334,38.21485962882625,25.519302547569065,1.4974884034386176,122499,770070,0.15907514901242745,79791.18084104102,83138.2852162501,⬇️,2025-11-22 01:07:04
000180,성창기업지주,KOSPI,687983.0170800819,21.971840761925005,14.073139238921073,1.5612608096109117,357308,34329,10.408342800547642,88256.47807904592,88384.99605197133,➡️,2025-11-22 01:07:04
005110,한창,KOSPI,736692.1177205188,60.66169092836904,48.55101860364941,1.2494421883006448,501438,454215,1.103966183415343,27940.781509785207,27126.319595633646,⬆️,2025-11-22 01:07:04
004450,삼화왕관,KOSPI,39302.4223213478,1.9330947491328805,48.67610430137049,0.03971342359619468,296546,62611,4.736324288064398,27906.926141275464,29225.118836532605,⬇️,2025-11-22 01:07:04
000040,KR모터스,KOSPI,651176.4788600471,52.9832872321667,5.0713441990827315,10.447582564352453,645946,917128,0.70431390165822,49829.70814467659,51889.9501952188,⬇️,2025-11-22 01:07:04
002240,고려제강,KOSPI,292055.8109269941,81.78170520096634,15.330195889643047,5.334681030150266,416680,75177,5.542652673024994,10397.353437222762,9929.058792203268,⬆️,2025-11-22 01:07:04
004100,태양금속공업,KOSPI,135250.739904529,82.5956670428127,35.622502146494476,2.318637436055029,620212,785358,0.7897188288653073,80507.38127365647,81922.71322818947,➡️,2025-11-22 01:07:04
002820,SUN&L,KOSPI,626116.9141211401,92.23363285456195,2.1589433125809596,42.72165569011587,701299,110550,6.343726820443238,52743.519252323626,52768.61473761843,➡️,2025-11-22 01:07:04
004840,DRB동일,KOSPI,772616.6439115276,68.14834816117857,21.859760834055116,3.117524874975343,925144,150027,6.166516693661808,30915.481471524523,32179.404172649898,⬇️,2025-11-22 01:07:04
002350,넥센타이어,KOSPI,807353.4109586496,16.62050811828254,6.030476860605918,2.756085215558323,723800,600216,1.205899209617871,60332.501234219526,62985.552558404124,⬇️,2025-11-22 01:07:04
004060,SG세계물산,KOSPI,199271.95017471263,86.06835523824941,24.052725762066963,3.5783202323782346,154848,603006,0.2567934647416444,88538.29729712712,90808.91468908616,➡️,2025-11-22 01:07:04
004000,롯데정밀화학,KOSPI,263874.76280467806,99.77804774326816,43.906126116520404,2.272531342857985,711016,154421,4.604399660667914,75511.43812110716,75111.20586873619,➡️,2025-11-22 01:07:04
000020,동화약품,KOSPI,256675.67448638476,78.5049924371413,36.42931452848329,2.154995048719897,979574,949675,1.0314834022165478,6595.428658440734,6695.72707156429,➡️,2025-11-22 01:07:04
000210,DL,KOSPI,495305.0770462016,89.93171545313771,27.388618214575146,3.28354335909066,856973,303138,2.827006182002916,52670.772581231126,51081.888210402605,⬆️,2025-11-22 01:07:04
001120,LX인터내셔널,KOSPI,101205.39545359982,60.65604559182547,9.432706104077317,6.430397059186091,120983,895742,0.1350645610008239,66103.12043951685,62995.41272933956,⬆️,2025-11-22 01:07:04
002720,국제약품,KOSPI,121309.06188421186,25.357833704318836,39.72348427727059,0.6383587483746573,460611,101054,4.558067963662992,19530.073852617606,19169.331363969366,➡️,2025-11-22 01:07:04
003240,태광산업,KOSPI,762146.1346440965,45.4009968078714,18.554029566365603,2.4469615425305498,12710,674830,0.01883437310137368,6477.190340483374,6460.360411058146,➡️,2025-11-22 01:07:04
005030,부산주공,KOSPI,849177.804554815,18.367241151729544,17.232869573358283,1.0658260409586677,104655,487580,0.2146416998236187,23254.898323667538,24208.204573077885,⬇️,2025-11-22 01:07:04
000590,CS홀딩스,KOSPI,274616.35304007196,39.152699544118576,45.857860145607724,0.8537838316005382,146572,446699,0.3281225165044023,33119.68354117449,32852.31853300222,➡️,2025-11-22 01:07:04
000990,DB하이텍,KOSPI,753763.6956411792,70.69969167435906,33.40925331377642,2.116170960492727,437594,239897,1.8240911724615148,68104.65693083667,67021.48434891277,➡️,2025-11-22 01:07:04
006570,대림통상,KOSPI,242039.69129524194,78.4188765388386,43.216759270422244,1.8145478250265021,866135,528003,1.6403978765272167,96120.76476264007,94844.36899275823,➡️,2025-11-22 01:07:04
000220,유유제약,KOSPI,717476.4220624473,52.61599679842514,22.900313305920054,2.2976103468777938,765696,271341,2.8218956958218624,66470.73532438517,63610.788868909,⬆️,2025-11-22 01:07:04
000860,강남제비스코,KOSPI,109408.16220467386,73.03736526041311,18.495705611598623,3.9488823402666786,894987,581963,1.5378761192721875,40091.15652578322,42056.05905676961,⬇️,2025-11-22 01:07:04
003540,대신증권,KOSPI,989721.7070155828,82.47286047159926,9.940917881081813,8.296302359417963,315066,681835,0.46208540189341996,36919.32181186735,36584.20457297167,➡️,2025-11-22 01:07:04
005940,NH투자증권,KOSPI,349623.9509468059,1.732554465149467,30.176597397685768,0.05741384432170395,487625,483274,1.0090031741827616,57841.84844209841,55265.482752657896,⬆️,2025-11-22 01:07:04
006800,미래에셋증권,KOSPI,343217.1125742965,73.23594526660608,12.790647496234119,5.725741819416768,800921,664338,1.2055926350743147,74549.9185812759,71642.8410764164,⬆️,2025-11-22 01:07:04
002700,신일전자,KOSPI,767143.9915929864,75.60345484384098,39.59375705603578,1.9094791822064734,369399,918045,0.40237570053755534,43475.64536160509,43440.120392477176,➡️,2025-11-22 01:07:04
001360,삼성제약,KOSPI,398444.64081068634,79.6619069028189,46.900970061497844,1.6985129902081773,670994,413591,1.6223612215933132,43239.39362227795,41178.87809257062,⬆️,2025-11-22 01:07:04
000810,삼성화재해상보험,KOSPI,84383.3802888066,5.701993223930422,30.336338050352115,0.18795917999286135,602103,492801,1.2217974395344164,19593.01604981235,20434.144131619218,⬇️,2025-11-22 01:07:04
003230,삼양식품,KOSPI,652261.0922778286,80.71056059163966,11.868216883384221,6.800563335224883,941905,751447,1.253455000818421,13274.839277939525,13400.8466275691,➡️,2025-11-22 01:07:04
000370,한화손해보험,KOSPI,350100.9564308977,68.38856284134697,40.88086828771539,1.6728745182229308,412462,659426,0.6254864078759406,17645.38009331989,17811.04115544673,➡️,2025-11-22 01:07:04
008260,NI스틸,KOSPI,270637.15930730867,64.46275167346131,26.706179649561225,2.413776605989409,883118,987798,0.8940269164343317,9702.787399567247,9242.787096323265,⬆️,2025-11-22 01:07:04
000230,일동홀딩스,KOSPI,886921.2286869903,49.6949930163321,17.380236398928893,2.8592817655457607,385458,400582,0.9622449336215806,11533.438794966696,11279.334603316247,➡️,2025-11-22 01:07:04
000490,대동,KOSPI,806779.7856630093,22.32873826139699,35.16407249461276,0.6349872661881759,412297,719983,0.5726482430835172,61272.47277765499,63464.327634335445,⬇️,2025-11-22 01:07:04
001800,오리온홀딩스,KOSPI,585266.8021992117,62.36977909286999,42.71561759510674,1.460116524219814,581470,789620,0.736392188647704,28329.07093550222,29579.666592285394,⬇️,2025-11-22 01:07:04
004540,깨끗한나라,KOSPI,885716.8087824216,12.159647575065103,32.89113420453315,0.36969377521159563,706313,77711,9.088970673392442,36416.691634779825,36172.73654800063,➡️,2025-11-22 01:07:04
001420,태원물산,KOSPI,563428.7950860908,29.813099337881564,25.7691430536114,1.1569301810253028,319438,819807,0.38965024694836714,73237.6471617093,75517.33838209581,⬇️,2025-11-22 01:07:04
002020,코오롱,KOSPI,336622.8846410925,41.29888782850633,30.45528557934067,1.356049928375041,466562,867524,0.537808752265067,85699.8960839451,86905.09965119905,➡️,2025-11-22 01:07:04
005930,삼성전자,KOSPI,587740.9565193804,46.87469898751806,37.773027058325034,1.2409569112673762,193746,774432,0.2501781951159043,81757.51921345992,85720.4899499865,⬇️,2025-11-22 01:07:04
000300,DH오토넥스,KOSPI,18833.088855427453,25.61315684961932,34.436744399598446,0.74377404996269,678580,560479,1.210714406784197,99824.96494984518,101412.37098884629,➡️,2025-11-22 01:07:04
001460,BYC,KOSPI,999134.1297962711,95.06341094116168,14.666951719509312,6.481470230430544,939772,518508,1.8124541954993945,48201.04572714798,47480.62135623452,➡️,2025-11-22 01:07:04
003620,KG모빌리티,KOSPI,482252.3477681045,20.743995520212767,18.103716890873418,1.1458417984138045,617093,601530,1.0258723588183465,18312.650773052108,18784.149118040285,➡️,2025-11-22 01:07:04
005610,SPC삼립,KOSPI,383664.6536990394,80.88178930671039,5.597789303001148,14.44888060780479,941612,829121,1.135675010040754,5500.6313816160255,5599.391376195366,➡️,2025-11-22 01:07:04
000540,흥국화재,KOSPI,130368.78363978327,13.48070521933562,39.908270600637536,0.3377922675286327,71160,594047,0.11978850158320806,80030.82427158981,83584.77497608878,⬇️,2025-11-22 01:07:04
007570,일양약품,KOSPI,850058.0478945598,32.61445280327557,9.055232685590406,3.6017244322362867,395303,937555,0.4216317976012074,58148.07933637593,58365.47003630886,➡️,2025-11-22 01:07:04
002320,한진,KOSPI,795480.1148746626,22.942069870114405,21.98149260952721,1.0436993646268982,220378,445188,0.49502232764584847,47529.31416376365,46497.914147236515,➡️,2025-11-22 01:07:04
002200,한국수출포장공업,KOSPI,775241.8156523248,95.36537447301222,1.8639267842315674,51.163691234968795,393080,110548,3.5557404928175997,68326.25923309245,65228.936117968035,⬆️,2025-11-22 01:07:04
005380,현대자동차,KOSPI,487141.89957917115,79.47995554781072,18.769171755438766,4.234601109917368,783865,463807,1.6900672046778078,66706.16498792008,66181.43387830601,➡️,2025-11-22 01:07:04
005360,모나미,KOSPI,407478.88974214235,53.760391804304646,43.492824751500876,1.2360749643525843,246785,521743,0.4730010752420253,40212.61159656053,41688.18738822689,⬇️,2025-11-22 01:07:04
009830,한화솔루션,KOSPI,564664.7821022846,41.791159005283625,41.12819877801688,1.0161193596355864,108940,209604,0.5197419896566859,63126.42784881167,62896.223709148995,➡️,2025-11-22 01:07:04
002030,아세아,KOSPI,924316.5773245923,23.730066355104498,46.38305558559328,0.5116106745342394,854311,984342,0.8679005873974696,59474.89665887702,57431.920780238615,⬆️,2025-11-22 01:07:04
006380,카프로,KOSPI,11430.40084483097,43.697507506796306,48.87768281239022,0.8940175759665766,835660,761296,1.0976807969567686,61149.45665423594,63282.971022524805,⬇️,2025-11-22 01:07:04
004990,롯데지주,KOSPI,99564.8774371886,32.34620150005426,27.277795717103274,1.1858070144492314,608495,857570,0.7095572373100738,45180.83642531882,43683.89092061547,⬆️,2025-11-22 01:07:04
001070,대한방직,KOSPI,580498.6762287052,0.7076112946291279,23.152851000279927,0.030562598732249976,675563,349172,1.9347570824693847,25247.85361770011,25505.854571633696,➡️,2025-11-22 01:07:04
004410,서울식품공업,KOSPI,313595.5299865532,8.568505625034849,2.829180738481716,3.0286172631138264,677681,649101,1.044030127822943,67736.70396723568,65578.33067044415,⬆️,2025-11-22 01:07:04
003560,아이에이치큐,KOSPI,868722.4481701769,73.96915439515102,41.98071178447109,1.7619795199021053,692645,543298,1.2748896554009033,84280.80852824968,81825.00581719511,⬆️,2025-11-22 01:07:04
000680,LS네트웍스,KOSPI,773567.7794201388,69.19672064656295,12.678370012166107,5.4578562212778206,74556,858965,0.08679748301735228,68707.4385678639,66599.11650870628,⬆️,2025-11-22 01:07:04
001210,금호전기,KOSPI,308291.09475283494,28.01766804704509,22.908904054007298,1.2230034217697179,113293,419443,0.2701034467138562,13766.003706938853,13799.12088699382,➡️,2025-11-22 01:07:04
000140,하이트진로홀딩스,KOSPI,992017.5829075304,19.453821789169844,41.413914194580755,0.46974120093472077,528884,623343,0.8484638473520999,59647.88871792766,56732.46110247284,⬆️,2025-11-22 01:07:04
000320,노루홀딩스,KOSPI,593975.7328984168,39.69849886429841,31.1301144237516,1.2752442321255755,332470,232541,1.4297263708335304,6609.483192875089,6681.4430520232045,➡️,2025-11-22 01:07:04
000270,기아,KOSPI,106238.5392329108,38.27374754323154,25.517089239411405,1.4999260763691398,334442,377554,0.8858123606159649,96307.90968398452,95255.0256301201,➡️,2025-11-22 01:07:04
004800,효성,KOSPI,87844.41805025176,84.70290442245778,7.9102587478438755,10.707981511419652,855900,679292,1.2599883408018937,73471.63206299975,75233.67166534987,➡️,2025-11-22 01:07:04
001040,CJ,KOSPI,30607.31041544805,94.05496660499949,46.658983823057305,2.015795435273082,512376,601730,0.8515048277466638,92612.73968704352,89425.69539494063,⬆️,2025-11-22 01:07:04
000150,두산,KOSPI,931948.1724133363,26.696695371220052,29.826405754735035,0.8950691407724133,188568,279717,0.6741385042739626,84943.42092352241,86446.7044902615,➡️,2025-11-22 01:07:04
005010,휴스틸,KOSPI,57015.87804151671,86.48731221330402,48.98186098729172,1.7657008221011252,216168,704517,0.3068314888072254,52773.69288004415,53252.47041737583,➡️,2025-11-22 01:07:04
005830,DB손해보험,KOSPI,435549.8194052566,24.34009399727901,42.55855075711127,0.571920179711757,458828,366346,1.252444410475343,28925.306809661666,29199.31830251812,➡️,2025-11-22 01:07:04
002900,TYM,KOSPI,869904.773119549,42.937385131961506,29.37137332579525,1.4618787026295423,196757,144677,1.3599742875508891,70112.41448669106,73400.42957324842,⬇️,2025-11-22 01:07:04
003090,대웅,KOSPI,909530.1912017483,66.58058604711105,10.38569459781488,6.410797604343133,477550,924947,0.516299852856434,5556.51091000485,5310.170943188035,⬆️,2025-11-22 01:07:04
003780,진양산업,KOSPI,877289.5928991586,49.33343832268892,47.65765851921582,1.0351628648058195,911227,854020,1.0669855506896795,78949.6371789406,79935.8262367459,➡️,2025-11-22 01:07:04
003520,영진약품,KOSPI,638679.162934361,23.497329374989373,24.823845759717475,0.9465628171570142,205592,67136,3.0623212583412776,1106.1266981765862,1146.3444647633696,⬇️,2025-11-22 01:07:04
002380,케이씨씨,KOSPI,299540.1416613802,97.76073141541579,13.201707288549681,7.405158232845173,474420,279611,1.6967143638841105,39545.423428180125,39610.966490791405,➡️,2025-11-22 01:07:04
005300,롯데칠성음료,KOSPI,801111.631837423,95.9038264164259,31.170968733849982,3.0767034298898626,671857,421399,1.5943488237988226,17785.4896949255,17464.668044304042,➡️,2025-11-22 01:07:04
003200,일신방직,KOSPI,934394.863069474,29.770367033246163,14.062623714339658,2.1169852538178433,440174,861317,0.511047616615021,99466.75327820031,97835.25740458447,➡️,2025-11-22 01:07:04
002790,아모레퍼시픽홀딩스,KOSPI,609564.181043519,33.10070117279513,41.67731284223488,0.7942138999722553,545433,15077,36.176493997479604,71093.04617719691,68885.23645471019,⬆️,2025-11-22 01:07:04
006220,제주은행,KOSPI,210529.05481026217,64.59288147429058,11.025362887191827,5.85857192504096,419692,480389,0.8736503125591968,10648.28824011796,10686.441638763266,➡️,2025-11-22 01:07:04
004150,한솔홀딩스,KOSPI,146996.3792661468,26.1630169726135,2.6556552354219827,9.851812322489296,29779,230983,0.12892290774645754,47422.35868636817,46468.02074442745,➡️,2025-11-22 01:07:04
007210,벽산,KOSPI,289694.2382618348,72.22371875392089,19.915888619990913,3.6264371694379283,694321,494972,1.4027480342322394,18658.446738100858,18690.877349306444,➡️,2025-11-22 01:07:04
000400,롯데손해보험,KOSPI,714393.7610827187,73.65290428413994,27.339337628640383,2.694026654361296,331143,526197,0.6293137361102401,91478.51193554756,91200.83487242194,➡️,2025-11-22 01:07:04
001130,대한제분,KOSPI,290110.5162089519,69.31076756011403,9.732117335378245,7.121859012956529,76054,748577,0.10159809879277616,29259.917919958894,29122.804386684315,➡️,2025-11-22 01:07:04
001680,대상,KOSPI,420857.522572963,94.06520571946677,49.59952086153745,1.8964942419919781,845327,951575,0.8883451120510732,99272.67619214923,97921.47112604826,➡️,2025-11-22 01:07:04
003550,LG,KOSPI,153221.89780090118,29.912914079164242,14.809860201733803,2.019797194011481,369061,641488,0.5753201930511561,70553.88124151123,68969.27403700957,➡️,2025-11-22 01:07:04
000640,동아쏘시오홀딩스,KOSPI,287509.845344918,94.0273547240502,19.50431555329198,4.820848722793559,523205,459026,1.1398156095733138,29180.104677910276,29473.756881015874,➡️,2025-11-22 01:07:04
003690,코리안리,KOSPI,45836.54111339382,53.05836257748721,38.99482174963818,1.360651496707496,739035,773985,0.9548440861257002,42641.70790240623,42435.25468838044,➡️,2025-11-22 01:07:04
000970,한국주철관공업,KOSPI,560903.69223127,55.66326346017775,26.1879165267339,2.125532338678183,930128,501925,1.8531214822931712,34827.49655518726,35333.093383532985,➡️,2025-11-22 01:07:04
003300,한일홀딩스,KOSPI,791985.3670966369,40.83004808196069,41.082196713325224,0.9938623381528489,738034,722601,1.021357568007794,88719.1282537932,86781.78148629062,➡️,2025-11-22 01:07:04
004250,엔피씨,KOSPI,367073.8369999861,53.57303092381328,19.243257181912078,2.783989758977491,892084,222409,4.011006748827611,22278.824316686372,22591.91287625734,➡️,2025-11-22 01:07:04
003030,세아제강지주,KOSPI,795089.0668607703,90.74899904716708,5.4390916124366235,16.684587338015625,907591,363436,2.4972512354307224,85263.17599138591,85199.17984428692,➡️,2025-11-22 01:07:04
001440,대한전선,KOSPI,406113.5798388508,26.578440468177607,1.8471313422808786,14.389036588680241,655843,995955,0.6585066594374244,90288.21362872267,91302.4831426507,➡️,2025-11-22 01:07:04
001790,대한제당,KOSPI,723499.2862609916,0.9324662213130296,49.31158374847451,0.01890967903341527,354690,676014,0.5246784829899972,90620.8948794383,90419.99285347461,➡️,2025-11-22 01:07:04
000070,삼양홀딩스,KOSPI,567499.428635576,18.486081896918577,7.240139736303807,2.553276949093248,320197,310157,1.0323707025796613,24542.936907356474,23614.81484935635,⬆️,2025-11-22 01:07:04
002420,세기상사,KOSPI,533525.1016642532,53.19130462163171,24.504808529643007,2.1706476325773854,89855,466874,0.19246092093369946,21132.486642754164,20294.4546701822,⬆️,2025-11-22 01:07:04
000240,한국앤컴퍼니,KOSPI,384025.9249705879,59.3713565560085,16.90908790165846,3.5112098831886316,216599,871867,0.24843124008593054,99133.56061984303,98046.16387508549,➡️,2025-11-22 01:07:04
000950,전방,KOSPI,949644.765238842,26.029345773360777,19.653830594749667,1.3243904615884023,112564,797371,0.14116891635135967,62907.28031444793,65096.61635702189,⬇️,2025-11-22 01:07:04
003490,대한항공,KOSPI,467455.74154127145,6.626692027141332,4.799403921859334,1.3807323023926876,26360,41109,0.6412221168114038,52199.46239914425,54180.47476365336,⬇️,2025-11-22 01:07:04
001530,디아이동일,KOSPI,118354.27260121363,61.767926566530974,23.60486853809049,2.6167452052045057,677918,149236,4.542590259722855,14733.738197905494,14648.51070309187,➡️,2025-11-22 01:07:04
000100,유한양행,KOSPI,585006.3125795504,67.08233603108775,37.77909926450332,1.7756467818733124,782709,513865,1.5231802127017797,40868.89570669966,40248.553951794405,➡️,2025-11-22 01:07:04
000120,CJ대한통운,KOSPI,57455.150644846835,49.7275822237605,26.40600772422331,1.883191989607098,541186,624796,0.8661803212568583,59397.2095708989,58809.89405870999,➡️,2025-11-22 01:07:04
000050,경방,KOSPI,317590.52813726355,83.50046091413562,10.403192074040941,8.026426919723429,413056,696708,0.5928681743284131,74792.2572596848,71659.03580933857,⬆️,2025-11-22 01:07:04
000700,유수홀딩스,KOSPI,85942.29199819855,37.37813509450524,29.802254329546546,1.2542049564837052,218480,842235,0.2594050354117319,14006.818578645607,13459.932426134506,⬆️,2025-11-22 01:07:04
003480,한진중공업홀딩스,KOSPI,115835.05130388543,28.318287893447696,45.35281674175418,0.6243997601008185,709628,665369,1.066517977242703,1895.8982609338598,1912.7315045647144,➡️,2025-11-22 01:07:04
